id,content,article_id,score,new_label
21602375,"i ja se idem raspravljati sa znanstvenicima sa 24 sata lol ae nazad u skolske klupe, izgleda da ste prije rata zavrsili osnovnu. ""A pošto je stalno u mraku ju nazivamo ""tamnom"" stranom. "" hahah lol pod stalnim mrakom ti je jedino mozda mozak, ne postoji 1% mjeseca koji je stalno pod mrakom, ljudi ne vide okom odredeni postotak mjeseca, ne znaci da ga sunce u nekom trenutku ne obasjava, sto je manje od 50%. To sto vi prvo ne znate engleski jezik, (necu ni pricati o prevodenju na Rvacki) , a onda ne znate ni jednostavne znanstvene podatke nije moj problem stvarno. Matorog konja ne mozes nauciti nove trikove, a to se bome iz prilozenog moze vidjeti. Zivili matorci, ja odjavljujem program ;) ",607370,-1,1
21628864,"Ovaj nema pojma ovo trenutno je igrokaz da se zabave Grmoja i ini prava stvar su zakoni pred božić doneseni poslovi oko ŠUMA; POLJOPRIVREDNOG zemljišta, kupovina aviona ugovor o gradnji željeznica potpisan sa kinezima itd a bandić je preuzeo taj dio na sebe da se poljepite kao muhe na drek. ",608014,-1,0
21610515,Matan sve rastura ko zvečku  :D,607624,-1,0
21610862,"Ministar Milan Kujundžić je trenutno svetac zastitnik svih uhljeba koji su naplavili nase zdravstvene sluzbe i sisu novac koji se mogao potrositi na puno korisnije stvari. Npr, za koju magnetsku rezonancu vise ili neki drugi nuzni dijagnosticki uređaj. Ministar Milan Kujundžić je trenutno svetac zastitnik svih onih kojima nesredenjeno stanje u zdravstvu dozvoljava da nastave po starom i da kroz netransparentne namjestene nabave trpaju novac u vlastiti dzep, smanjujuci kolicinu novca zbilja raspolozivu za  medicinsko osoblje i zdravlje građana, sto opet rezultira manjkovima, manjim placama medicinskim sestrama i preopterecenim doktorima. I listama cekanja od vise od godinu dana.  Milan Kujundžić  zastitnik neracionalnosti i sveopceg gomilanja dugova, kao rjesenje nam nudi povecanje trosarina, kojima bi samo dodatno dokapao novac u taj šuplji sustav koji 30% svega uplaćenog novca propušta da iscuri sa strane , a da ga hrvatski pacijenti ne koriste.  ",607588,-1,0
21612527,"I ovaj ministar je teški obraz, kad javno ne govori istinu i gleda novinare u oči! A, djelovao je nekako pošteno! Nakon toliko godina vladavine HDZ-a u RH on ima obraza uspoređivati HDZ sa SDP-om i tvrditi da je u doba vladavine SDP-a bila najveća korupcija u hrvatskom društvu!?! Za ne povjerovati, kakvim se dječjim smicalicama i izmišljotinama služe ovi visoko školovani stručnjaci (doktor ekonomskih nauka), kad ih pritisneš dokazima o korupciji kojom se upravo većinska HDZ vlada koristi da bi osigurala većinu u Hrvatskom Saboru umjesto da se bori protiv korupcije! ",607630,-1,0
21613739,"""Ne mogu pronaci sve dijelove""...Eto kad sumari i konobari dogovaraju poslove... ",607687,-1,1
21614781,".kako te nije sram sada sr...., prisjeti se sto si sve o njemu pisao. pstm",607704,-1,1
21617511,Pa naravno .Napustila i Petir i Kožić pa kaj je i za to Bandić kriv ne volim ga ali kaj je.,607765,-1,0
21620438,Kod puno ljudi prije da je surova istina nego vic aj bok,607817,-1,0
21620662,biće slaviš po julijanskom kalendaru a glumiš velku rvatinu...,607817,-1,1
21621055,Nisu novi dobija ih od rodaka iz bosne ..30ak godina su stari mogu jos toliko izdrzat ak se nekoriste i ako su dobro skladisteni...i od dudlovog drveta su ,607655,-1,0
21628136,"Za svr**ti, kad ih vidiš. ",608002,-1,1
21629095,"Ja sam CD-om izliječio sinuse,ni medicina nije mogla. Prije svakog obroka uzimam Ocean  21,pola tablete cinka i magnezija, te liposomalni vitamin C.Nisam 5 god. imao prehladu kamoli gripu, bez ikakvog cijepljenja.",608020,-1,0
21723494,"""Branko Bacic, saborski zastupnik i bivši glavni tajnik HDZ-a, pravi je velemajstor u mužnji državnog proracuna. Po raznim osnovama, ovaj je zastupnik samo u veljaci porezne obveznike koštao 46.891 kunu, cime je na prvom mjestu medu svim zastupnicima, otkriva list 24 sata.

Zanimljivo je da Bacic pritom nije propustio naplatiti i 3000 kuna za najam stana u Zagrebu premda je u imovinskoj kartici prijavio da ima stan u Zagrebu od 42 cetvorna metra. Doduše, prošle godine ga je prodao i kupio veci, od 64 kvadrata. Zašto i ne bi kad solidno zaraduje.""",609953,-1,0
21629168,"24sata pljuje po pernaru  i smije se iz vitamina C, a i sami ste imali nekolicinu clanaka na tu temu kao sto su npr: Što odabrati: svježi limun ili suplemente vitamina C?

Pročitajte više na: https://www.24sata.hr/pametnakunaa/sto-odabrati-svjezi-limun-ili-suplemente-vitamina-c-280037 - 24sata.hr Vitamin C ubija tuberkulozu otpornu na poznate antibiotike

Pročitajte više na: https://www.24sata.hr/lifestyle/vitamin-c-ubija-tuberkulozu-otpornu-na-poznate-antibiotike-316053 - 24sata.hr   Vitamin C za 275 kuna i onaj za 15 podjednako su kvalitetni

Pročitajte više na: https://www.24sata.hr/lifestyle/vitamin-c-za-275-kuna-i-onaj-za-15-podjednako-su-kvalitetni-501115 - 24sata.hr",608020,-1,1
21629204,HDZ je s Svetim Franjom Tuđmanom stvorijo Hrvatsku!!!!!!! Ja i moja Obitelj smo im zahvalni dok smo živi!!!!!! Jel ti jasno!!!!!!!!!!!!!!!!!!!!!!!!!!!!,608020,-1,0
21629219,"Ako Pernar nije prešišao gornju granicu za unos C vitamina u organizam, ne znam što je sporno u njegovoj objavi. Svi znamo da se kod prehlade i gripe preporuča i limun i još dodatno C vitamin. Mislim da ga sada ima za kupiti i sa cinkom. I čaj od šipka koji ima vitamin C koji se ne uništava kuhanjem. Ima i ona knjiga od Linusa Paulinga o vitaminu C, ali sve te knjige su za nas obične ljude nekako malo sumnjive jer kako god, običnom čovjeku ipak nedostaje pravog znanja da bi se nešto moglo prosuditi. Jedan od starih lijekova je i kako sam čitala, žličica papra u čašici rakije. Navodno prekine djelovanje virusa u tijelu. E sad, stalno to zaboravim isprobati kad sam prehlađena. ",608020,-1,0
21629358,Ljudi moji kaj ne vidite da je totalno prolupao,607866,-1,1
21629809,"Vrlo brzo, on i sin Steve Culeja biti će saborski zastupnici i određivat će naše sudbine. Pisati će zakone, provoditi ih i suditi nam po njima. Kao i njihovi očevi. Blago nama.",608038,-1,0
21629837,"ima još culeja,saam se prezivaju...đakić...",608038,-1,0
21630405,"Đakić Jr.,Culej Jr.,Korade Jr.,.....nastavi niz..",608038,-1,0
21630455,titin general sa svojom udbaškom svitom uspio nam je 90. podvaliti veliku srbiju pod hrvatsku državu. to je mit veći čak i od jasenovca. posljedica toga je i ova slika,608038,-1,0
21630907,ja upoznala i pernara i sinčića..... dakle rađe bi vlast dala mojoj kćeri koja je osoba sa smetnjama u razvoju nego njima..... ,608014,-1,1
21631048,Za pametnu glavicu eto ti minus,608058,-1,1
21610297,"mamoj 70: ugradimo od trabanta motor i ostalo, i pici!",607511,-1,0
21609835,Ma sve čisto... sveta vodica.,607586,-1,0
21609063,ipak nema nista jadnije neg' kad adeze domoljubi brane lopovluk i uništavanje države ,607540,-1,1
21606199,"za komunističkim, kao i za zapadnim antifašistima 1945.g. ostao je kravvi trag bestijalnog iživljavanja na civilima, no nizakime takav kao kod jugoslovenskih antifašista koje je predstavljao najgori od najgorih major politkomesar JA na privremenom radu u slovenskim jamama. isti nam je taj politkomesar sada u činu generala došao na vlast i 90. zato je njegovo čedo (hrvatska) koje nam je podario mrtvorođenče jer ga je neuk i indoktrinacijom prestrašen hrvatski narod na smrt zatukao od straha pred bogom i istinom",607315,-1,1
21620828,"Pa napisao sam ti prije mjesec-dva, da sam promjenio neka svoja razmišljanja.Zadovoljan?",607479,-1,0
21625220,To mu je napravila 201 familija koja nije usla u onih 200 bogatih familija ali ljepo pasu srp i čekić STA fali ,607913,-1,0
21628443,Al bejha ti je sad četvrtina Hrvatske...eto pa oni to čitaju...,607998,-1,0
21642992,"Kad su mogli oslobodi idiota od Horvatinčića,još i poricao da nije kriv.Zašto bi našega Tonija kaznili.",608300,-1,1
21671524,"nn2, evo ti copy paste iz zakona: ""Paying for sexual services of a person. 64A.—(1) A person (A) commits an offence if A obtains sexual services from a person (B)in exchange for payment— 
(a)if the payment is made or promised by A; or (b)if the payment is made or promised by a third party and A knows or believes that the payment is made or promised by a third party.""",608782,-1,1
21589424,Haljina odlicna za oribat pod....horor!,607106,-1,0
21590110,"ifrit, ti si mali bedak. Dobro i zlo ne postoji. Postoje samo naša tumačenja. I djelovanja u skladu s istim. ""dobro"" uvijek pobjeđuje jer evolucija to zahtijeva. ""zlo "" 
je evolucijsko slijepo crijevo i tko tamo zavrsi za njega budučnost ne postoji.",607123,-1,1
21598298,Pda  neka ni oni koji vole deckice ne idu u svecenike licemjeri i bolesnici sta papa kakas bzvze u svojim redovima imas gnjusa i previse,607297,-1,1
21606212,Sto ti zelis? Da mi se place?😧,602498,-1,0
21653034,soroš ljudi gušteri ilaminati,608231,-1,0
21605199,A novinari danima pisu i pisu i pisu i pisu.......,607489,-1,0
21588813,Koliko moraš biti pametan da si sam daš nick yugonostalgičar,607095,-1,0
21589409,..uhljebi i ušupci...ha..ha...,607095,-1,1
21591334,"Kormlar, iistina izlazi na vidjelo i ne možeš je spriječiti. Uskoro će se i javno pljuvat po naj većem, u znanoj i neznanoj povijesti zločincu i zatorniku hrvatskog roda titiju.",607068,-1,1
21596694,"Hmm
A ja mislio da su za stanje u drzavi odgovorni oni na vlasti, HDZ, HNS, pokoja lopina utekla u Bosnu i Hercegovinu i neosudeni bivsi HDZ Sanader, Mamici, ...pokoji slobodni strijelac Nadan, Horvatincic i slicni, .
Uf kako zivim u zabludi.",607184,-1,1
21599275,"@Demetra, @Željko Kako komentirate ovo?
MINISTAR financija Zdravko Marić izjavio je kako su s posljednjim danom prošle godine plaćena protestirana državna jamstva za Uljanik u iznosu od oko 2,5 milijarde kuna, ali kako zbog toga nije došlo ni do kakve ugroze javnih financija. 

""Sa zadnjim danom godine platili smo upravo onoliko koliko smo već u prvotnoj fazi najavljivali, a to je razina od oko 2,5 milijarde kuna. To je samo glavnica, postoje određene kamate koje također moramo servisirati, a onda ostaje dio za koji očekujemo da ćemo biti u obvezi platiti ove godine"", rekao je Marić odgovarajući ispred Banskih dvora na novinarske upite o obvezama po državnim jamstvima za pulski Uljanik. ",607200,-1,0
21602317,"a zašto vam je satrapija propala kad je bila tako dobra? čim je krvavi bravar rikno odmah je šuga bankrotirala, jel to znači da se za genocidaševog života nije smjeo obznanit bankrot? krvavi je bravar godišnje trošio proračun crne gore, a narod živo na neradu i zato ga obožavaju samo neuki i ulizice.. ",607315,-1,1
21605294,"Oporbenjaci samo znaju govoriti: šuti. E pa ne ide to tako, tko će slušati klempave koji nam govore šuti? ",607432,-1,0
21605376,"Svaka cast iznimkama, ali vecina je kao minhenska bojna se samo slikala  na sigurnom mijestu.Ne mogu svi bit generali a kad je drzava u ratu i napadnuta, duznosi svakog gradana je da se stavi na raspolaganje zapovijednicima obrane drzave tj vojno sposobnih isto kao onih koji nisu vojno sposobni ne se sakrivat za vrijeme rata na sigurnom. da je hrvatska izgubila rat svi generali i ostali vojni zapovjednici bi najvise stradali s ti populisti navijaci i huskaci bi  samo promijenili boju kaputa.Istinske branitelje i borce ne  mozes usporedivat bas sa svakim.Gdje su to ti tvoji fakultetski zavrsili fakultete da su njihovi priznatiji nego tih koji su zavrsili visoke vojne skile?",607464,-1,0
21605663,Blokirani Batina: Ne brkati komuniste i komunjare.,607493,-1,0
21606080,"admin jos spava ,,",607493,-1,1
21631077,"Antares, jesi li i ti hdzenjarka? dobar komentar++",608014,-1,1
21598753,pun kufer debila!,607285,0.418662467,1
21671126,Smrade jedan.stavi si ime i prezime mangupe pa onda ovako pričaj.,608850,0.418662022,1
21665556,Brian koje gluposti ti valjase ocito nikad nisi gleda rukomet.,608779,0.41476791,1
21639895,"nemoj becarac, kaznit cete  ;)",607969,0.413870496,0
21634799,"btj kakva ribulja.... teska brutala. Svaka cast Messiu sto odoljeva, znam da ja ne bi mogao . ",608101,0.41329458,1
21647461,"noobcamper, pišeš gluphosti, tako da ti uopće na to nemam što odgovoriti.",608388,0.409556341,0
21603758,Da je kupnja loša ponajmanje bi se Amer uzjogunio....,607433,0.407575279,0
21625218,"Komentirat cu gde hocu.
",607871,0.407195168,0
21671831,Jel neko dojebo gospođu il ostade nako napola ?,608877,0.404820813,1
21595035,Odmotaj paket?,607191,0.399890039,0
21627133,Jel taj dečko jos živ?,607943,0.398734835,0
21602773,Baja a tko bi to triba bit zaduzen za dovođenje igrača?,607380,0.397486398,0
21629758,Debeli krmak šta će...,608038,0.397432032,1
21610222,"dijete od 4 godine jpš uči čitati, tako da baku ni neće pitati. Pišeš gluposti.",607587,0.394107757,0
21668005,Nece grom u koprive !,608500,0.394085236,0
21668080,smrket@ - Blago tebi. Baš se veselimo što si uspjela.,608822,0.392340506,0
21619754,koje gluposti...,607510,0.392138149,0
21609028,Vidi ih kaj lupaju minuse.,607550,0.391723393,0
21656244,Kakav glup naslov..,608487,0.390004974,1
21638844,takoje  nema više  šniclini...jer  i  svinju  su  ubili...,607880,0.388435386,0
21647871,A teskog li debila..,608356,0.387647852,1
21653539,Kud je tamo išao ?,608531,0.387268509,0
21673495,montiram skele i stupne dizalice..,608863,0.386153759,0
21615855,Kaj hoćeš osramotiti čovjeka koji je učinio milosrdno djelo,607730,0.385885487,0
21654558,"Je. Jedva čekamo da nas ti sa svojih 50 eura dođeš najest. Slavio si ti u Zagrebu, i na još nekim mjestima...teško da ćeš više ikad. ",608520,0.385125171,0
21609812,Kaj je nina srpkinja?,607554,0.38475604,0
21599804,Ko bu sad prednje felge povaril ko,607346,0.383868028,0
21591216,mislim da grijesis....ona sa jajima cuda radi...,607115,0.38354281,0
21611802,"Kranksvester tko ti drma kavez? Znači, seks je samo za klince. Ti, onda si ili klinac ili imaš zaista tužan život.",607482,0.382774221,1
21650071,Nit ih vidiš nit ih čuješ a para nema,608432,0.38223285,0
21661180,Mošmisliti @pa nije to sad neka rana kad te cvaknu..nemjerivq sa ranom od carskog,595149,0.382228157,0
21590443,srami se...,607143,0.382164324,0
21681731,Svrsit cu dok citam,608351,0.381673274,1
21643094,Fuj. I tebi i svima koji su ti dali plus.,608263,0.381134896,1
21652525,Koga ovi lažu?!,608529,0.379629324,0
21642587,radmanu i ti si smece bija i osta. necu nikad zaboraviti kako si zloporabija svoj status suca.,608282,0.378700662,1
21604453,Ma da je pao pdv i na 0% nebi nama ni to bilo dobro.,607365,0.378591738,0
21683725,Jel ovaj Saskin jos sa Nikom Fleis ?,609132,0.378509631,0
21652578,kak je onda mamić zbrisal?,608407,0.377957318,0
21622125,"Dobaq
r dan,Rubi nego što naletiće ona još podosta puta.",607593,0.377457044,0
21656509,Bice nismo mi vozili to policija nama namjestila.,608581,0.377245404,0
21622810,Jel to malinois na avataru?,607850,0.376300617,0
21668410,Potjeh...a zasto ti lazes?,608766,0.375878059,0
21655976,"nemojte pisati tko su oni!!!! pazite se, jer udruge NJIH vrebaju!!!!",608581,0.374862893,0
21596699,"Zeljko, ti si čovječe iskompeksiran SDP-om, hajde sjaši, nemam živaca sa tobom raspravljat, prošetaj!",607272,0.374042166,0
21612406,idi se bre leči,607630,0.373914399,1
21591613,"Ti se držiš očito one : "" tko bira, masturbira""",607143,0.373041674,1
21617972,A što bi  sestra da je imao djece? Svatko sa svojom imovinom moźe što żeli,607656,0.372961754,0
21621238,Marin....jel ti to mislis na onog osudjenog dilera i narkomana?,607819,0.372575718,0
21680215,"Jeste li vi ikada vidjeli pi.č.ku i sise.
Svašta",609057,0.372532484,1
21627498,"Nacija kojoj je na listi Tonči Jukić Maja Šuput jelena rozga itd nemaju pravo muzički nikoga osuđivati, a bio sam nedavno u Splitu što se tu sluša, neki se ljudi rostiljaju u grobu",607937,0.000896938,0
21599287,"Pri punoj svijesti, topao i napaljen objavljujem izlazak iz ormara-JA SAM GAY! To je glavni i jedini razlog mog napada na žene, moram reči da koliko volim dečke toliko mi se žene gade! Ovim priznanjem svim ženama se ujedno i i ispričavam! Svi muški iskrenih--TOPLIH namjera neka mi se jave u inbox! PUSICAAA dečkima 💋🌹",607269,0.000768432,0
21625204,"Plenki,Maric i Kolinda zgodni,sposobni i pametni ljudi.",607863,0.000757341,0
21593987,Toliko je dobar da iz godine u godinu ide u sve slabije lige... mislio sam da ce nesto u las palmasu napraviti jer je u to vrijeme las palmas imao odlicnu ekipu ali trener je skuzio kakav je ovo ludak pa ga je na vrijeme prodao. Ove godine je docekao priliku u repki i bio je jedan od najgorih igraca...,607201,0.00058282,0
21667617,To je transić 😂,608820,0.00053113,0
21606302,Kako to nema ga???,607038,0.000488059,0
21678481,"Dajete medijski prostor wanabe ""influencerima"" koji žele zarađivati na svojim objavama, a nažalost IQ im je manji nego sobna temperatura. I onda se pitate zašto svi pišu da su 24 sata najgorje novine u RH? Umjesto da stavljate vijesti o mladim talentima na bilo kojem području ekonomije ili nečega sličnoga - vi podržavate zaradu preko raznih objava kako danas i rade ljudi koji nisu inteligentni ništa drugo postići u životu (nažalost većinom ženski rod i ovi krkani tipa gosp. savršeni gej)",608930,0.000482741,1
21664875,"Provjeri pravila, moze se.",608768,0.000462608,0
21671491,ima 5 tisuca eura placu? a kad svicarci dodju tu na ljetovanje onda im je sve skupo :D,608866,0.000462426,0
21619131,"Trebala je biti jugonostalgičarka, bagro usrana.",607779,0.000455038,1
21614383,"Jebo te i on i Ante Pavelić sve zlotvori,okrenite se budućnosti,gube gubave",607714,0.000445019,1
21653265,"U Hrvatskoj kad bi rekao 100,000 opet bi rekli to nije ništa a svi kukaju kako se ne može živjeti i kako nemaji za kruh.",608463,0.00043813,0
21627679,Onda što je u pitanju 😋,607901,0.00043793,0
21662630,U tim uličicama je dozvoljeno 50 ???? Koliko se sjećam fotke ulica je cca 2 metra široka ......pa 38kmh ?? Tolerantnost suda je bezgranična..........možda utvrde i da se pokojnik uvukao pod auto golemom brzinom ?Očito je kakva presuda treba biti !! .......Produljuju suđenje da prašina padne i  zaborav nastupi.....Pošteno bez daljnjega !!,608644,0.000405764,0
21643680,Jeste vi normalni?,608195,0.00039927,0
21605665,pre bibilo obratno #,607511,0.000399233,0
21622658,Baš tak,607850,0.000397706,0
21592845,Vrabac na grani zna da federer nema hrabrosti igrat zemlju vec godinama jer tamo ima sanse ko messi u nba. Tako da cisto sumnjam da ce ove godine bit drugacije. Eventualno ako misli odigrat zadnju sezonu pa ka za emotivan oprostaj sa pariskon publikon da ispadne u prva 2-3 kola. Al u svakon drugon scenarij nema sanse da zaigra,607172,0.000393527,0
21597674,Balkanska posla.Bolje da nerade bit ce manje rezije a posla nista,607285,0.000391826,0
21670622,nije izmisljena bolest..vidim da si neupucen pa pricas s*anja...ti djecu s ADHD uspoređujes s življom i zlocestijom djecom ..pametnom dosta,608830,0.000385369,1
21628626,"A ne vidi, da neće, nego gnjavi...",607857,0.000381578,0
21615514,"Ljudi dolaze tu da ""ozdrave"", a on umre.. eto ti tragedije",607729,0.00037873,0
21656594,Ubilo ju .Mosad ne zaboravlja.,608464,0.000375136,0
21623061,"Budala će uvijek biti, nek jedu vola sa ražnja briga me ",607802,0.00037222,0
21637283,"Problem je što mali šmrklješa radi bolesne stvari koje je naučio doma. Treba riješiti minimalno njega, a onda i dalje po redu... To je generacija na kojoj bi trebala ostati ova država, trebamo se ozbiljno zapitati",608183,0.000369836,1
21671699,"ma i to ce otici najgori, ima i tih liječnika svakakvih, kad moram ici do njih muka mi,prvo se nacekas dobrano a kad dodes do njih onda te salje tamo vamo, kad ga pitas nesta nece ti reci i samo sljedeci...Pricam za takozvane specijaliste, dok obiteljski pojma nemaju, propise ti sirup ili tablete koje si i sam mogao uzeti u ljekarni.",608866,0.00036758,0
21593053,"Nije svjestan kolko je sreće imao...nogometno znanje 0, samo pon'znost, skromnost i mol'tva. Protiv defenzivno orijentiranih ekipa neće nijednom uzeti 3 boda, eventualno protiv ovih koji budu napadali zabije kojega na sreću ko i španjolcima. ",607193,0.000363658,0
21595013,Boli me k... za srbe i što će s njima biti. Neka se rokaju međusobno.,607218,0.000357178,1
21628202,pa šta se ti dičiš sa Hrvatskom uniformom kad si ti bosanka i ercegovka a ne hrvatica.,608002,0.000352725,0
21600614,"Saučešće, ode večeras i Giga Moravac.",607359,0.000352698,0
21611582,Koliko je ljudi bilo u kontaktu sa zaraženim?,607643,0.000351229,0
21679188,"Da, mislio da će biti prizor kao Paragvajka Riquelme a ono niš'",609057,0.000350143,0
21669084,"Veliki igrač, to nije sporno. Legenda. Sretan rođendan! ",608818,0.000340598,0
21624931,"Meni se zeludac okrene kad procitam njegova laprdanja.. Pravomocno osudjeni postao najveci predicar ""morala"". hahahaaaaaaa zemljo otvori se i povuci ga.. Doci ces i ti na red da zavrsis na sudu nis ne brini za druge, samo prijavljuj.. ",607881,0.00034057,0
21672057,ok.napravi pa da vidimo...;-)),608482,0.000335161,0
21687610,Fenix se strasno razumije u sport.,609201,0.000333151,0
21620162,"pa zar se ne govori stalno da se nogomet igra zbog navijača ? ... nekako mislim, da ih nema , ne bi bilo ni sponzora ni velikih transfera .... nego bi poslije posla žurio na utakmicu pa na ćevape i pivo ... ak pobijede klub časti .... ćevapi ne bi bili umočeni u zlato, samo napominjem",607802,0.000325723,0
21616021,dalmoš...,607438,0.000319732,0
21605240,"Pa da, cice i balonje se pale na nju.",607477,0.000319012,1
21673012,Bravoo.,608892,0.000317341,0
21653086,Bitke ali i RATOVE.. 😉😁,608520,0.000313891,0
21618355,išli  su  u  nabavku  pa  se  posvađali  oko  nabavke...  to  jest   valjda  su  slabo  nabavili  pa  se  posvađali  oko  loše  nabavke...valjda  je  masirao  svoju  bolju  polovicu...jer  u  autu  se  nije  mogao  dovoljno  razmahati...,607754,0.000310591,0
21627137, Cijeli HDZ/SDP/Bandić365/HNS su korumpirani.... ,607959,0.000310391,0
21626199,"Veliki brat itekako voli muljaže, samo ne voli naoružavati nepouzdane i nelojalne partnere.",607922,0.000306792,0
21604727,"Kaze Mazohist „udri me“
Kaze Sadist „necu“",607453,0.000305847,1
21621146,"Ovo je smiješno, jučer ona mala govori da bi željela vratiti vrijema...danas ovi naši nemaju neke šanse, nekvalitetni, spori, prestrašeni...Skijanje je postalo rasipanje novca.",607823,0.000304474,0
21638384,"Pa znamo da je covjek ozenjen iako kaze da nije nista ozbiljno, jbg, nema tu trte mrte😁",607556,0.000302281,0
21643626,i jopet će zeljko reć...sdp i račan su krivi...,608195,0.000298178,0
21626837,Svaka čast.,607953,0.000289858,0
21647599,ciganija se obogatila na racun budala koje ih gledaju,608278,0.000285413,1
