id,content,label,article_id,score
21627375,"Neću govoriti o izgledu, čak ni njezinoj glumi, al ljudi koji očito misle da nezna žena pjevati pričaju nebuloze, pa pobogu ista je nastupala na brojnim mjuziklima, a da ne pričam o eventima... Bar mi je sad jasnije kakvi ljudi slušaju kod nas Bačićku, Rozgu i slične... ",0,607937,-1
21627354,"Izrađujem više od 7 tisuća dolara mjesečno radeći skraćeno radno vrijeme.Čula sam da mi drugi ljudi govore koliko novca mogu zaraditi na internetu, pa sam odlučio da ga pogledam.Pa,počeo sam Raditi i mijenjati se u svom životu.

-------->>> www.WebJob33.Com",1,607934,-1
21723632,InternetRevolucija:financiraju se svi pa zasto onde nebi oni,0,609953,-1
21634400,White trash afričkog porijekla.,1,607994,-1
21673833,Pa ne znam..jel je? :D :D ,0,608517,-1
21622672,Ne vrijedi to za ove sa nizim kvocijentom inteligencije,0,607819,-1
21679588,Jedini porok koji igram vec godinama ali miljama daleko od ovog  velikana,0,608975,-1
21601803,"Nemojte tako eto Janko ocito misli da portal 24 sata usko suraduje sa Kineskom vladom i astronautima pa imaju direktnu vezu sa letjelicom u svemiru, uploadaju im slike na cloud samo da bi clanke pisali i razuvjerili skeptike poput Janka, jer eto to im je najbitnija stvar u istrazivanju svemira i opcenito zivota, samo kako bi Janku i slicnima ""uterali"" hahahaha xD . Janko isto tako ne shvaca koliko je zapravo nebitan u cijeloj toj prici. ",0,607370,-1
21603088,"Izrađujem više od 7 tisuća dolara mjesečno radEći skraćeno radno vrijeme. Čula sam da mi drugi ljudi govore koliko novca mogu zaraditi na internetu, pa sam odlučio da ga pogledam. Započela sam sada i promijenila svoj život.

➨➨➨➨ www.WebJob33.Com",1,607382,-1
21644350,miris lavande je dobar,0,608281,-1
21645048,"hdz i čović slave nestanak hrvata u bih, ipak je on jugoslaven ",0,608363,-1
21629147,Sad bu i njega Beljak prijavil Uskok-u,0,608027,-1
21607649,.....akrobatska i parterska gimnastika....,0,607450,-1
21599806,Siromašni smo mi za takve priče.,0,607322,-1
21621973,"Što su radili proteklih deset godina? Možda bi se jadnica udala i rodila, ali ju kreten zavlačio, to sve govori o njegovom karakteru!",1,607707,-1
21614604,"Nažalost,moram se složiti sa tim da su njih dvoje jedni od rijetkih pismenih ovdje,dok sa druge strane njihovi tekstovi su u 90% slučajeva čista propaganda.",0,607655,-1
21588674,"To ti je nekih 10000kn mjesečno, čisto ostvarljivo!",0,607064,-1
21634060,time još gore.,0,608023,-1
21652145,Al se netko znoji sad...,0,608489,-1
21674845,Duvnjak je igrac manje....,0,608921,-1
21606721,Ili kao Servi 29tke u kutijama i bez akumulatora :)),0,607521,-1
21605190,"Zna se o kome se radi, iseliti kao u nekim zemljama a ne davsti socijalnu pomoc",0,607492,-1
21626152,"Nikad, ozbiljno??? Pa kako je bio general u jugoslaviji ako nije bio komunist?",0,607913,-1
21671782,Meni se čini da je jedino Klopp klasa od trenera od svih ovih samoprozvanih trenerčića koji se smatraju elitom!,0,608861,-1
21619780,"🙄Pa vidi je?! To je pravi Rambo. Da stojim pored nje, nitko me ne bi primjetio😂😂😂 ",0,607713,-1
21611083,"** Admin ** Poštovani, molimo vas isključite CAPS LOCK kao ostali korisnici na portalu. Lp",0,607645,-1
21613154,"Da, odlična serija.",0,607574,-1
21597000,"A koji su kriteriji za najboljeg učitelja? Je li dobar onaj koji djecu podučava liberalnoj, znanstveno neutemeljnoj,  ideologiji? Ili će kriterij za bonus biti članska iskaznica HNSa? A što će biti s onim učiteljima koji ispunjavaju oba kriterija, hoće li dobiti dvostruku nagradu?",0,607281,-1
21606896,"Viki, ja se nasmijala do suza😂😂😂😂😂😂 sorry",0,607038,-1
21614956,Svak ko radi.,0,607721,-1
21602588,I don't care. ,0,607382,-1
21631646,"Radim više od $ 9k mjesečno radeći skraćeno radno vrijeme.Neprestano sam slušao um drugih ljudi, koliko novAca dobivam da to pogledam.Pa,mogu početi i potpuno promijeniti svoj život.

==>>>> www.WebJob33.Com",1,608038,-1
21645175,"Baš to. :) žali Bože ""uloženih"" mil. :)",0,608324,-1
21621746,Ned*o Bog dugog čekanja.,0,607783,-1
21625816,Žalosno da se nabliža obitelj nemože složiti oko nasljedstva i onda to tako na trgičan naćin završava. i zato ću ja svoju imovinu za života na najpošteniji način podjeliti svojoj djeci da se danas sutra ne svađaju.,0,607870,-1
21628358,Spušili smo sramotu.,0,608002,-1
21626868,"Stranka ""Stjepan Kožić""! I što je ta stranka polučila? Kakav joj je program? Očekujem da će svaka ulica oformiti svoju stranku s programom čišćenja snijega, ako se i u tome složi. ",0,607953,-1
21601340,"....vauu...vauu...i mašem repom , čak....;-))))",0,602498,-1
21616544,Kako onda znaš da je odvratan ako nisi ni probao?,1,607451,-1
21592117,Hvala ☺ također ,0,606443,-1
21596454,sad vec polako trćkalicu dobijam od ovakvih vijesti... dosadni ste ! ,0,607247,-1
21595128,"Samo u vezi zavrsenih skola...koju je zavrsio sanader..? Šuker..? Maras..? Marić..? Kujundzic..? Plenkovic..? Jakovina..? I jos bezbroj ""strucnjaka"", koji su nas doveli tu gdje jesmo...",0,607190,-1
21629233,"Osvrni se oko sebe, ak ga spaziš, onda je u ludari sigurno !",0,608020,-1
21633991,Izgleda tebi nije jasno kolika se lova vrti oko kraljevske obitelji.,0,608023,-1
21612856,"gogo,napisao sam ti,ne laprdaj u proslom odgovoru,sad toponavljam,raspitaj se malo o dionicarskim drustvima,pa pitaj kakva prava ima netko koji posjeduje vecinski pojedinacni udio od 49% dionica,ili treba upravljati netko tko ima 25% ili manje, vidis laprdalo,Mol ima tih 49% ,25 % od SDPa ( za pisljivih 505 mil dolara) plus 24% kupljenih na Burzi dionica,plativsi tri puta visu cijenu od nominalne,zato ne laprdaj nego prouci malo stvarno istinu.",0,607493,-1
21662860,"Eehehehehe, pa Bayern sa Kovačom nema šanse stari, zabrijal si..Sancho se vozi na Apriliji pored ovih ocvalih bayernovih igračića",0,608752,-1
21641654,A gde je Rade?,0,608141,-1
21592246,Cestitam ! ! !,0,607169,-1
21589688,"Što ne smiješ ni reći?! Naravno da je važno kako se piše i čita, po tome se vidi koliko su ti informacije točne kad čak ni ime ne znaš.",0,607084,-1
21596050,goga niste shvatili poantu komentara :)),0,607244,-1
