id,content,article_id,score,new_label
21641558,"Sada im je to vec problem, imam samsung s8, prije 2 updatea mi je baterija bila odlicna, cili dan muzika i igre, nakon predzadnjeg baterija nikakva pola dana baterija na 10ak posto, prvi put se ugasio radi baterije, u meduvremenu izasao huawei pro, izasao update, baterija kao kad sam ga kupio. Zelim reci da su apple i samsung u strahu jer je huawei bolji cijenom i performansama, usporili su mi mob al su ga opet ubrzali..",608246,-1,0
21746499,"kad foliranti padnu na nos, barem je jedan od njih u zatvoru",610294,-1,0
21677091,"Ima osnove da baza sa promjenjenim propalim staničjem, odnosno iz raznih razloga nastalo nekrotično tkivo, često bude i podloga kancera..ali ne svih. ",608704,-1,0
21677547,Jovica u transu ;),608930,-1,0
21677642,Ova da smrsa malo i dotjera se bila bi druga bacicka (naravno da treba prvo zaraditi novac za to). I ona slicno pocela 😄,608930,-1,1
21625276,"Ujkani, osvrnite se oko sebe. Propada vam vaša NDH. Ljudi masovno bježe iz nje.",607742,-1,1
21656868,Ljudsko smece!,608464,-1,1
21723093,"Od ovih i ovakvih nacista i fašista ima još i gorih, a to su njihove sluge i kvislinzi u držvicam koje su okupirali, a to su oni koji su u ime ovih ubijali svoj narod te prodavali svoju državu drugima, kod nas Pavelići i njegove ustaše, ali na sreću doživjeli su poraz, a njihovi nasljednici ih danas rehabilitiraju pa čak i na vlasdt postavljaju !
 ",609777,-1,1
21723320,"Sve je to bila ista banda, ustaše, partizani, četnici... Različita ideologija provođena istim metodama, samo nešto drugačijih razmjera ovisno o raspoloživim kapacitetima i logistici za provedbu iste u to vrijeme. 
Sve su to bile militarističke, diktatorske ideologije i sustavi. 
Samo što su jedni od njih imali 45 godina za uvjeravanje da tomu nije tako.",609777,-1,1
21724951,"Messer... Prije Rimskih ugovora je bio Rapalski ugovor, tj. sporazum između Kraljevine SHS i Kraljevine Italije, potpisan 12. studenog 1920. u Rapallu, gradiću blizu Genove. Pregovori oko konačnog dokumenta trajali su tri dana, a njime su određene granice dviju država, dogovoreno je stvaranje Slobodne Države Rijeke te zajedničko nastupanje protiv svih pokušaja restauracije dinastije Habsburgovaca. A što je sve traženo možeš vidjeti u mome gornjem postu. Ovim tvojim ugovorom je samo potvrđen Rapalski ugovor te su mu dodani novi zahtjevi fašističke Italije.",609777,-1,0
21728400,Kad su cijelu stvar židovi i iskemijali.Da dobe svoju državu ....,609777,-1,0
21729772,"jeste se opet dali navuci na tanak led antifasista i fasista. A svi koji od vase zle srece imaju koristi, su oni isti koji su i onda i sada nastavili trpati u svoje dzepove. Ratovi se vode radi resursa , love , moci, monopolisti su vasi pravi krvnici. A oni ne idu s puskom u ruci, vec vas nasanjkaju",609777,-1,0
21588986,istina je da su mediji napuhali i izmislili da je lupao djevojci glavom o asfalt.. ne opravdavam nikakav oblik nasilja pogotovo prema njeznijem spolu.. ali znam da ga je djevojka napala i da je dobila samar.. a novinari su spremni nekome unistiti zivot samo da imaju bombastican naslov.. fuj.. smeca..,607109,-1,1
21635741,ni stevicin nii maloljetan pa se ćaća umiša...,608139,-1,0
21589112,A možda su u šumi...,607074,-1,0
21589413,"Kaže se Kolhozi i Sovhozi i toga nema u modernoj Rusiji, a ni ne znaš što je to uopće. Kad si već spomenuo gorivo kako to da si zaboravio napisati da je tamo litra goriva 4 kn.",607084,-1,0
21589500,"Eto njega vanka
Sad žalba
Pristrana sutkinja
A samo joj je zalijepio šamar ",607109,-1,0
21639902,"Je, imamo mi dosta svojih j...ča što nas j..u u zdrav mozak",608100,-1,1
21645624,"Dali mislite da je pupavcu bilo do tok dečeca ili je jedva čekao da spomene katoličku crkvu i knjgu laž u jasenovcu?Neka si pročita pupavac knjigu mit o jasenovcu koja je pisana po arhivama iz srbije.Mržnja govora počela u sabornici za vrijeme milanoviće vlade i loše ponašanje zastupnika ko se može sjetiti unazad tako i narod gledajuči prijenos iz sabornice nastavio sa satirama.Ko se sječa govora pupavca usred sabornice usred zagreba kako vrijeđa hrvatsku i hrvate ,a sa strane stoji cijela milanovićeva vlada i gledaju niko ne veli niti a.Niko ništa nije pitao pupavca ,a pogledajte danas koda pupavc ima u hrvatskoj svoju privatnu policiju bace nekakvu jabuku na njega odmah uhvate počinitelja dečec postavi nekakvu sliku četnika i odmah uhvate dečeca,koda pupavac štiti četnike ,a u vukovaru nemogu pohvatati agresore hrvatske koji su došli iz srbije i hoodaju po vukovaru i okolici gdje je tu zdrav razm i lokika nekome ovako nekome onako nisu isti kriteriji za sve puno toga treba mjenjati u zakonu da je zakon za sve isti.",608356,-1,0
21589190,"A gdje su slike ljevičari i slike četnika. Ha kako ste prozirni sa tim četničkim i komunističkim forama. Pupovca nema, Pusićke nema, Stazića nema, Jovanovića nema, Milano ića nema, Stanimirovića nema, Obersnela nema, Opačićke nema, Bernadića nema, Mesića nema, Marasa nema. Dakle nema onih koji otvoreno mrze Hrvatsku, Katoličku crkvu i Nas Hrvate Katolike a nas Hrvata Katolka je po posljednjem popisu stanovništva u Hrvatskoj bilo 90%,dakle oni otvoreno mrze Hrvatsku naciju i nitko ih ne stavlja na popis. ",607068,-1,1
21639292,"delaware, ja nisam uopće spominjao hrvate nego samo ustašofile i promotere ustaštva i zločinačke nezavisne tvorevine, a to što ti vrijeđaš sve hrvate tako što ih izjednačavaš sa ustaškom gamadi divoljno govori o tebi.",608038,-1,1
21649668,"Loana,u pravu ste.Dojenoj djeci do 6 mj.starosti daje se samo D vitamin.C vitamin(bolje uzimati limun a ne kemiju) je i jak alergen.To je jedan od razloga da se kasnije uvodi po preporuci pedijatra.",608350,-1,0
21650236,"HDZ je davno skrenuo lijevo da ljevije nemože. Jedino se kontinuirano drži puta kojeg se drže svi političari, a to je lopovluk.",608445,-1,1
21609034,"Mislio sam isprobati , ali me strah da se u trenutku pomračenja uma neučlanim u Hdz ili Sdp . I jbg ona !",607450,-1,0
21676849,"Aha, vama bosancima je podjelio mirovine da možete bolje glasat za adeze..",608969,-1,0
21676665,"Admini 24 sata stvarno rade dobro svoj posao, kada parizer bojna s 50 računa diže komentare na prvo mjesto. A 24 sata admini ne rade ništa.",608969,-1,1
21676585,Puno je ljudi bilo u partizanima a s komunizmo veze nisu imali. Hebga mnogi su nahebali i ostali bez života čak kada su se četnici masovno prebacili u partizane na poziv Tita..,608957,-1,1
21676404,"Kako nema, drug Yusipović je u Izraelu izjavio da u Hrvatskoj još postoji ustaša guja, daj odlučite više.......... Živio SSRNJ, KPJot, AFŽ, CKSKJ, SSOJ, NOB, NOR, NOP, SKOJ,..... ",608957,-1,1
21644172,Triba to dobro bruskinon ribat... :),608267,-1,1
21656115,Kad nam drzavom vøada banda gamad i lopovi. Sitni kriminalci kojima smo dali vlast da postanu veliki... Fuj!!!,608577,-1,1
21656755,"1. Dio -.......Kad dojdete u blokadu onda je vec kasno, odnosno sanse da se izvucete iz jos vece gabule su nesto kao otprilike sanse da u Hrvatskoj PRAVE prosjecne radnicke place budu 1000 -1200 eura, ili da se PDV smanji na 10%, ili da u Saboru )na sjednicama (ne na domjencima bude najmanje 80 zastupnika,,,,,,,,, i tako to. Zato bi se moja malenkost usudila predloziti vam postupke, kako da u blokadu ne dojdete. Cim vam  to godine dopuste uclanite se u mladez stranke**. Ako imaju pionirski uzrast, u njega. Ako imaju vrticki ili jaslicki, onda u njega. I onda se samo trebati grepsti ( oko koga treba, iliti uvlaciti kome treba. Ali uvlacenje je ruzna rijec.   Tu vam je samo potrebna pravilna procjena da li od toga ili te okokokoga se grebete,  u buducnosti mozete imati koristi, odnosno da li vas moze dalje gurati u stranackoj hijerarhiji. Naravno da konkurenciju koja vam smeta na putu prema vrhu trebate eliminirati. Cinkarenje je najbolji recept uz raznorazna podmetanja za sto nacina i razloga uvjek ima, jer nitko nije bezgresan,,,,,,,,,,,. I mic po mic, beducnost sa financijskom sigurnosti, BEZ blokada, a sve sa malo ili nimalo rada je vasa. Cak vam ne treba za to neko posebno obrazovanje, jer fala Bogu, stranka ima svoje ljude u skolama i na faksevima koji ce vas pustat taman da imate znanje kao prosjecan Hrvat iz doba Matije Gupca. Koje to stranke trebaju biti sljedi u nastavku...............nastavak sljedi ispod..............",608555,-1,0
21660997,kad svog ili tuđeg maloga navlačiš poskrivečki,608519,-1,1
21665761,"Istina. Dodje u prvom mj i u petom mj. Izmedju ga nema, a i kad kao pocisti dimnjak ostane za jos jedno ciscenje. ",608192,-1,0
21666158,Mrzim sal...iman osjecaj koda me nesto gusi oko vrata,608632,-1,0
21666389,"U puli se usluga dimnjacara placa 360,00 kn",608192,-1,0
21666463,"Nesmijes proturijeciti adminu, pupovcu, bandicu i hdz-u, jer te admin odma blokira toliko o kriticnosti",608795,-1,1
21666635,Nedaj in Boze doc po noci na hitnu...deru se sestre koda in to nije radno misto i koda in nije radno vrime...da se na nju ja deren sa saltera sta mi je dosla nesto obavit zavrsila bi u svin novinama...,608787,-1,0
21666674,Pročitaj nuspojave za fluimukan obični lijek za kašalj pa dođi natrag.,608794,-1,0
21667306,A volja za upalon pluca hahha...srica ocelicila san se ocito sa tin...jer dodje mi plakat kad se sitin..koda nisan imala za jaketu 😂,608632,-1,0
21671371,"Što je, kuno? Nije li ministar izjavio da jedan svećenik vrijedi više od 20 liječnika? Tko je onda budaletina?",608866,-1,0
21671459,"sprangija@ svi su govorili nitko, ali ih znam dosta, koji ipak na samom početku odu u provinciju ili manje mjesto .😑Jer dugo je čekanje i onda ide daj što daš.:-) edino svi zaboravljaju kako nije jednostavno ni tako, s neba pa u rebra. Veliko iskustvo i praksu treba imati prije no se odlučiš kao tabula rasa upasti nekamo gdje nemaš ""sve"" uslove i starijeg kolege za brze odluke kao pomoć itd. Barbarela@ u pravu si. :)))))) To je pravilna odluka također, al'  i bogme za to treba  zagrijati klupicu što reče sprangija, plus sve što uz to ide, otpala kosa podočnjaci i ostalo, dok drugi uveliko već imaju i stanove i nalakirane nokte..😖 etc , to sve i ne ide tako lako. Ponekada je pitanje sreće, kvaliteta a bogme i love za ordi ili ""klinikicu"" ;)",608866,-1,0
21671944,Imamo i bajnog ministgra i njegovih 20.popova umisto 1.lječnika.,608866,-1,0
21673395,Vilo iupravo tako. Zasto je tako to bii trebali ovi ibiioloski zlatni omladinci pitat njihove bioloske mentore koji su unistili selo i seljake  ovo  malo sto je ostalo sad ce ovi unistit Centralizacija je zlo svake drzave a to je unistilo Hrvatsku skupa s  politicarima i okupatorima koje zanima samo profit da ovce miruju dok ih sisaju. To oni sistematski rade da uniste temelj  na kojem je nastala svaka drzava da onda mogu radit sto hoce s ovcama.,608866,-1,0
21675076,Anarho dali boli dok si glup?,608929,-1,1
21675371,Pezerovic Sefik...a ne Serif...Pezerovic i Matijević..ekshumirani identificirani i sahranjeni..,608850,-1,0
21676360,naharnite gladne papani jedni nenormalni,608969,-1,0
21676376,"biće biće,uskoro...ameri spremni za prodat svoje...kante...",608969,-1,0
21676390,dobar ti tek jackiechan,608969,-1,0
21676399,Kako je uopće moguće da se registrira stranka sa zločinačkim nazivom? Kako bi bilo da imamo neku Ustašku narodnu stranku? Koja smo mi udbaška država...,608957,-1,1
21710035,"Po tebi najbolje da nam državu vodi C vitamin i da svi lijepo odemo u tri lijepe... Razuma malo, ili barem objektivnosti",609719,-1,0
21641266,Eto ti te đavle.,608236,0.324267018,0
21639259,Kemo ga sebi zakemo hahha,608100,0.294465829,0
21592234,i soda bikarbona dobro čisti mrlje;),606682,0.290751597,0
21605704,ovakvu  pricu nemres vidjet ni u alanu fordu    bravo,607511,0.290711301,0
21655316,Nedo bog imat takvog cacu,608310,0.283681077,0
21610188,Ti si stvarno teski kreten.....,607615,0.283254574,1
21644655,Bumo vidjeli 🤗,607556,0.281246258,0
21641523,Uff kaj gadna,608270,0.280861498,0
21671490,kratko bi lajao,608863,0.280383366,0
21606708,Ajde ajde laku noccc pisemo 😉😉😉,607518,0.279321034,0
21625449,eto mrak ju pojeo ,607911,0.279234641,0
21672576,"Opet ovi o smrdiji ,užasno !",608877,0.278829043,0
21622937,to bi bila dobra ideja ak si z gaća nebi stigla padobran složiti,605680,0.278492554,0
21676312,prala bi ti meni doma suđe ,608967,0.277771442,0
21658791,Ludi galebi budu te?,608604,0.276934823,0
21612033,Ne bumo valjda.,607643,0.27619398,0
21635768,Au koji jal iz tebe curi.,608138,0.276096901,0
21633625,"kog briga , a jadna ",608029,0.273975753,0
21619332,"Jadan nebio, ode ti u 2.ligu ni kriv ni duzan",607790,0.272519215,0
21652568,Dobro covjek kaze,608431,0.272337287,0
21640674,zmontiraj si zeni dole jedan,608110,0.271775534,0
21651266,Ne pisi gluposti,608474,0.271290858,0
21601068,**bo te livaja,607201,0.270764927,1
21606523,Očale nabavi sljepče.,607494,0.26909711,1
21655879,Koji glupi komentari.,608509,0.268123245,0
21601996,"Nemoj više mršavit, pliiz!",606803,0.267444541,0
21588642,I tebi sinko,607096,0.267123337,0
21661258,Opet si tu grbava dosada,608668,0.266058498,1
21622502,Kaze nehrvat,607444,0.26574074,0
21630363,Sisaj kurac usrašo,608038,0.265487443,1
21602506,"Grbavi, odskakući.",607400,0.265470819,1
21591239,koja si ti dalabu,604911,0.264814745,1
21631541,I ti ga seres na akove.,608038,0.264349954,1
21660132,Zaku nikada nije prosla baba s kolacima😁😁,608703,0.263746344,1
21641443,Napokon jedna pametna i od tebe 😁,608218,0.263737039,0
21618049,Jel tebi ista valja,607772,0.263721536,0
21635913,I ja bi je izblokiro 😉,608101,0.263681334,0
21625113,Da je takav majstor sa 23 bi vec trebo osvajat utrke,607895,0.262578006,0
21591099,Jadni ste,607143,0.2623683,1
21618393,glup si ko 20 deka parizera,607791,0.2620393,1
21590386,Cestitkee!🤱🤱👼👼❤️🍾,607143,0.262020375,0
21616671,Ti si izgubljen,607737,0.261708364,0
21688336,Glupost opet,609201,0.261699994,0
21591614,judita...i ti si jedna od manekenki ovdje?,607143,0.261591447,0
21593355,joj baš je grda !,607182,0.261537843,1
21610211,srpče dakako,607554,0.26144571,1
21611948,"hahah, ove hadezenjare se pogubile totalno",607630,0.261414367,0
21677975,Smrketa bar ti je toplo sad 😁🤣🤣🤣,608930,0.261385543,0
21625488,Nisi ti čist u glavi nikako,607904,0.261194452,1
21631338,Ima kradeze bojna,608046,0.259837799,1
21613190,"ASNL nemoj se živcirat, vidiš da se oni jednostavno hrane negativom. Pusti ih. Ako je tebi dobro, šta te briga. Nek seru po lagodnom životu kojeg ne bi imali ni u jednom drugom razdoblju u povijesti ako im to predstavlja zadovoljstvo.",607450,0.000646057,0
21624618,"zašto ne napišu po kojim cijenama su stanovi prodani, a ne po kojima su oglašeni. porezna uprava bi trebala imati podatke. ",607868,0.000576582,0
21626106,Ti si jedna sebicna...neartikulisana budala...,607855,0.000563798,0
21615482,"scubacro, ako je netko ispao glup onda si to ti. Drugi put malo bolje čitaj članak pa onda pametuj: ""S obzirom na novonastalu situaciju, ostalo je nekoliko mogućih opcija; da se poništi natječaj i raspiše novi u nadi da će se javiti netko s 'razumnijom' ponudom, da se sasvim odustane od obnove ili da se na neke druge načine pokušaju namaknuti sredstva za ponudu Viktora Lenca, ili novim kreditom ili povlačenjem sredstava iz EU fondova""",607714,0.00054192,1
21637613,kompa - Zašto odmah nisi rekao da si libtard?,607969,0.000506358,1
21602833,"Pocivao u Miru 
Siromasniji smo za jos jednog velikog covjeka
Rano ode Ivo,rano",607359,0.000465908,0
21600723,"Pa kaj bu 2019 tak losa da su dobri ljudi odlucili odmah otici. Ovo danas nije normalno, jedan pa i drugi i to u isto popodne. Uzas",607364,0.000458261,0
21607625,Ajde malo stani na crtu.sve su oni u repki s njim riješili.nije izdajnik.,607534,0.000452295,0
21663525,Nemas pojma,608754,0.000445504,0
21601236,"Daviidоff1: .....Vidiš ja jako rijetko dođem na ovaj""portal"".Za razliku od puno vas nemam vremena.Ali bukvalno nemam.Što je za tebe i tebi slične nevjerovatno.
Pa očekujem da mi se komentari ne brišu.Nitko se ne mora složiti dapače.Ali ne mogu vidjeti što drugi misle i da možda na osnovu toga preispitam svoj stav.Ali kom ja govorim?!",607359,0.00044116,0
21618155,Njih za lovu istjeraju vanka velike svjetske sile kako bi ih opet kad naprave belaj mogli optuživati da su za sve krivi upravo velike svjetske sile....,607787,0.000430477,0
21640829,Benzinska postaja truje i zagađuje non stop. Elekricitet iz osobe može izazvat smrt. Dođeš sa cigarom i odeš u zrak. I tako dalje....ali to je u redu. To ne smeta. o.0,607637,0.000428669,0
21654929,"slavko14:                   trabant je smeće od auta, i drugi trabanti također.",608163,0.000420122,0
21644523,Nista nije drugciji od ostalih svecenika.,608354,0.000415616,0
21614884,99%,607721,0.00040242,0
21605275,Hmm mislim da nije,607477,0.000387601,0
21614895,"Zato ti to meni govoriš? Pa nisam ja uopće dovela u pitanje ni nabavku, a ni cijenu aviona",607655,0.000382015,0
21649995,"Hahhahaha da SMS,pa on je običan krkan hahhah samo daj inter",608433,0.000367976,0
21612953,@Mauritius Kakve veze sex s drvetom ima sa šejtanom?,607450,0.000367465,0
21595153,Dobro da se nisu izboli na partiji šaha :-D ,607221,0.0003548,0
21626713," nisam mislila da se i to može dogoditi u  svijetu politike,  ali evo u Italiji se dogodilo. Na izborima u ožujku pobijedu su odnijele dvije stranke koje su do sada bile zastupljene na vlasti sa par zastupnika. Obećavali su da će zatvoriti luke i reći stop migrantima, da će uvesti ljudima bez posla mjesečno 75oeura (moraju tražiti posao, ako odbiju tri puta gube primanja), obećali su da će rezati ,,zlatne mirovine,, ,  to su mirovine zastupnika, župana., sindikalista.   Ne ulazim u to koliko su odredili da im mora ostati kao minimum, jer imaju drugačiji standard od našega, ali svima je zagarantiran taj minimum plus iznos mirovine koju bi dobili za godine u kojima su RADILI i plaćali doprinose. Npr sada imaju 15 tisuća eura, od sada im je  zagarantirano 5 tisuća, ako je netko prije mjesta zastupnika radio i plaćao doprinose dobiti će još 3, 4 ili 6 tisuća, (koliko je uplaćivao doprinose) ali onaj tko je ,,radio,, samo kao sindikalist, zastupnik ili župan, dobivati će od ove godine ,,samo,, zagarantiranih 5 tisuća. Sve što su obećali do sada su napravili, nikada to Hrvatska neće doživjeti:(",607873,0.000348328,0
21650330,vjerujem da nije baš ugodan prizor za oči ni samoj sebi,608416,0.00034073,0
21593301,Jako si pametna!,607143,0.000337503,0
21628022,"Ok. Slažem se. Ima mnogo boljih stvari od parizera. To si od bolje stojećih, A šta ce ona sirotinja kojoj je i pazer dobar pa glasa za one od kojih će ga dobiti?",607965,0.000334164,0
21616124,"bez veze prića jer ga nitko neće,da ima ponudu već bi otišao",607606,0.000331166,0
21626167,Bio je niskoristi ako i ovi danas koji tjeraju ljude van a sebi dizu plaće svako malo.,607913,0.000323881,1
21595572,Sherlockica. Ljudi u tim godinama sumiraju postignuto i uživaju u svojoj obitelji klincima itd. Nikad nije kasno jer mlađi nece bit ali da se mogao ranije pokrenut je. Naci ce curu pa ce shvatit da nije prava pa druga treca i eto 50te. ,607186,0.000322634,0
21634809,Nasljednik Ivice?Dobro ste stavili ovaj upitnik na kraju,608105,0.000321999,0
21671152,"ne mogu vjerovati, stvarno su vam prodali tu glupost? Vjerojatno i životinje to rade pa imaju bolje zube nego mi? Budite sretni da su oboje zdravi, pukom srećom ste izbjegli tragediju. Inače to uzrokuje smanjenje inteligencije u djeteta.",608436,0.000318055,0
21626908,"U svibnju 1942-e godine drug Tito (neki ga još dan danas ne mogu prežaliti) je rekao da moramo biti gospodari svoga neba. To pravilo vrijedi i dan danas. Ima još zemalja koje prodaju borbene avione. Da Plenky nije povukao neke krive poteze koji jako smetaju amerima, problema oko prodaje aviona kakvi su dogovoreni ne bi ni bilo.",607922,0.000314805,0
21591247,"Nemojte mi  molim samo držati sate povijesti ja i te kako dobro znam tko je i kada i do kada živio u Boki.  A dotična nije išla u Boku pjevati Hrvatima Bokeljima već crnogirskoj mafiji po jahtama istim onim koji su opustošili pljackajuci i razmatrajući hrvatski jug Konavle i Dubrovnik.  Rane nikad nece zarasti ali ona kao kraljica Torcide je otišla u samom početku primirja pjevati razjarenoj mafiji . Samo mi ju nemojte braniti molim vas.  
",607119,0.000313509,0
21654200,Tata ti je bio osiguran.,608512,0.00031303,0
21635123,"Ajde, ajde nije sve u novcima, i ti to dobro znaš... ",608105,0.000308568,0
21614490,"Najbolje da kupiš od mene željezne stupove kaj su ostali od pocjepane gorice, ofarbani su na zelenu boju, 100%prolaze eko test. ",607655,0.000308436,0
21631304,"E, onda je ovo meni puno poštenije od onih koji imaju ""kuharice"", ""rođakinje"" i sl...",607899,0.000306634,0
21626498,Ova više ne zna šta će od sebe,607901,0.000303325,0
21624886,"Seneka je rekao..ljudi koji ne rade nista u zivotu,njima svakakve pizdarije padaju na pamet.",607893,0.000294366,0
21686788,"Valjda Hercegovac, pioniri nikako da nauce geografiju.",609260,0.000294029,0
21616325,"Jesu, promijenili su, ali još uvijek je ""na Stenjevcu"".",607732,0.00029388,0
21628407,Svira gitaricu..,607993,0.000292779,0
21640157,...bravo lega...bravo,607253,0.000287761,0
21656358,"Je, srce mu je otkazalo sigurno zbog toga jer je daleko od kuće. Ako nemaš šta pametno napisat, bolje nemoj ni pisat ništa",608570,0.000287092,0
21670021,Zato stosu genocidan narod i mrze sve oko sebe jel tije jasno vise.,608849,0.000284809,1
21605713,Gledao sam ga uživo u monodrami ČARUGA i bio je fenomenalan a ostale uloge da i ne spominjem. Neka ga čuvaju anđeli nebeski.,607366,0.000284219,0
21638259,Baš je lepu čestitku Andrej uputio,608163,0.000284029,1
21604574,Šta je čovjek bez vjere? Nula!,607482,0.000283598,1
21592410,"Slavko , nisi odgovorio na moje pitanje . Što si ti konkretno dao za Hrvatsku ?Koji je tvoj doprinos? Da si ti Hrvat bio bi kulturniji . Vjerojatno ne znaš ni sam što si. Neki mješanac možda?",606305,0.00028238,1
21612844,"3 dobra i 23 losa komentara, pa kako vas nije stid i sramota.. Kako bi bilo vama da neko otme i ubije clana obitelji... Jadan li si hrvatski narod s ovakvim ljudima... Ljudi se bore za pravdu na ulicama, avi svi samo komentirate i branite se preko portala, sramota",607680,0.000280381,0
21600368,Idiote!,607346,0.000279778,1
21669275,Pripreme za gangbang s tvojom mamom idiote ružni,608810,0.00027903,1
