id,content,label,article_id,score
21641558,"Sada im je to vec problem, imam samsung s8, prije 2 updatea mi je baterija bila odlicna, cili dan muzika i igre, nakon predzadnjeg baterija nikakva pola dana baterija na 10ak posto, prvi put se ugasio radi baterije, u meduvremenu izasao huawei pro, izasao update, baterija kao kad sam ga kupio. Zelim reci da su apple i samsung u strahu jer je huawei bolji cijenom i performansama, usporili su mi mob al su ga opet ubrzali..",0,608246,-1.0
21746499,"kad foliranti padnu na nos, barem je jedan od njih u zatvoru",0,610294,-1.0
21677091,"Ima osnove da baza sa promjenjenim propalim staničjem, odnosno iz raznih razloga nastalo nekrotično tkivo, često bude i podloga kancera..ali ne svih. ",0,608704,-1.0
21677547,Jovica u transu ;),0,608930,-1.0
21677642,Ova da smrsa malo i dotjera se bila bi druga bacicka (naravno da treba prvo zaraditi novac za to). I ona slicno pocela 😄,0,608930,-1.0
21625276,"Ujkani, osvrnite se oko sebe. Propada vam vaša NDH. Ljudi masovno bježe iz nje.",0,607742,-1.0
21656868,Ljudsko smece!,0,608464,-1.0
21723093,"Od ovih i ovakvih nacista i fašista ima još i gorih, a to su njihove sluge i kvislinzi u držvicam koje su okupirali, a to su oni koji su u ime ovih ubijali svoj narod te prodavali svoju državu drugima, kod nas Pavelići i njegove ustaše, ali na sreću doživjeli su poraz, a njihovi nasljednici ih danas rehabilitiraju pa čak i na vlasdt postavljaju !
 ",0,609777,-1.0
21723320,"Sve je to bila ista banda, ustaše, partizani, četnici... Različita ideologija provođena istim metodama, samo nešto drugačijih razmjera ovisno o raspoloživim kapacitetima i logistici za provedbu iste u to vrijeme. 
Sve su to bile militarističke, diktatorske ideologije i sustavi. 
Samo što su jedni od njih imali 45 godina za uvjeravanje da tomu nije tako.",0,609777,-1.0
21724951,"Messer... Prije Rimskih ugovora je bio Rapalski ugovor, tj. sporazum između Kraljevine SHS i Kraljevine Italije, potpisan 12. studenog 1920. u Rapallu, gradiću blizu Genove. Pregovori oko konačnog dokumenta trajali su tri dana, a njime su određene granice dviju država, dogovoreno je stvaranje Slobodne Države Rijeke te zajedničko nastupanje protiv svih pokušaja restauracije dinastije Habsburgovaca. A što je sve traženo možeš vidjeti u mome gornjem postu. Ovim tvojim ugovorom je samo potvrđen Rapalski ugovor te su mu dodani novi zahtjevi fašističke Italije.",0,609777,-1.0
21728400,Kad su cijelu stvar židovi i iskemijali.Da dobe svoju državu ....,0,609777,-1.0
21729772,"jeste se opet dali navuci na tanak led antifasista i fasista. A svi koji od vase zle srece imaju koristi, su oni isti koji su i onda i sada nastavili trpati u svoje dzepove. Ratovi se vode radi resursa , love , moci, monopolisti su vasi pravi krvnici. A oni ne idu s puskom u ruci, vec vas nasanjkaju",0,609777,-1.0
21588986,istina je da su mediji napuhali i izmislili da je lupao djevojci glavom o asfalt.. ne opravdavam nikakav oblik nasilja pogotovo prema njeznijem spolu.. ali znam da ga je djevojka napala i da je dobila samar.. a novinari su spremni nekome unistiti zivot samo da imaju bombastican naslov.. fuj.. smeca..,0,607109,-1.0
21635741,ni stevicin nii maloljetan pa se ćaća umiša...,0,608139,-1.0
21589112,A možda su u šumi...,0,607074,-1.0
21589413,"Kaže se Kolhozi i Sovhozi i toga nema u modernoj Rusiji, a ni ne znaš što je to uopće. Kad si već spomenuo gorivo kako to da si zaboravio napisati da je tamo litra goriva 4 kn.",0,607084,-1.0
21589500,"Eto njega vanka
Sad žalba
Pristrana sutkinja
A samo joj je zalijepio šamar ",0,607109,-1.0
21639902,"Je, imamo mi dosta svojih j...ča što nas j..u u zdrav mozak",0,608100,-1.0
21645624,"Dali mislite da je pupavcu bilo do tok dečeca ili je jedva čekao da spomene katoličku crkvu i knjgu laž u jasenovcu?Neka si pročita pupavac knjigu mit o jasenovcu koja je pisana po arhivama iz srbije.Mržnja govora počela u sabornici za vrijeme milanoviće vlade i loše ponašanje zastupnika ko se može sjetiti unazad tako i narod gledajuči prijenos iz sabornice nastavio sa satirama.Ko se sječa govora pupavca usred sabornice usred zagreba kako vrijeđa hrvatsku i hrvate ,a sa strane stoji cijela milanovićeva vlada i gledaju niko ne veli niti a.Niko ništa nije pitao pupavca ,a pogledajte danas koda pupavc ima u hrvatskoj svoju privatnu policiju bace nekakvu jabuku na njega odmah uhvate počinitelja dečec postavi nekakvu sliku četnika i odmah uhvate dečeca,koda pupavac štiti četnike ,a u vukovaru nemogu pohvatati agresore hrvatske koji su došli iz srbije i hoodaju po vukovaru i okolici gdje je tu zdrav razm i lokika nekome ovako nekome onako nisu isti kriteriji za sve puno toga treba mjenjati u zakonu da je zakon za sve isti.",0,608356,-1.0
21589190,"A gdje su slike ljevičari i slike četnika. Ha kako ste prozirni sa tim četničkim i komunističkim forama. Pupovca nema, Pusićke nema, Stazića nema, Jovanovića nema, Milano ića nema, Stanimirovića nema, Obersnela nema, Opačićke nema, Bernadića nema, Mesića nema, Marasa nema. Dakle nema onih koji otvoreno mrze Hrvatsku, Katoličku crkvu i Nas Hrvate Katolike a nas Hrvata Katolka je po posljednjem popisu stanovništva u Hrvatskoj bilo 90%,dakle oni otvoreno mrze Hrvatsku naciju i nitko ih ne stavlja na popis. ",0,607068,-1.0
21639292,"delaware, ja nisam uopće spominjao hrvate nego samo ustašofile i promotere ustaštva i zločinačke nezavisne tvorevine, a to što ti vrijeđaš sve hrvate tako što ih izjednačavaš sa ustaškom gamadi divoljno govori o tebi.",0,608038,-1.0
21649668,"Loana,u pravu ste.Dojenoj djeci do 6 mj.starosti daje se samo D vitamin.C vitamin(bolje uzimati limun a ne kemiju) je i jak alergen.To je jedan od razloga da se kasnije uvodi po preporuci pedijatra.",0,608350,-1.0
21650236,"HDZ je davno skrenuo lijevo da ljevije nemože. Jedino se kontinuirano drži puta kojeg se drže svi političari, a to je lopovluk.",0,608445,-1.0
21609034,"Mislio sam isprobati , ali me strah da se u trenutku pomračenja uma neučlanim u Hdz ili Sdp . I jbg ona !",0,607450,-1.0
21676849,"Aha, vama bosancima je podjelio mirovine da možete bolje glasat za adeze..",0,608969,-1.0
21676665,"Admini 24 sata stvarno rade dobro svoj posao, kada parizer bojna s 50 računa diže komentare na prvo mjesto. A 24 sata admini ne rade ništa.",0,608969,-1.0
21676585,Puno je ljudi bilo u partizanima a s komunizmo veze nisu imali. Hebga mnogi su nahebali i ostali bez života čak kada su se četnici masovno prebacili u partizane na poziv Tita..,0,608957,-1.0
21676404,"Kako nema, drug Yusipović je u Izraelu izjavio da u Hrvatskoj još postoji ustaša guja, daj odlučite više.......... Živio SSRNJ, KPJot, AFŽ, CKSKJ, SSOJ, NOB, NOR, NOP, SKOJ,..... ",0,608957,-1.0
21644172,Triba to dobro bruskinon ribat... :),0,608267,-1.0
21656115,Kad nam drzavom vøada banda gamad i lopovi. Sitni kriminalci kojima smo dali vlast da postanu veliki... Fuj!!!,0,608577,-1.0
21656755,"1. Dio -.......Kad dojdete u blokadu onda je vec kasno, odnosno sanse da se izvucete iz jos vece gabule su nesto kao otprilike sanse da u Hrvatskoj PRAVE prosjecne radnicke place budu 1000 -1200 eura, ili da se PDV smanji na 10%, ili da u Saboru )na sjednicama (ne na domjencima bude najmanje 80 zastupnika,,,,,,,,, i tako to. Zato bi se moja malenkost usudila predloziti vam postupke, kako da u blokadu ne dojdete. Cim vam  to godine dopuste uclanite se u mladez stranke**. Ako imaju pionirski uzrast, u njega. Ako imaju vrticki ili jaslicki, onda u njega. I onda se samo trebati grepsti ( oko koga treba, iliti uvlaciti kome treba. Ali uvlacenje je ruzna rijec.   Tu vam je samo potrebna pravilna procjena da li od toga ili te okokokoga se grebete,  u buducnosti mozete imati koristi, odnosno da li vas moze dalje gurati u stranackoj hijerarhiji. Naravno da konkurenciju koja vam smeta na putu prema vrhu trebate eliminirati. Cinkarenje je najbolji recept uz raznorazna podmetanja za sto nacina i razloga uvjek ima, jer nitko nije bezgresan,,,,,,,,,,,. I mic po mic, beducnost sa financijskom sigurnosti, BEZ blokada, a sve sa malo ili nimalo rada je vasa. Cak vam ne treba za to neko posebno obrazovanje, jer fala Bogu, stranka ima svoje ljude u skolama i na faksevima koji ce vas pustat taman da imate znanje kao prosjecan Hrvat iz doba Matije Gupca. Koje to stranke trebaju biti sljedi u nastavku...............nastavak sljedi ispod..............",0,608555,-1.0
21660997,kad svog ili tuđeg maloga navlačiš poskrivečki,0,608519,-1.0
21665761,"Istina. Dodje u prvom mj i u petom mj. Izmedju ga nema, a i kad kao pocisti dimnjak ostane za jos jedno ciscenje. ",0,608192,-1.0
21666158,Mrzim sal...iman osjecaj koda me nesto gusi oko vrata,0,608632,-1.0
21666389,"U puli se usluga dimnjacara placa 360,00 kn",0,608192,-1.0
21666463,"Nesmijes proturijeciti adminu, pupovcu, bandicu i hdz-u, jer te admin odma blokira toliko o kriticnosti",0,608795,-1.0
21666635,Nedaj in Boze doc po noci na hitnu...deru se sestre koda in to nije radno misto i koda in nije radno vrime...da se na nju ja deren sa saltera sta mi je dosla nesto obavit zavrsila bi u svin novinama...,0,608787,-1.0
21666674,Pročitaj nuspojave za fluimukan obični lijek za kašalj pa dođi natrag.,0,608794,-1.0
21667306,A volja za upalon pluca hahha...srica ocelicila san se ocito sa tin...jer dodje mi plakat kad se sitin..koda nisan imala za jaketu 😂,0,608632,-1.0
21671371,"Što je, kuno? Nije li ministar izjavio da jedan svećenik vrijedi više od 20 liječnika? Tko je onda budaletina?",0,608866,-1.0
21671459,"sprangija@ svi su govorili nitko, ali ih znam dosta, koji ipak na samom početku odu u provinciju ili manje mjesto .😑Jer dugo je čekanje i onda ide daj što daš.:-) edino svi zaboravljaju kako nije jednostavno ni tako, s neba pa u rebra. Veliko iskustvo i praksu treba imati prije no se odlučiš kao tabula rasa upasti nekamo gdje nemaš ""sve"" uslove i starijeg kolege za brze odluke kao pomoć itd. Barbarela@ u pravu si. :)))))) To je pravilna odluka također, al'  i bogme za to treba  zagrijati klupicu što reče sprangija, plus sve što uz to ide, otpala kosa podočnjaci i ostalo, dok drugi uveliko već imaju i stanove i nalakirane nokte..😖 etc , to sve i ne ide tako lako. Ponekada je pitanje sreće, kvaliteta a bogme i love za ordi ili ""klinikicu"" ;)",0,608866,-1.0
21671944,Imamo i bajnog ministgra i njegovih 20.popova umisto 1.lječnika.,0,608866,-1.0
21673395,Vilo iupravo tako. Zasto je tako to bii trebali ovi ibiioloski zlatni omladinci pitat njihove bioloske mentore koji su unistili selo i seljake  ovo  malo sto je ostalo sad ce ovi unistit Centralizacija je zlo svake drzave a to je unistilo Hrvatsku skupa s  politicarima i okupatorima koje zanima samo profit da ovce miruju dok ih sisaju. To oni sistematski rade da uniste temelj  na kojem je nastala svaka drzava da onda mogu radit sto hoce s ovcama.,0,608866,-1.0
21675076,Anarho dali boli dok si glup?,0,608929,-1.0
21675371,Pezerovic Sefik...a ne Serif...Pezerovic i Matijević..ekshumirani identificirani i sahranjeni..,0,608850,-1.0
21676360,naharnite gladne papani jedni nenormalni,0,608969,-1.0
21676376,"biće biće,uskoro...ameri spremni za prodat svoje...kante...",0,608969,-1.0
21676390,dobar ti tek jackiechan,0,608969,-1.0
21676399,Kako je uopće moguće da se registrira stranka sa zločinačkim nazivom? Kako bi bilo da imamo neku Ustašku narodnu stranku? Koja smo mi udbaška država...,0,608957,-1.0
21710035,"Po tebi najbolje da nam državu vodi C vitamin i da svi lijepo odemo u tri lijepe... Razuma malo, ili barem objektivnosti",1,609719,-1.0
21641266,Eto ti te đavle.,0,608236,0.3242670181486082
21639259,Kemo ga sebi zakemo hahha,0,608100,0.2944658287910784
21592234,i soda bikarbona dobro čisti mrlje;),0,606682,0.2907515968104569
21605704,ovakvu  pricu nemres vidjet ni u alanu fordu    bravo,0,607511,0.2907113006054984
21655316,Nedo bog imat takvog cacu,1,608310,0.2836810771813147
21610188,Ti si stvarno teski kreten.....,1,607615,0.2832545744060613
21644655,Bumo vidjeli 🤗,0,607556,0.2812462584972134
21641523,Uff kaj gadna,0,608270,0.2808614976544379
21671490,kratko bi lajao,0,608863,0.2803833664113656
21606708,Ajde ajde laku noccc pisemo 😉😉😉,0,607518,0.2793210342479336
21625449,eto mrak ju pojeo ,0,607911,0.2792346414172937
21672576,"Opet ovi o smrdiji ,užasno !",0,608877,0.278829042683065
21622937,to bi bila dobra ideja ak si z gaća nebi stigla padobran složiti,0,605680,0.2784925536701332
21676312,prala bi ti meni doma suđe ,0,608967,0.2777714418925764
21658791,Ludi galebi budu te?,0,608604,0.2769348230840761
21612033,Ne bumo valjda.,0,607643,0.2761939801530757
21635768,Au koji jal iz tebe curi.,0,608138,0.2760969009071656
21633625,"kog briga , a jadna ",0,608029,0.2739757525876232
21619332,"Jadan nebio, ode ti u 2.ligu ni kriv ni duzan",0,607790,0.2725192150752591
21652568,Dobro covjek kaze,0,608431,0.2723372867459469
21640674,zmontiraj si zeni dole jedan,0,608110,0.2717755344223581
21651266,Ne pisi gluposti,0,608474,0.2712908582444354
21601068,**bo te livaja,0,607201,0.2707649269991657
21606523,Očale nabavi sljepče.,1,607494,0.2690971097827859
21655879,Koji glupi komentari.,0,608509,0.2681232454632968
21601996,"Nemoj više mršavit, pliiz!",0,606803,0.2674445414380368
21588642,I tebi sinko,0,607096,0.2671233366858301
21661258,Opet si tu grbava dosada,0,608668,0.2660584978360988
21622502,Kaze nehrvat,0,607444,0.2657407403724069
21630363,Sisaj kurac usrašo,1,608038,0.265487442604153
21602506,"Grbavi, odskakući.",0,607400,0.265470818795761
21591239,koja si ti dalabu,0,604911,0.2648147451748306
21631541,I ti ga seres na akove.,0,608038,0.2643499535785928
21660132,Zaku nikada nije prosla baba s kolacima😁😁,0,608703,0.2637463442070502
21641443,Napokon jedna pametna i od tebe 😁,0,608218,0.2637370387063138
21618049,Jel tebi ista valja,0,607772,0.2637215356405001
21635913,I ja bi je izblokiro 😉,0,608101,0.2636813335977753
21625113,Da je takav majstor sa 23 bi vec trebo osvajat utrke,0,607895,0.2625780060263367
21591099,Jadni ste,0,607143,0.2623682999702562
21618393,glup si ko 20 deka parizera,1,607791,0.262039300362873
21590386,Cestitkee!🤱🤱👼👼❤️🍾,0,607143,0.2620203753676656
21616671,Ti si izgubljen,0,607737,0.261708363589492
21688336,Glupost opet,0,609201,0.2616999940770129
21591614,judita...i ti si jedna od manekenki ovdje?,0,607143,0.2615914465296247
21593355,joj baš je grda !,0,607182,0.2615378428892049
21610211,srpče dakako,0,607554,0.2614457098246298
21611948,"hahah, ove hadezenjare se pogubile totalno",0,607630,0.2614143670979655
21677975,Smrketa bar ti je toplo sad 😁🤣🤣🤣,0,608930,0.2613855429745624
21625488,Nisi ti čist u glavi nikako,0,607904,0.261194451741624
21631338,Ima kradeze bojna,0,608046,0.2598377991065557
21613190,"ASNL nemoj se živcirat, vidiš da se oni jednostavno hrane negativom. Pusti ih. Ako je tebi dobro, šta te briga. Nek seru po lagodnom životu kojeg ne bi imali ni u jednom drugom razdoblju u povijesti ako im to predstavlja zadovoljstvo.",0,607450,0.0006460569566115
21624618,"zašto ne napišu po kojim cijenama su stanovi prodani, a ne po kojima su oglašeni. porezna uprava bi trebala imati podatke. ",0,607868,0.0005765824462287
21626106,Ti si jedna sebicna...neartikulisana budala...,1,607855,0.0005637983558699
21615482,"scubacro, ako je netko ispao glup onda si to ti. Drugi put malo bolje čitaj članak pa onda pametuj: ""S obzirom na novonastalu situaciju, ostalo je nekoliko mogućih opcija; da se poništi natječaj i raspiše novi u nadi da će se javiti netko s 'razumnijom' ponudom, da se sasvim odustane od obnove ili da se na neke druge načine pokušaju namaknuti sredstva za ponudu Viktora Lenca, ili novim kreditom ili povlačenjem sredstava iz EU fondova""",1,607714,0.0005419201334007
21637613,kompa - Zašto odmah nisi rekao da si libtard?,1,607969,0.0005063583957962
21602833,"Pocivao u Miru 
Siromasniji smo za jos jednog velikog covjeka
Rano ode Ivo,rano",0,607359,0.00046590808779
21600723,"Pa kaj bu 2019 tak losa da su dobri ljudi odlucili odmah otici. Ovo danas nije normalno, jedan pa i drugi i to u isto popodne. Uzas",0,607364,0.0004582610854413
21607625,Ajde malo stani na crtu.sve su oni u repki s njim riješili.nije izdajnik.,0,607534,0.0004522954113781
21663525,Nemas pojma,0,608754,0.0004455040616448
21601236,"Daviidоff1: .....Vidiš ja jako rijetko dođem na ovaj""portal"".Za razliku od puno vas nemam vremena.Ali bukvalno nemam.Što je za tebe i tebi slične nevjerovatno.
Pa očekujem da mi se komentari ne brišu.Nitko se ne mora složiti dapače.Ali ne mogu vidjeti što drugi misle i da možda na osnovu toga preispitam svoj stav.Ali kom ja govorim?!",0,607359,0.000441159994807
21618155,Njih za lovu istjeraju vanka velike svjetske sile kako bi ih opet kad naprave belaj mogli optuživati da su za sve krivi upravo velike svjetske sile....,0,607787,0.0004304773174226
21640829,Benzinska postaja truje i zagađuje non stop. Elekricitet iz osobe može izazvat smrt. Dođeš sa cigarom i odeš u zrak. I tako dalje....ali to je u redu. To ne smeta. o.0,0,607637,0.0004286693001631
21654929,"slavko14:                   trabant je smeće od auta, i drugi trabanti također.",0,608163,0.0004201220872346
21644523,Nista nije drugciji od ostalih svecenika.,0,608354,0.0004156164359301
21614884,99%,0,607721,0.0004024203226435
21605275,Hmm mislim da nije,0,607477,0.0003876012633554
21614895,"Zato ti to meni govoriš? Pa nisam ja uopće dovela u pitanje ni nabavku, a ni cijenu aviona",0,607655,0.0003820149577222
21649995,"Hahhahaha da SMS,pa on je običan krkan hahhah samo daj inter",0,608433,0.0003679755609482
21612953,@Mauritius Kakve veze sex s drvetom ima sa šejtanom?,0,607450,0.0003674651670735
21595153,Dobro da se nisu izboli na partiji šaha :-D ,0,607221,0.0003548004606273
21626713," nisam mislila da se i to može dogoditi u  svijetu politike,  ali evo u Italiji se dogodilo. Na izborima u ožujku pobijedu su odnijele dvije stranke koje su do sada bile zastupljene na vlasti sa par zastupnika. Obećavali su da će zatvoriti luke i reći stop migrantima, da će uvesti ljudima bez posla mjesečno 75oeura (moraju tražiti posao, ako odbiju tri puta gube primanja), obećali su da će rezati ,,zlatne mirovine,, ,  to su mirovine zastupnika, župana., sindikalista.   Ne ulazim u to koliko su odredili da im mora ostati kao minimum, jer imaju drugačiji standard od našega, ali svima je zagarantiran taj minimum plus iznos mirovine koju bi dobili za godine u kojima su RADILI i plaćali doprinose. Npr sada imaju 15 tisuća eura, od sada im je  zagarantirano 5 tisuća, ako je netko prije mjesta zastupnika radio i plaćao doprinose dobiti će još 3, 4 ili 6 tisuća, (koliko je uplaćivao doprinose) ali onaj tko je ,,radio,, samo kao sindikalist, zastupnik ili župan, dobivati će od ove godine ,,samo,, zagarantiranih 5 tisuća. Sve što su obećali do sada su napravili, nikada to Hrvatska neće doživjeti:(",0,607873,0.0003483283508103
21650330,vjerujem da nije baš ugodan prizor za oči ni samoj sebi,0,608416,0.0003407298063393
21593301,Jako si pametna!,0,607143,0.0003375025989953
21628022,"Ok. Slažem se. Ima mnogo boljih stvari od parizera. To si od bolje stojećih, A šta ce ona sirotinja kojoj je i pazer dobar pa glasa za one od kojih će ga dobiti?",0,607965,0.0003341644478496
21616124,"bez veze prića jer ga nitko neće,da ima ponudu već bi otišao",0,607606,0.000331165647367
21626167,Bio je niskoristi ako i ovi danas koji tjeraju ljude van a sebi dizu plaće svako malo.,0,607913,0.000323880725773
21595572,Sherlockica. Ljudi u tim godinama sumiraju postignuto i uživaju u svojoj obitelji klincima itd. Nikad nije kasno jer mlađi nece bit ali da se mogao ranije pokrenut je. Naci ce curu pa ce shvatit da nije prava pa druga treca i eto 50te. ,0,607186,0.000322634470649
21634809,Nasljednik Ivice?Dobro ste stavili ovaj upitnik na kraju,0,608105,0.0003219993959646
21671152,"ne mogu vjerovati, stvarno su vam prodali tu glupost? Vjerojatno i životinje to rade pa imaju bolje zube nego mi? Budite sretni da su oboje zdravi, pukom srećom ste izbjegli tragediju. Inače to uzrokuje smanjenje inteligencije u djeteta.",0,608436,0.0003180547209922
21626908,"U svibnju 1942-e godine drug Tito (neki ga još dan danas ne mogu prežaliti) je rekao da moramo biti gospodari svoga neba. To pravilo vrijedi i dan danas. Ima još zemalja koje prodaju borbene avione. Da Plenky nije povukao neke krive poteze koji jako smetaju amerima, problema oko prodaje aviona kakvi su dogovoreni ne bi ni bilo.",0,607922,0.0003148051328025
21591247,"Nemojte mi  molim samo držati sate povijesti ja i te kako dobro znam tko je i kada i do kada živio u Boki.  A dotična nije išla u Boku pjevati Hrvatima Bokeljima već crnogirskoj mafiji po jahtama istim onim koji su opustošili pljackajuci i razmatrajući hrvatski jug Konavle i Dubrovnik.  Rane nikad nece zarasti ali ona kao kraljica Torcide je otišla u samom početku primirja pjevati razjarenoj mafiji . Samo mi ju nemojte braniti molim vas.  
",0,607119,0.0003135087608825
21654200,Tata ti je bio osiguran.,1,608512,0.0003130296827293
21635123,"Ajde, ajde nije sve u novcima, i ti to dobro znaš... ",0,608105,0.0003085684438701
21614490,"Najbolje da kupiš od mene željezne stupove kaj su ostali od pocjepane gorice, ofarbani su na zelenu boju, 100%prolaze eko test. ",0,607655,0.0003084357304032
21631304,"E, onda je ovo meni puno poštenije od onih koji imaju ""kuharice"", ""rođakinje"" i sl...",0,607899,0.0003066341159865
21626498,Ova više ne zna šta će od sebe,0,607901,0.0003033253597095
21624886,"Seneka je rekao..ljudi koji ne rade nista u zivotu,njima svakakve pizdarije padaju na pamet.",0,607893,0.0002943664148915
21686788,"Valjda Hercegovac, pioniri nikako da nauce geografiju.",0,609260,0.0002940287522505
21616325,"Jesu, promijenili su, ali još uvijek je ""na Stenjevcu"".",0,607732,0.0002938803809229
21628407,Svira gitaricu..,1,607993,0.0002927793539129
21640157,...bravo lega...bravo,0,607253,0.0002877606602851
21656358,"Je, srce mu je otkazalo sigurno zbog toga jer je daleko od kuće. Ako nemaš šta pametno napisat, bolje nemoj ni pisat ništa",0,608570,0.000287091708742
21670021,Zato stosu genocidan narod i mrze sve oko sebe jel tije jasno vise.,1,608849,0.0002848085714504
21605713,Gledao sam ga uživo u monodrami ČARUGA i bio je fenomenalan a ostale uloge da i ne spominjem. Neka ga čuvaju anđeli nebeski.,0,607366,0.0002842186950147
21638259,Baš je lepu čestitku Andrej uputio,0,608163,0.0002840294328052
21604574,Šta je čovjek bez vjere? Nula!,1,607482,0.0002835984050761
21592410,"Slavko , nisi odgovorio na moje pitanje . Što si ti konkretno dao za Hrvatsku ?Koji je tvoj doprinos? Da si ti Hrvat bio bi kulturniji . Vjerojatno ne znaš ni sam što si. Neki mješanac možda?",0,606305,0.0002823796239681
21612844,"3 dobra i 23 losa komentara, pa kako vas nije stid i sramota.. Kako bi bilo vama da neko otme i ubije clana obitelji... Jadan li si hrvatski narod s ovakvim ljudima... Ljudi se bore za pravdu na ulicama, avi svi samo komentirate i branite se preko portala, sramota",0,607680,0.0002803812094498
21600368,Idiote!,0,607346,0.0002797780325636
21669275,Pripreme za gangbang s tvojom mamom idiote ružni,1,608810,0.0002790295111481
