id,content,label,score,article_id
21627498,"Nacija kojoj je na listi Tonči Jukić Maja Šuput jelena rozga itd nemaju pravo muzički nikoga osuđivati, a bio sam nedavno u Splitu što se tu sluša, neki se ljudi rostiljaju u grobu",0,0.0008969375048764051,607937
21599287,"Pri punoj svijesti, topao i napaljen objavljujem izlazak iz ormara-JA SAM GAY! To je glavni i jedini razlog mog napada na žene, moram reči da koliko volim dečke toliko mi se žene gade! Ovim priznanjem svim ženama se ujedno i i ispričavam! Svi muški iskrenih--TOPLIH namjera neka mi se jave u inbox! PUSICAAA dečkima 💋🌹",0,0.0007684316951781511,607269
21625204,"Plenki,Maric i Kolinda zgodni,sposobni i pametni ljudi.",0,0.0007573414477519691,607863
21593987,Toliko je dobar da iz godine u godinu ide u sve slabije lige... mislio sam da ce nesto u las palmasu napraviti jer je u to vrijeme las palmas imao odlicnu ekipu ali trener je skuzio kakav je ovo ludak pa ga je na vrijeme prodao. Ove godine je docekao priliku u repki i bio je jedan od najgorih igraca...,0,0.0005828196881338954,607201
21667617,To je transić 😂,0,0.0005311297718435526,608820
21606302,Kako to nema ga???,0,0.0004880594206042588,607038
21678481,"Dajete medijski prostor wanabe ""influencerima"" koji žele zarađivati na svojim objavama, a nažalost IQ im je manji nego sobna temperatura. I onda se pitate zašto svi pišu da su 24 sata najgorje novine u RH? Umjesto da stavljate vijesti o mladim talentima na bilo kojem području ekonomije ili nečega sličnoga - vi podržavate zaradu preko raznih objava kako danas i rade ljudi koji nisu inteligentni ništa drugo postići u životu (nažalost većinom ženski rod i ovi krkani tipa gosp. savršeni gej)",1,0.0004827409284189344,608930
21664875,"Provjeri pravila, moze se.",0,0.00046260835370048875,608768
21671491,ima 5 tisuca eura placu? a kad svicarci dodju tu na ljetovanje onda im je sve skupo :D,0,0.0004624264838639646,608866
21619131,"Trebala je biti jugonostalgičarka, bagro usrana.",1,0.00045503771980293095,607779
21614383,"Jebo te i on i Ante Pavelić sve zlotvori,okrenite se budućnosti,gube gubave",1,0.0004450191045179963,607714
21653265,"U Hrvatskoj kad bi rekao 100,000 opet bi rekli to nije ništa a svi kukaju kako se ne može živjeti i kako nemaji za kruh.",0,0.0004381297912914306,608463
21627679,Onda što je u pitanju 😋,0,0.0004379301972221583,607901
21662630,U tim uličicama je dozvoljeno 50 ???? Koliko se sjećam fotke ulica je cca 2 metra široka ......pa 38kmh ?? Tolerantnost suda je bezgranična..........možda utvrde i da se pokojnik uvukao pod auto golemom brzinom ?Očito je kakva presuda treba biti !! .......Produljuju suđenje da prašina padne i  zaborav nastupi.....Pošteno bez daljnjega !!,0,0.0004057638871017844,608644
21643680,Jeste vi normalni?,0,0.0003992696583736688,608195
21605665,pre bibilo obratno #,0,0.00039923301665112376,607511
21622658,Baš tak,0,0.0003977058222517371,607850
21592845,Vrabac na grani zna da federer nema hrabrosti igrat zemlju vec godinama jer tamo ima sanse ko messi u nba. Tako da cisto sumnjam da ce ove godine bit drugacije. Eventualno ako misli odigrat zadnju sezonu pa ka za emotivan oprostaj sa pariskon publikon da ispadne u prva 2-3 kola. Al u svakon drugon scenarij nema sanse da zaigra,0,0.0003935272106900811,607172
21597674,Balkanska posla.Bolje da nerade bit ce manje rezije a posla nista,0,0.0003918256261385977,607285
21670622,nije izmisljena bolest..vidim da si neupucen pa pricas s*anja...ti djecu s ADHD uspoređujes s življom i zlocestijom djecom ..pametnom dosta,0,0.00038536940701305866,608830
21628626,"A ne vidi, da neće, nego gnjavi...",0,0.00038157831295393413,607857
21615514,"Ljudi dolaze tu da ""ozdrave"", a on umre.. eto ti tragedije",0,0.0003787297755479813,607729
21656594,Ubilo ju .Mosad ne zaboravlja.,0,0.0003751360345631838,608464
21623061,"Budala će uvijek biti, nek jedu vola sa ražnja briga me ",0,0.00037222032551653683,607802
21637283,"Problem je što mali šmrklješa radi bolesne stvari koje je naučio doma. Treba riješiti minimalno njega, a onda i dalje po redu... To je generacija na kojoj bi trebala ostati ova država, trebamo se ozbiljno zapitati",1,0.00036983625614084303,608183
21671699,"ma i to ce otici najgori, ima i tih liječnika svakakvih, kad moram ici do njih muka mi,prvo se nacekas dobrano a kad dodes do njih onda te salje tamo vamo, kad ga pitas nesta nece ti reci i samo sljedeci...Pricam za takozvane specijaliste, dok obiteljski pojma nemaju, propise ti sirup ili tablete koje si i sam mogao uzeti u ljekarni.",0,0.00036758009810000663,608866
21593053,"Nije svjestan kolko je sreće imao...nogometno znanje 0, samo pon'znost, skromnost i mol'tva. Protiv defenzivno orijentiranih ekipa neće nijednom uzeti 3 boda, eventualno protiv ovih koji budu napadali zabije kojega na sreću ko i španjolcima. ",0,0.0003636578330770135,607193
21595013,Boli me k... za srbe i što će s njima biti. Neka se rokaju međusobno.,1,0.0003571783599909395,607218
21628202,pa šta se ti dičiš sa Hrvatskom uniformom kad si ti bosanka i ercegovka a ne hrvatica.,0,0.0003527252993080765,608002
21600614,"Saučešće, ode večeras i Giga Moravac.",0,0.0003526979126036167,607359
21611582,Koliko je ljudi bilo u kontaktu sa zaraženim?,0,0.00035122857661917806,607643
21679188,"Da, mislio da će biti prizor kao Paragvajka Riquelme a ono niš'",0,0.00035014265449717635,609057
21669084,"Veliki igrač, to nije sporno. Legenda. Sretan rođendan! ",0,0.00034059822792187333,608818
21624931,"Meni se zeludac okrene kad procitam njegova laprdanja.. Pravomocno osudjeni postao najveci predicar ""morala"". hahahaaaaaaa zemljo otvori se i povuci ga.. Doci ces i ti na red da zavrsis na sudu nis ne brini za druge, samo prijavljuj.. ",0,0.00034056979347951716,607881
21672057,ok.napravi pa da vidimo...;-)),0,0.0003351613995619118,608482
21687610,Fenix se strasno razumije u sport.,0,0.00033315079053863883,609201
21620162,"pa zar se ne govori stalno da se nogomet igra zbog navijača ? ... nekako mislim, da ih nema , ne bi bilo ni sponzora ni velikih transfera .... nego bi poslije posla žurio na utakmicu pa na ćevape i pivo ... ak pobijede klub časti .... ćevapi ne bi bili umočeni u zlato, samo napominjem",0,0.0003257227945141495,607802
21616021,dalmoš...,1,0.00031973159639164805,607438
21605240,"Pa da, cice i balonje se pale na nju.",0,0.000319011538522318,607477
21673012,Bravoo.,0,0.00031734077492728835,608892
21653086,Bitke ali i RATOVE.. 😉😁,0,0.00031389115611091256,608520
21618355,išli  su  u  nabavku  pa  se  posvađali  oko  nabavke...  to  jest   valjda  su  slabo  nabavili  pa  se  posvađali  oko  loše  nabavke...valjda  je  masirao  svoju  bolju  polovicu...jer  u  autu  se  nije  mogao  dovoljno  razmahati...,0,0.00031059069442562764,607754
21627137, Cijeli HDZ/SDP/Bandić365/HNS su korumpirani.... ,0,0.0003103909839410335,607959
21626199,"Veliki brat itekako voli muljaže, samo ne voli naoružavati nepouzdane i nelojalne partnere.",0,0.00030679235351271933,607922
21604727,"Kaze Mazohist „udri me“
Kaze Sadist „necu“",0,0.00030584726482629776,607453
21621146,"Ovo je smiješno, jučer ona mala govori da bi željela vratiti vrijema...danas ovi naši nemaju neke šanse, nekvalitetni, spori, prestrašeni...Skijanje je postalo rasipanje novca.",0,0.00030447394237853587,607823
21638384,"Pa znamo da je covjek ozenjen iako kaze da nije nista ozbiljno, jbg, nema tu trte mrte😁",0,0.0003022810851689428,607556
21643626,i jopet će zeljko reć...sdp i račan su krivi...,0,0.00029817750328220427,608195
21626837,Svaka čast.,0,0.00028985773678869014,607953
21647599,ciganija se obogatila na racun budala koje ih gledaju,1,0.0002854133781511337,608278
