id,content,label,score,article_id
21641700,Onda bi popravak išao iz proračuna znaci našim novcem.,0,0.0009350412874482572,608239
21597058,"Vidi ovaj tinejđerski bijes. Prvo se prijeti da ce se tuc, onda kad netko prihvati se povuce :( Klasicni 14godisnjak.",0,0.0007739024586044253,607156
21639833,"Uživajte,nadam se da i vitez uživa pod snijegom",0,0.000764836382586509,608203
21641777,"Kako je ne razumijete.Ona samo želi imati to nešto među nogama 24 sata dnevno,sedam dana u tjednu.",0,0.0007093530148267746,608293
21590069,"Vilo moja _ taj Ifrit je teško poremećen  , nema smisla s takvim komunicirati.",0,0.0006600291235372424,607123
21651323,"Moš to sanjat,ubojice uglavnom ne dobiju toliko,dileri,silovatelji,pedofili ne dobiju ni 10g.Pravo čudo je da je dobio i 5g.",0,0.0006578288157470523,608474
21663421,Pa ostani kod kuce ni nama vani nije lose !.😉,0,0.000599869410507381,608752
21602594,"I onda se čude zakaj je 300.000 tisuca mladih ljudi otišlo trnuhom za kruhom 300.000tisuča a sve više odlaze i ljudi iznad pedesete godine potpuni fijasko i pitajmo se kome to odgovara ,prodaju maglu da je u zg prosjek place 7000 kuna pa je u holdingu a znamo tko i kako dolazi u holding al nek ne propagiraju fol mjere za ostanak mladih a dopustaju ovakvo ismijavanje nad narodom ,i svi šute ",0,0.0005377156194299459,607398
21638392,"mary ...pa vidiš di nas je to dovelo...jebote voli svoj klub i svoj kraj ne moraš kamenom udariti onoga tko drukčije razmišlja ili navija  za klub koji ti ne voliš...pa ne volim ni ja Hajduk ali mi na pamet ne pada da te vrijeđam ili nedaj bože udarim radi toga...šta nam se to dogodilo koji vrag ...da se toliko mrzimo,još ovakvi slučajevi još samo pojačavaju mržnju među nama....",0,0.0005309699336066842,608188
21628528,"Pupovac moralna vertikala? Pitajte srpske babe po Baniji koje skapavaju u kućama bez struje i vode, šta je učinio za njih.",0,0.0005309503758326173,607978
21603512,Ne vidim što je u toj objavi pogrešno.......,0,0.0005108115146867932,607423
21632030,Prokleti hdz šta je napravio od ove države. Prokleti bili svi koji su se ovako nepošteno obogatili. Za to su naši mladići ginuli. Fuj lopino smrdljiva. ,0,0.0004955070908181369,607878
21610568,"Stalno jedna te ista priča. Kakvih pametnjakovića ima, sad možeš poslat poruku nekome da će dobit milju eura na račun ako se baci s Burj Khalife.",0,0.0004901881911791861,607585
21650562,zarobljen u svom svijetu...,0,0.00048377606435678894,608382
21625175,Jadan si,1,0.0004748614737764001,607899
21640570,"Glupi novinar 40cm snijega u imotskom, a da se malo raspitao inace kaj mu je posao znao bi da ima svega 23cm😂 ala budaletne",1,0.0004743512545246631,608236
21679364,*apeliram,0,0.0004599766107276082,609057
21618341,"Pobjedu u duelu,ne natjecanju",0,0.00045423355186358094,607759
21651041,"ništa, pojeo vuk magare. Možeš im staviti soli na rep kada ih štite više kasta i jedna univerzalna sila koja vrti univerzum-novac.",0,0.0004479014314711094,608474
21609597,sad je u sparu na akciji,0,0.0004319429572205991,607450
21663344,Seetro zamisljam vareta di klamata 😆😆😆😆😆😆😂😂😂,0,0.0004203426360618323,608414
21639261,"Kaže mi mitoman kojem se smije sav obrazovani puk. Kako je to svugdje kod zatucanih antifa trolova isto: što manje znaju više se postavljaju kao moralne i znanstvene vertikale, znanje im ej na razini mirka i slavka.",0,0.0004169782041572034,608038
21650243,Ako ovo nije cinizam onda i tebe treba strpati sa nijim u istu čeliju !,0,0.00040098352474160487,608407
21631595,Pokazi ti nama svoje Hrvatstvo? Ma nemas petlje. Ti si obicna picka.(oprosti pisem u satiri),1,0.00039554631803184753,608038
21648919,"Očito visokoobrazovani  fufljo 5-6 puta je uspio sklepati ...""i to je to""..... i to je to..............Sad mu čača mora obavezno ishoditi članstvu u HAZU.......ili bar U.........",0,0.0003847182379104197,608296
21620858,"Slažem se da ima svega, puno toga ne štima, ali sve je lako reći dok ti zdravstveno ne treba, onda je lako vikati bezveze plaćam, ali što ako ti to zdravstevno ne daj Bože zatreba, u vidu liječenja nekih teških bolesti? Jel vi znate koliko to košta? Mislim da su ti nesretni ljudi kojima takve usluge trebaju sretni što se izdvaja za zdravstvo da se mogu liječiti lijekovima ili nekim tretmanima koji ne zaostaju za lijekovima u bogatijim zemljama",0,0.00038461480289697647,607812
21589567,Pare su pare...jeste vi svi glupi pa mislite da je odradila to jer je profesionalka...ma daj molim vas,0,0.0003816342214122415,607119
21595406,6 poginulih,0,0.0003799957630690187,607233
21674418,"Mi iz Zagreba, jer sam ja 50 godina u Zagrebu smo na prvom mjestu. Prvom mjestu najglupljih država i na prvom mjestu skupljača boca. U nogometu smo tek drugi to se ne računa.  Jel boli",0,0.00037894159322604537,608928
21652618,"Jbg, nije imao sreće da je ostao priklješten i da je izbio požar na autu, rip majstore !",0,0.0003775428631342948,608531
21643421,"Od kletve kralja Zvonimira Hrvatskom vladaju judini sinovi a kmetovi podrzavaju iste, oni koji stanu na put judinim sinovima budu ilkvidirani uz aplauz naroda sitimo se samo Blaza Kraljevica te Zvonke Busica koji se ubia jer nije vise moga gledat unistavanje Hrvatske. Jadan narod koji svoje heroje prodaje samo da bi se ulizali EU i zapadnim ""partnerima"".",1,0.000374721537809819,608195
21638697,"Normalno je da dolaze mlađi igrači. Naprijed Hrvatska, iz Hercegovine!",0,0.0003707399591803551,608176
21607898,"Dragi novinari , cemu pisati o ovom zlu ? Oprostite vi nasu djecu poticete na ubojstvo , ovo je mimo svake pameti....?????!!!!!",0,0.00036635654396377504,607450
21651731,Da si informiran kako treba znao bi da pernar nema kćer nego sina ....,0,0.0003642578376457095,608458
21595971,isuse koji cringe,0,0.00036406776052899664,607206
21614665,Heheee:) ,0,0.0003605106903705746,607593
21632129,Meni se najvse svidja njezina haljina od junecih odrezaka :),0,0.00035640070564113563,607949
21652690,"Bilo bi dosta i 50 zastupnika, a sa privilegijama koje imaju plača bi bila 10t.kn i vise nego dostatna",0,0.00035448340349830687,608494
21623410,A vidi admina što se pravi blesav,0,0.00035347469383850694,607866
21622917,"Kako je jednom rečeno: ""Nacionalizam je tema za ljude do 300 eura prihoda mjesečno""",1,0.00035057199420407414,607855
21591886,"Shvatio čovjek da nije sreća u safarijima,egzotičnim putovanjima,skupim slikama...već biti među običnim pukom,skromno na  besplatnom koncertu i kuhanom vinu i da mu je sloboda Bogom ( HR krivosuđem) dana.",0,0.0003460140142124146,607150
21593512,Samo EURO! Kune u šume!,0,0.00034354711533524096,607184
21651684,Doncic je nesto ko kobe promasuje cijelu  tekmu al kad je najpotrebnije pogodit ce,0,0.0003390255151316524,608415
21672056,Pancho i ti bi da te netko sa strane? Hej S,0,0.0003386044118087739,608877
21671190,Sad samo kupiš,0,0.0003309148596599698,608832
21596881,Ne pise se u Banjoj Luci nego Banja Luci,0,0.00032888702116906643,607273
21638038,Bravo za kreativnost ! ,0,0.00032563769491389394,607253
21628100,"filomena, danasnja generacija je odrasla na Marvel-ovim filmovima. Stvarnost i filmska stvarnost su ipak malo drukciji. Dala mu dva samo udarca od kojih je cijeli natekao. Pa ga je digla sa poda i slikavala dok policija nije dosla. Onda su te slike nekako ipak dosle na twitter UFC-a kojem ona pripada i sada je to pozitivna reklama za UFC. ",0,0.00031479701283387834,607929
21618498,Što ste ono neki dan pisali o divljanju s BMW-ima. Statistika ide daleko više u korist ovima sa golfovima.,0,0.00031327002216130495,607792
21646542,"Možda, zvijezde, možda ovo možda ono, a možda bi bilo najbolje da ovaj članak niste niti objavili....",0,0.00031285188742913306,608381
