id,content,label,article_id,score
21602328,"Daj molim te prouči što znači TERMINOLOGIJA. Stvarno ima likova koji misle da su pametni kao sto enciklopedija, a ni hrvatski jezik i hrvatske pojmove ne razumiju. Kakvu školu si ti završio to nitko ne zna niti kako.",0,607370,-1
21646170,"Trebate li financijsku pomoć? Jeste li u bilo kojoj financijskoj krizi ili trebate sredstva za pokretanje vlastitog posla? Trebate li sredstva za podmirenje duga ili otplatu računa ili za početak dobrog posla? Imate li nisku kreditnu ocjenu i teško je dobiti kapitalne usluge od lokalnih banaka i drugih financijskih institucija? Evo vaše šanse za dobivanje financijskih usluga od naše tvrtke. Mi pojedincima nudimo sljedeće financije:

* Investicijski zajam
* Komercijalno financiranje
*Osobne financije
*Poslovne financije
* Financiranje izgradnje
* Poslovne financije i mnoge druge
Za zainteresirane klijente Kontaktirajte nas putem e-pošte: infotech.proton@protonmail.ch
Web: https://www.trepup.com/protongroup",0,608349,-1
21651799,kad bi bar tebi nes moglo pomoci,0,608440,-1
21653321,prco.. yugoskole-.. pa ova hdz škola j e gora od one  njemačke iz 41.. pokrali i rasprodali SVOJ narod..,0,608356,-1
21660682,"ne možeš ti ić na dan pada vukovara u beograd i gostovat na njihovom radiju i vrtit mantru da u vukovaru nije izvršen genocid na ovčari. pernarovi fanovi su sve nekakvi extremni srbi kojima je svima od reda tito idol, a tito je bio najveći genocidni zločinac u povijesti čovječanstva na ovim prostorima koji se proslavio likvidacijama nedužnih hrvata samo zato jer su bili hrvati. pernarov nacionalni identitet je sumnjiv i ja mu ne vjerujem. na stranu sve to što priča, a suzdržava se da ne prasne u smijeh dok drži figu u džepu. neuvjerljiv je vidiš mu da ne vjeruje u ono što obećaje. dojma sam da mu je IQ prosječnog obožavatelja na razini sobne temperature. ",0,608682,-1
21668078,"Ja bih samo primjetio da kad bi se zabranilo komentiranje, onda bi komentiranje trebalo biti zabranjeno na svim clancima, jer na svakom ima komentara koji se odredjenom broju nas vise ili manje ne svidjaju.",0,608822,-1
21669395,Jebem te usrani zivote..,0,608836,-1
21670425,Mutna posla?🤔,0,608860,-1
21670593,đankiji ne biraju kad je hića,0,608815,-1
21671595,Onakvu kakvu ti trošiš...,0,608877,-1
21671809,Koji klosar ajme,0,608877,-1
21672041,s pi*kom u mislima...bravo,0,608877,-1
21672717,"los dan,idemo dalje? na nesto sto je bilo pitanje vremena jer sigurnost nije bila na prvom mjestu ? im*e*il jedan",0,608836,-1
21724823,"dol.... zdal ne samo Vukovar nego  cijelu hrvatsku. sdrp 1989e razoružao hrvatsku i naoružao čede. sdrp bi trebao odgovarat i za sve ljude koje su čede pobile oružjem kojim su ih naoružali! Pošto je naoružao čede niije niti čudno da se cijelo vrijeme, pa i sad bore protiv RH. Samo što ih narod prepoznao pa se raspadaju ii nestaju.",0,609957,-1
21726353,"Družea kako je to JNA mogla preuzet oružje TO 1990e ,ako ga je u Hrvatskoj SKH-SDP predao 1989. a Slovenci ga nisu htjeli dat  ii obranili se njime? Hoće lli sdrpovci odgovarat za svakog ciivila kojeg su čede ubile oružjem kojim ih je naoružao i.r. ?",0,609957,-1
21588830,"Haarp dere sve u 16..daj moramo maknut ovaj kod Tušilovca, sve će nas pobiti. Geostorm film pogledajte ga.",0,606856,-1
21590367,Opet cenzure 😕,0,607144,-1
21590480,"hehehe najjači su ovi čobani što iz sela nisu izašli a znaju kako je negdje. ti si Veneciju vidio na internetu, kao i sve drugo. ",0,607124,-1
21591770,"hadred 18

Oprostite g. kolektoru, lapsus calami.",0,607124,-1
21592352,"Za ljude bez mašte su nalickani resorti s plastičnim palmama i šarenim koktelima. Za ove druge su mjesta kao Venecija i oni će ju sagledati sa svim svojim vrlinama i manama. Pazi ovu, u tri sata protrčala glavnim trgom i ona komentira kako ne valja? :))) Nisi ti sanja Veneciju ni vidjela, iako si kroz nju prošla.",0,607124,-1
21595241,"Red_army:@ Ma da! A nije li mozda zato, sto su novce pristigle iz SAD ulagali u  proizvodnju i stvaranje novih vrijednosti, razvoj tehnologije i obrazovanja, i nisu se razbacivali novcem gdje god su stigli i kako su god stigli kao sto su radili vlastodrsci u svim bivsim komunistickim drzavama sa N.R.  Kinom medju njom?? Zasto su onda, ako je komunizam toliko dobar  cak i Kina, Rusija, Vijetnam, sad eto i Kuba presli na kapitalizam kao gospodarski model? Tajvan izdajnicka americka kolonija?? Sigurno i Juzna Koreja, Japan,  Njemacka, zapadno-sjeverno europske drzave,,,,,,,,,,,. Zasto izdajnicka? Mozda zato sto su sve vrijeme u tim izdajnickim kolonijama,  vecina njihovih ljudi (izuzetaka uvijek ima) zivjeli 10tak puta bolje nego ljudi u komunistickim drzavama? Jesu li trebali biti siromasi da ne bi bili izdajnici i kolonija? Zasto je onda cak i Kina preuzela gospodarski model kolonijalista (SAD) i izdajnika (Tajvan i ostali)? I nisu bas svi cistaci WC-a u kapitalizmu. Velika vecina su ipak radnici svih strucnih sprema od NKVm SSS do VSS, u svim vidovima industrije, poljoprivredi i ostalim granama gospodarstva. Ne znam sto podrazumjevas pod KMET, ali ako se radi o radnicima u poljoprivredi kmet ako je dobro ili adekvatno placen za svoj rad NIJE kmet. Ako ti je kmet svaki onaj tko mora raditi da bi zivio i placao racune, ne znam sto da ti kazem, osim da je onda jasno zasto je komunizam propao..........",0,607210,-1
21595533,"""Izvjestaj"" , ""krivicno djelo"", sto je admine malo ste prekopirali tekst. Umjesto da tu lijepis zute idi reci studentu da je glup i nepismen.",0,607218,-1
21596658,"Jbo ovu nakaradu od drzave gdje je samo bitna zarada. To trcanje za matrijalnim je dovelo do velike netrpeljivosti medju ljudima! Nedo bog neki rat,ovu drzavu ne bi imao tko branit a to sve govori o danasnjem drustvu koje su stvorili kapitalisti",0,607210,-1
21596673,Da i držač za čašu,0,607272,-1
21596700,"eto dejo sada i ti tužan što nije uspjela i ova pljačka velikih domoljuba naroda,,a kaj i ti možda trebao dobiti dio kolača od pljačke kad si mi nekako nervozan što nismo kupili stare kanturine.",0,607272,-1
21596712,I ovako STA Ce nam te kante od aviona ili novo ili nista mi Hrvati smo puni para mala svicarska smo samo novo dolazi u obzir jer tako gospon Plenki i ministre odbrane ,0,607272,-1
21596896,"Čuj,Hrvati....a da nisu možda Bosanci sa hrv državljanstvom ? Mislio sam da treba biti pismen da budeš novinar,ali ekipi iz 24 sata...kao da im je netko iz HRAST-a novinar,a bome i admin hehe....ajde,sad me šikni van :p :p :p",0,607221,-1
21597199,"Ma zbog tih parazita  je i pao Karamarko, Hasanbegović i ondašnja vlada.Kad im je Hasanbegović ukinio njihovo reketiranje,visli su pred vladom po cijele dane i kukali kako nemaju što jesti.",0,607272,-1
21597200,"c/P: F-16 manufacturer Lockheed Martin announced early Wednesday that the Air Force had authorized service life extension work, which could keep the fighter jets flying past 2048. The service life extension program (SLEP) will encompass lengthening the lifespan of up to 300 F-16C/D Block 40-52 aircraft from 8,000 to 12,000 flight hours.",0,607272,-1
21597291,Možda dvokrilne i trokrilne fokkere iz doba Crvenog baruna,0,607272,-1
21597299,drugarice fna... jesi li pročitala što ti napisao Mrki Medo?,0,607272,-1
21599346,Braslave bogme si ga lupnuo...univerzalno!,0,607297,-1
21599446,Neeeeeee.😂😂😂,0,602498,-1
21602321,"macor11:
Ateisti ne mrze? Bubneš i ostaneš živ...",0,607297,-1
21604768,A zasto bi jednom Bosancu bila HR cilj  za zivot.  Kada vi sami svaki dan po petnaest buseva punite ka Njemackoj,0,607475,-1
21605211,Pa i nije lose...mogao je naruciti dostavu u kucu i ubiti se na plejki ko konj...6-7 dana..pa to je super jbt,0,607505,-1
21608197,Pa dobro kad ces odgovoriti gdje sam to tocno uvrijedila tvoje roditelje. Ovdje jedino citamo tvoje uvrede da sam ja kurva i spodoba a ni jednom jedinom recenicom ni rijecju nisma uvrijedila ikoga pa cak ni tebe,0,607505,-1
21594782,"Imate li kakav pametniji prijedlog s kojim ne bi maltretirali ljude. Zapravo to je od vas nemoguće očekivati. Država daje poticaje za sadnju duhana a onda bi zabranjivala pušenje. Kada bi zabrana pušenja bi i znatno stroža i kada bi cigarete poskupile 50% , naravno da bi se smanjio broj kupaca cigareta ali bi država taj novac od poreza na cigarete nadoknadila od nečeg drugog. Tako bi naje**** i nepušači.",0,607211,-1
21605367,Ti si k.... a ne branitelj !,0,607400,-1
21609032,"poz generalu iz mrkonjića,šipova,bočca,glamoća,grahova gdje je njegova ekipa desetke dane čistila tvornice,hotele privatne kuće,asfaltne baze i sklanjala ubijene poslije pogibije najpoštenijeg branitelja pauka,zato su danasnji generali čermak,rojs,zagorac,gotovina,krstičević,sopta,jelić i ostali najbogatija elita u hr",0,607433,-1
21609700,"Željko, ne čitaš ni članak, ni komentare. Valjda ujutro napamet napišeš 'šalabahter', pa dok ga ne isprazniš, ne odustaješ. Ajde sad lipo pročitaj; prvo naslov, a onda tekst članka. PA TI NAMA reci šta bi TI napravio ovom ''ministru'' za ovakvu izjavu? ( osim...ako ''u tvom svijetu'' ovoliko bezobrazluk nije nešto što se podrazumijeva, i normalno je ). ",0,607588,-1
21621815,Ma neeeee jos! Pa zasto? ... nek se desi jos par slucajeva pa tek onda nek izađe novi zakon. Slucaj “Daruvarac” je tak bezazlen ne. Jadna drzavo.,0,607826,-1
21623432,U blatu je jedino srbija sa svojim nasljednicima Miloseviceve vlasti a ti Pupovac i ostali znate dobro gdje je granica,0,607844,-1
21624999,baš je bil lepi onak okrugli...kak pajcek,0,607863,-1
21629054,Evo online kaznjenicke bojne,0,608020,-1
21631367,"šeći, šeći grbavi, muc, muc, muc... zadovoljan... hajde briši me",0,596193,-1
21649863,Bicko kao i ostali adezeovci kao i njihovi biraci.,0,608432,-1
21652274,hahahahahaaha.................hahaha žz populizam u napadu...........hahaha 2500 ste mislili onih koji nisu u komunama!,0,608458,-1
21771489,"Ovo je kao onaj ""A gdje je pečat"". I eto ti popularnosti u Hrvata, ccc",0,611053,-1
21596362,"Sretna nova:)
???",1,603498,-1
