id,content,article_id,score,new_label
21601947,"miko2312 ostavi se komentiranja, jer ako ovo nije zayebancija ti si panglup na desetu potenciju. ""Tamna"" strana mjeseca je opče priznata terminologija ljudi na zemlji, a zašto je tome tako pitaj nekog klinca iz sedmog razreda osnovne pa ćeš dobiti objašnjenje.",607370,-1,1
21632720,"Ne laži! I ne posipaj se pepelom jer nemaš pojma ni o čemu! ne znaš da je najviše exhumiranih jasenovačkih NDH žrtava bilo bez tragova nasilja dakle umrlih od epidemije tifusa 1942! Pojma nemaš ni koliko je ljudi streljano zbog pljačke, oružane pobune, bijega i sl. Ti sugeriraš u svom posvemašnom neznanju da je u Jasenovcu bilo masovnih ubojstava dakle istrebljenja, a to nije istina! Isto tako sada kada sam te demantirao dokazima više nije isključivo logor smrti aaaaaaahahahahaha a zašto sine? Zato što nikad nije ni bio! ",608038,-1,1
21630076,napio se dečko pa mu izletilo ono što misli i osjeća al je licemjer pa to ne prizna,608038,-1,0
21630185,Bistar ko sin od stevice culeja,608038,-1,1
21630403,..sramotno..,608038,-1,0
21630496,hibrid,608038,-1,0
21630710,"btw. svak od nas najmanje dva puta u tjednu konzumira preko hrane namirnicu u kojoj je vise vitamina C nego sto ga sadrzi limun ili bilo koje drugo zitrus voce i povrce, a to je krumpir.!. Znaci koliko ga se jede ne bi smjelo biti oboljelih od gripe.. ",608020,-1,1
21630792,"pa izgleda dm-ov, hahahha",608020,-1,0
21631521,"ufffffff , ",608038,-1,0
21631531,"Mali bistar kao i tata,ne pada jabuka daleko od stabla",608038,-1,1
21631619,A zasto uzas? Zasto sramota? Bar da imam fotoaparatic da i ja mogu narisati neki slican prizor i poslati ga Pupovcu ili jos bolje njegovoj braci koji su bili cetnici '91 bas da vidim jel bi se ti cudio velikoj sramoti.,608038,-1,1
21632417,ljudi u Hrvatskoj!!!! Daj maknite ovog Ljencinu bmi lupetara !!!!! Dokle ga još moramo slušati!!!! Boli glava i Vrijeme!!! Nevjerojatno koji neskolovani u Saboru !!!! Bože pomozi Hrvatskom Narodu !!!!!,608014,-1,1
21632999,"Ružno je stavljati obezglavljenoga četnika u kontekst sa Božićem i cijelim srpskim narodom. Sve ostalo je OK. Četnici zaslužuju smrtnu kaznu pa i odrubljivanjem glava. Podsjećam da je najveća demokracija, ona francuska započela najvećom sječom glava u povijesti ljudskog roda i to od u ono vrijeme visoko obrazovanih i civiliziranih osoba  - Dantona, Robespiera i Marata.",608076,-1,1
21594742,Možete slobodno na put. Danas neće biti bure iznad 5m/s. ,607215,-1,0
21636152,Kaze grbavi da sam ja ti tj da si ti ja hahahaha,608164,-1,0
21636353,"Najbolji štos u svemu je što ovaj psihijatar stvarno misli da netko još ozbiljno sluša laprdanje Pernara, Kujunđića (ili kako se već zove) i ostalih, pa će potrčati raditi ono što im dotični sugeriraju. Još uvijek vjerujem da u narodu nema baš tolikih bedaka.",608164,-1,1
21641766,"Dobro je Relja rekao: ""Brate moj, ovo je Balkan, dobro znaju šta je to, mafi*a, novčanice, pevačice i turbo-folk Balkan, dobro zna se ko je ko.""! Mos si mislit, kakvu kaznu ce dobit!🙄",608296,-1,0
21642293,"Za sve uataske pokolje i logore, u kojima sluzbeno nije potvrdeno niti 5 tisuca zrtava a pricalo se o nekim stotinama tisuca. Dok je u komunistickom rezimu potvrdeno sluzbeno minimalno 200 000 zrtava a brojke koje se viruju da ce bit na kraju kad se sve izanalizira je zastrasujuce velika. Ne pricaj sta nemas pojma kralju. Kad je tebi u redu pobit nevinu djecu i zene pa i muskarce, to dovoljno govori kakva si osoba. Dok ne svatis da je komunizam najveci zlocinacki rezim u povijesti SVIJETA, a nacisticki odma iza njega, neces bit normalna osoba",608296,-1,1
21642966,"kreša , rukiju je bilo i biće , a tebi jedan 'grbavi' savijet sa ispruženom rukom ---- predaj stranku Marijani Petir , postani obićan ćlan HSS , i da vidiš , za godinu dana ste na 17,6% kao druga politićka opcija . U rh #",608327,-1,0
21643970,Draga ti provizija a,608311,-1,0
21644192,Stranka pametno sa svojim bankarskim lobijem brine o građanima haha,608359,-1,0
21644435,"I Pernara i Pametno treba na goli otok smjestiti, kao i njihove birače jer to je veća opasnost nego vladajući lopovi i one lopine koje su bile prije ovih ! Jadna zemlja koja ovako šta ima!",608359,-1,1
21644495,PutZaNigdje@ tvoj i moj komentar nemaju nikakve veze,608038,-1,0
21644506,Odi zuji u dijasporu,608358,-1,0
21629768,"Evo pogledao sam i dalje tvrdim da baljezgaš gluposti.....Nismo prijatelji, čak se i ne moramo slagati, ali braniti glupost je za mene baljezganje..... Znaš Smogovoci, Pipi duga čarapa, Ne laži Melita, Zločesta djeca, Zuhra, Malnar u tom kontekstu..... ali eto samo ti dalje brani ovo super ti ide !!! Prijatelju !!!",608002,-1,0
21629262,"Popis HDZ afera i šteta koju su počinili svom narodu i državi:

FIMI MEDIA: 30.000.000,00
AFERA HEP: 630.000.000,00
HR AUTOCESTE: 25.000.000,00
AFERA HYPO : 5.000.000.000,00
AFERA PODRAVKA: 350.000.000,00
AFERA SPICE: 400.000.000,00
AFERA MEDIKOL: 231.000.000,00
AFERA HŽ: 20.000.000,00
AFEERA HPB: 245.000.000,00
AFERA INA: 2.000.000.000,00
RONCEVIC KAMION: 34.400.000,00
AFERA ĐAKOVŠTINA: 27.000.000,00
CROATIA LEASING: 17.000.000,00
SUNCANI HVAR: 571.500.000,00
SLAVONSKA BANKA: 150.000.000,00
AFERA BRODOSPLIT: 27.000.000,00
TVRTKA IMOSTROJ: 6.000.000,00
AFERA KAMEN INGRAD 60.000.000,00
AFERA SALONIT: 100.000.000,00
BLINDIRANI BMW: 4.200.000,00
AFERA BELUPO: 35.000.000,00
VŽ OTPAD: 220.000.000,00
JADRANSKA BANKA: 17.000.000,00
SKLADGRADNJA: 30.000.000,00
SHIMADZU: 200.000.000,00

Ima toga još...",608020,-1,1
21629237,"A pernatog u ludnicu,kao i njegove glasače!!!!!!!!!!!!!!!!!!!!!!!!!!!!!!!!!!!!!!!!!",608020,-1,1
21629199,a ful je puno bolje ak se to dojenče razboli i završi na aparatima i ko zna kakvim štetnim ljekovima farmaceutske industrije? bolje spriječiti nego liječiti,608020,-1,0
21622895,Pa ništa čudno...bilo napisano #Pipl in Croejša mast trast as# :)),607829,-1,0
21645345,"Ma tko može biti toliko naivan da je Hernadi preveslao našu vladu na ćelu sa Plenkovićem, ma ti lopovi su za to dobro znali!  Idu  logikom, ma ovaj anrod je glup, brundat će par dana i nikom ništa.",608195,-1,1
21622420,"Ili barem neki zatvor tipa brazilskih, meksickih, juzno-srednjoamerickih u kojima je tesko pozivjeti pet sest, godina a za to vrijeme svaki dan proklinjes samog sebe sto nisi ubio i sebe.",607848,-1,0
21647397,dikembe mutombo,608356,-1,0
21650749,"O nepravomoćnoj presudi odlučivat će i pravorijek dati viši nadležni sud. Imajući u vidu težinu ozljeda oštećene i njenu mladost, jer bezmalo je maloljetna, kao i bahatost optuženika, viši nadležni sud trebao bi preinačiti djelo u POKUŠAJ UBOJSTVA, kako bi mu se moglo dosuditi zasluženih 10-ak godina. ",608407,-1,0
21612345,"Zanim
Me tko bi im cistio wc, po starackim fomovima brinuo o njihovim očevima, radio po gradilistima, i u ostalim tvrtkama koje placaju pola bureka dnevno, trazili jeftinu radnu snagu, to su i dobili, i još se žale, pozz iz augsburga",607672,-1,0
21612521,"B.B.B a kaj ti znas o patnji hrv naroda? Osvrni se oko sebe covjece nista bolje nije kod nas nego preko granice, ali normalno, s**t cete po svima i svemu dok se isto ne pocne kod nas desavat, a pocet ce. J**o vas rat, sve vas koji ste cuvali vojarne po Istri i sj Hrvatskoj a danas ste svi Rambo",607680,-1,0
21646096,još malo pa će HDZ sa ministrom Medvedom tražiti mirovine za srbe koji su ratovali po  Hrvatskoj i BH,608363,-1,0
21588878,"Ja sam 90. godište iz grada od 10-ak tisuća stanovnika. Od moje generacije otišlo je preko 30 ljudi. Ja sam otišao ponajviše jer mi se ovo gadi, a nakon toga zbog nemogučnosti normalnog života. Za sve ove koji će reć8 da sam Drbin oli tko zna što,  jako dam osjetio rat, otac ke dragovoljac Domovinskog rata, majka i ja sm9 ranjeni u istom, proveli smo godine u izbjeglištvu itd.",607013,-1,0
21598817,lopovi sve smjenit treba citavu garnituru  a vi glupavi narode i dalje budite telad,607322,-1,1
21605681,"potrošeno je tu puno love na savjetnike ,putovanja provizije itd sada bi bilo moralno da odstupiš zajedno sa ministrom i vašim  lažima",607511,-1,0
21611062,"Carli,Hahahahahahaha, ohohohohohoho, hebo te Tito,taj nije nikad nikom nista vratio,samo je oduzimao od gladnih radnickih usta,za sebe svoje dvore i svoje vile, zlocinac bio i ostao.,ali odgovori mi ono o prodaji Ine,proguglaj kod zdravih ociju,sljepcu jedan.",607493,-1,1
21616860,"bando lopovska
od židova kupujete stare kante a ne od strateskog partnera SAD ,
treba kupiti barem 6 zrakoplova i to nova od SAD",607687,-1,1
21619533,"ursuss: HDZ ne krage zapamti,,,MI ( HDZ ) samo uzimamo ono što nije naše a narod nam to dopušta i onda to nije krađa već poklon od naroda.Krađa je kada se nešto na silu i bez znanja od nekoga oduzme.",607095,-1,1
21623902,"Demetra
Tu sei ""dietro con le carte""? 
= (Kasniš s kartama).
Ja slavim Badnjak svakog 24.12.  No danas je pravoslavni Božić. Opća kultura ajnc ( 1 ) sjedni. Mama i tata u školu!",607866,-1,1
21624419,Najpoganije je izdavati vlastiti narod i zemlju koja te hrani. Njega obilato.,607866,-1,0
21625254,"Od kakvog stresa?! Od stresa sto rjesio sebi i svojim buducim generacijama da bezbedno zive, da im nista ne fali u zivotu. A mi sto radimo, mucimo se i jedva sastavljamo kraj s krajem, mi srecom nemamo stres...",607863,-1,0
21627085,"Ne radim nocne sinek, moje je od 7 do 3 popodne, ali to je znanstvena fantastika za minimalicara i osobu bez ikakve ambicije poput tebe. Tebi je vrh minimalicarenje, konzerviranje, rintanje jer su svi sefovi valjda po tebi na svijetu najgori XD  ispijanje jeftinih piva iz Aldia . Ne znam sta se uopce upustam u raspravu lol zao mi te je lega, iskreno jer nisi ti kriv, takvog ogorcenog i jadnog te drzavetina te zivot u istoj napravio, nemam ti ja sta zamjerati, zivio. ",607863,-1,1
21627480,"Mozes ti trubit jos 5 godina pajdo , gdje to pise da ja to moram povjerovati lol ? Ides na ignore jer ne vidim smisao u gubljenju vrijemena ponavljajuci istie stvari tebi ""sefika"" hahaha. ",607863,-1,0
21628189, NitkoNikić: Ne griješi dušu. Iz svjetske države ERCEGOVINE koja je postojala proje svih država.,608002,-1,0
21644905,United Aircraft Corporation—Sukhoi’s parent company—has also secured a contract with Indonesia to deliver 11 Su-35 fighters for $1.4 billion ,608058,-1,1
21616113,Sad bu ti 100% dal žutoga. :)),607732,0.315093498,0
21601763,"Ovja tvoj svizac, ne da je plitka i tupa  fora, već odlično govori SVE o tebi.",607370,0.284515146,0
21622582,Slika 9....jel ženska svršava ?!,607850,0.282450167,1
21603471,Ovisno koliko si dobar😛😂,602498,0.278892591,0
21645070,"ma dajte  , pogledajte ga ,pa njemu niti jedan ne doktor,nego specijalista ne može pomoći. o jadna zemljo tko te gazi!",608359,0.27651378,1
21622511,Meni je bas ruzna zena.,607815,0.27627712,1
21650645,"Gdje su sad braniteljske udruga,janjci,plinske boce ,šatori i ostali artikli?",608467,0.274626496,0
21605708,Pa i sad glumi,607354,0.274494045,0
21592133,Kad budala zna.,607114,0.271443904,1
21664320,samo ti budi...možeš mu ga tutnuti,608766,0.271316231,1
21618232,"to cete vi platiti, uskoro ",607655,0.271236849,0
21590623,Pa kažu uzmi taksi jeftinije je 😂,607148,0.26892805,0
21602330,Izdrzi pajseru.,607398,0.268907851,0
21625042,Ja od stresa mršavim.,607863,0.268536286,0
21600167,Bravo. Kao da ste mene pitali sto napisati. 👍,607323,0.267413983,0
21594499,od mene bi iznudio kitu marjanovu :D,607198,0.266585478,1
21590892,Sve najbolje nadane... posalji koji evro,607150,0.265964213,0
21597001,Crveni alarm nikad suncanije...e moji prognosticari,607215,0.265674918,0
21643360,"Da, upravo hitam k njoj.",608327,0.265642232,0
21682984,Na kakvom si ti dopu? Čuj odšteta :))))) Kakav primjerak budale.,609023,0.26477294,1
21606416,Zasto se sad svi takmice ko mu je bio veci prijatelj cemu to ,607500,0.264361672,0
21619333,Ti si spiljski covjek?Odmah sam te prepoznao,607696,0.263465037,1
21672962,Znaš bolje? Hrpu šampiona si napravio majstore pa tvoja riječ ima težinu.,608895,0.26344296,0
21599496,Zagorci se budu tužili... baš čudno.,607329,0.263323586,0
21632324,"Ovo ko da su iz vlade pisali čovječe. Baš se super poklopilo, a ja već mislio da su naši zeznuli.",608058,0.261765621,0
21605462,Zna se ko ovde krade..... 😂,607492,0.261100508,1
21629227,a ko je ovaj bogec u Atalantinom dresu? Pa na kaj je taj nba spao? ,607932,0.260188651,1
21597856,"zdenko, reci Dodiku da je bosanac... ",607212,0.260038349,0
21640941,"Iva ostade dama, to cijenim. ",608218,0.25950992,0
21602139,"Nisam citao, za cega sluzi ta žičara?",607387,0.258677133,0
21639287,"E, moj spriceru, teško je biti čovjek,  jednostavnije je biti gnjida...
",608141,0.258595503,1
21590648,Bole@ tko je tebe sta pitao uopce?😁😁😁,606451,0.258473324,0
21663504,"Je, ti išao po tribini i ispitivo odakle su.",608752,0.258272882,0
21614651,Ne gledam takve gluposti..,607596,0.258028073,0
21620640,A onda je protrcao jednorog,607707,0.25783419,0
21644330,Boze spasi me od zene i muskih kretena.,608280,0.257807712,1
21598000,"Trebao je prije toga viknuti, gde si bre momčilo ?",607276,0.257733225,0
21671888,Sigurno im je uslisio molbe.,608449,0.257623867,0
21618500,Zbog tebe Zloćo ne masturbiraju.,607579,0.257441823,0
21618077,Sigurno su je oplodili pa da nesto novo iskuse a sad kao silovanje🤔,607711,0.257337406,1
21591102,Opet ta zlocesta djeca?,607144,0.256959577,0
21676572,Ma i9 ovako i onako si ti prepametna.,608517,0.256292846,0
21660167,to je hvala tuđmanu što ih je amnestirao i danas seru po hr,608711,0.255845207,0
21641357,tko promice lopovluk takodjer,608277,0.255527791,0
21665622,Pa ko jos ima takve dimnjake da ti ih mora dimnjacar cistiti?,608192,0.255240399,0
21645043,Samo se vi molite s neba ce vam poslati spas,608263,0.254725398,0
21640601,Invidico@ ko je tebe sta pitao?😂😉😉,608088,0.254483825,0
21687163,Sta je hercegovina zasebna drzava?,609260,0.254400306,0
21620456,na srecu nikada vise te umjetne tvorevine.,607742,0.254334223,0
21618677,Bitan ti imas te informacije blizi si tateku pa nam reci,607778,0.254187952,0
21642253,Haha a vidi sponzoruse se ujedinile.. Kladim se da je i nju silovao,608261,0.001478982,1
21669949,"Popusite mi kurac obojica, samo se dogovorite kojim redom cete !!’",608849,0.001068163,1
21590915,"
Bole top: Daj broj telefona i ne zezaj se . :-P :-))))",606451,0.000712319,0
21640287,"Jeste, lijepa je..no to ništa ne znači",608218,0.000657379,0
21647840,Sto normalan coijek koji se i malo razumi u nogometnu igru moze komentirat na ovako nesto?,608389,0.000627181,0
21605968,"ti si najobični hrvatski mitoman, živi dokaz zašto hrvati svršavaju na srpske kulturne proizvode kao cajke i sl i zašto su veliki hrvati kroz povijest kao tuđman npr bili srpske sluge jer neke velike razlike između vas i srba nema, za vas (i jedne i druge) istina je ono što je glogov kolac za vampire.",607044,0.000619407,0
21610659,U rijecniku pored rijeci korupcija stoji rijec hrvatska...isto tako i obrnuto.... ,607630,0.000617639,0
21644344,"Donosim 86 dolara na sat radeći od kuće. Bio sam šokiran kad mi je susjed rekao da je prosječno $ 95, ali vidim kako sada radi. Osjećam toliko slobode sada da sam svOJ šef.

--------------->>>> www.WebJob33.Com",608280,0.00060084,1
21625779,Jebo te on,607863,0.000587454,1
21653064,Šmrc šmrc ako tako nastavite dočit će do Hrvatskog dišpeta pa ćemo osvojoti EP i još koji put biti u finalu SP pa ćete još više plakati.,608389,0.000570633,0
21650796,Zatvor,608463,0.000567675,0
21611829,"Ufff ovo nije ni crni, ovo je garavi humor ",607646,0.000565536,0
21654313,"Izabrali su ga Hrvati,a ne Sejdine pristaše iz Teherana.",608545,0.000548301,0
21652276,"Toga sam se bojao. Sad će svaka fufa misliti da je nedodirljiva, kao da si i ovako nisu previše maha uzele, mogu vrijeđati druge, mogu širiti laži o drugima, mogu namještati drugima razne gluposti, mogu varati dečke ili muževe, kad i sa kime požele, a ako povisiš glas nakon svega na nju, poslat će te na robiju.",608518,0.000547545,1
21668442,jel medo:)),608334,0.000546442,0
21588589,Tribunjski Magarac rice.,607096,0.000520018,0
21669067,Ova je posaugala čitavu jedan bataljon ... I sad se nekome ruga da igra ko pi*ka hahaha ,608820,0.000517516,1
21629831,Tu je vidljiv da je nesto vec bilo izmedju njih dvoje  zato ga izbjzgava,607962,0.000507823,0
21678517,Novinaru jadni! Pelješac nije otok nego poluotok!,608996,0.000505819,1
21687940,"Dobro nam došli u Hercegovinu,braćo!",609260,0.000503618,0
21669806,onom na kraju prvog poluvremena,608849,0.00046974,0
21592897,"Tvoja se mama sigurno prepadne kad god tebe vidi, 1307",607143,0.000457247,1
21589181,Pola žlice mljevenog papra !?Mislim da je to previše !?,607041,0.000446063,0
21593096,Jeli to on gradonacelnik Zagreba ili napustenih životinja,607180,0.000423465,0
21623884,hebo nas sve pas ako ste vi normalan portal,607892,0.000417413,1
21600295,"Za danasnje vrijeme moze se reci da je prerano. Steta stvarno, meni jedan od najdrazih nasih glumaca. :(",607359,0.000409607,0
21622030,"Čekaj malo šta se ne kaže buket sa toliko i toliko ruža,nego cijena?Kako seljački,pa šta je ovo?",607815,0.000406465,0
21593137,"Zasto ti svi ljudi iz BIH imaju taj komplex isti? Covjek ne moze ne spomenut svaki put ljude iz BIH, branitelje itd., sorry ali tome nije mjesto u sportu. Dns slusam, frajer opet melje o ljudima iz BIH, nek neko ne shvati to krivo niti protiv ljudi iz BIH nesto, al zamisli da sam trener BIH i svako malo govorim hvala Hrvatima, da nema Hrvata, da nema ovo, da nema ono.. Ljudi bi me poceli pljuvat",607193,0.000397563,0
21621971,vepar pozvao vatrogasce?,607800,0.000397198,0
21637246,"Mali je samo napravio glupi post na f.b. i nista vise, nema tu nikakve kaznene odgovornosti. Amen.",608183,0.000386513,0
21724242,"Nemojmo dizati tenzije, ajmo prešutjeti sve da nebi neki opet bili ugroženi.........",609957,0.000378633,0
21684645,majstor ide na natječaj kako bi dobio posao popravka 20 m ograde i zamjene ventilatora u wc-u i mora priložiti garanciju banke za ozbiljnost ponude. kako to da vlada koja u ovom momentu plaća milijunske garancije za uljanik isto nije tražila od izraelaca??? ,609179,0.000373758,0
21659709,"Ne znam, ne može netko recimo nositi uniformu policajca, a ne biti policajac. Ili bilo što drugo. Tako i ovo. Ako nešto počinje sa ciljem da se prevari drugog čovjeka, a sebi i za sebe priskrbi bilo kakva korist, meni tu ništa ne može biti dobro. Istinska milost kroz čovjeka to nikada ne bi radila osim ako je uzurpirana od onog drugog u nama.",608354,0.00036354,0
21599729,"Izrađujem više od 7 tisuća dolara mjesečno radeći skraćeno radno vrijeme. Čula sam da mi drugi ljudi govore koliko novca mogu zaraditi na internetu, pa saM odlučio da ga pogledam. Pa, možete početi ODMAH.

➨➨ ➨➨ WebJob33.Com",607346,0.000358463,1
21593401,Al za utjehu ti ostaje sto ne gubis na cijeni auta abnormalne tisuce eura svake godine zar ne?!,607042,0.000348158,0
21606256,Ma tražiti se svaki dan . :-)))),607038,0.000346005,0
21636850,Mihic nemoze nista pored Strleka i Mandica...Mandic igra halfa u obrani dobro...A za Sipica se slazem,608176,0.000345785,0
21630018,ne stoji joj dobro,607887,0.000343048,0
21637513,ok  no probemo,608059,0.000337826,1
21598935,"Aja, ne sjecam se vise sta je pisalo🙃 ali nitko bitan kad ga nema vise.",602498,0.000335088,0
21671593,Ponekad smrt zna biti lijepa.,608877,0.000332558,0
21604544,Satrali ste nas s tim rs spodobama,607476,0.000328673,1
21606854,"nije.gol.skužajte
",607494,0.000328021,0
21589471,"Svi Automobili su odlični,ako su novi,,a sve ostalo je Smeće,,,Kupujte samo Nove Automobile i nećete imati briga barem 5 godina.Novo je Najbolje !",607042,0.000325907,0
21598483,al ce biti nezadovoljnih ''partnera'',607272,0.000324782,0
21628729,"P aa između ostralog ""za dom spremni"" koristili su borci u domovinskom ratu i to pripadnici HOS-a.............1991-1995 to nikom nije smetalo ...Sada to odjednom Orjuni i UDBI smeta..... ne govori nitko nikad o pozdravu iz NDH nego je on uvjek u kontekstu domovinskog rata. Etio sa zvijezdom na čelu su partizani""oslobodili ""državu 1945 godine ...sa zvijezdom na čelu su JNA razarali Vukovar, Dubrovnik, Škabrnju, Liku,Slavoniju , raketirali Zagreb ....pa dan danas imamo spomenika po Hrvatskoj sa petokrakom ....zašto ne ""urušimo"" sve te spomenike ............... zato što se odnose na razdoblje antifašističke slobode.........isto tako ne treba skrivatio i rušiti spomen ploče pripadnicima HOS-a iz domovinskog rata a na kojima piše njihov pozdrav................. Zašto nebismo imali ista mjerila za sve.......... ",607779,0.000320811,0
21655068,Ne razumijem smisao kupaćeg kostima na snijegu?? Kupaci - valjda za kupanje,608546,0.000320127,0
21612778,WOOOOW!!!!,607630,0.000317985,1
21650786,Ugroza,608439,0.000315981,0
21602771,Cipelarenje covjeka na podu bi trebalo gledat kao pokušaj ubojstva. ,607383,0.000313846,0
