id,content,label,article_id,score
21616113,Sad bu ti 100% dal žutoga. :)),0,607732,0.3150934980879257
21601763,"Ovja tvoj svizac, ne da je plitka i tupa  fora, već odlično govori SVE o tebi.",0,607370,0.28451514579761
21622582,Slika 9....jel ženska svršava ?!,0,607850,0.282450167140683
21603471,Ovisno koliko si dobar😛😂,0,602498,0.2788925911874839
21645070,"ma dajte  , pogledajte ga ,pa njemu niti jedan ne doktor,nego specijalista ne može pomoći. o jadna zemljo tko te gazi!",0,608359,0.2765137801664352
21622511,Meni je bas ruzna zena.,0,607815,0.2762771204297204
21650645,"Gdje su sad braniteljske udruga,janjci,plinske boce ,šatori i ostali artikli?",0,608467,0.2746264957471793
21605708,Pa i sad glumi,0,607354,0.2744940454188233
21592133,Kad budala zna.,0,607114,0.2714439036088473
21664320,samo ti budi...možeš mu ga tutnuti,1,608766,0.2713162306040058
21618232,"to cete vi platiti, uskoro ",0,607655,0.2712368493011529
21590623,Pa kažu uzmi taksi jeftinije je 😂,0,607148,0.2689280499143802
21602330,Izdrzi pajseru.,0,607398,0.2689078506081093
21625042,Ja od stresa mršavim.,0,607863,0.268536285950829
21600167,Bravo. Kao da ste mene pitali sto napisati. 👍,0,607323,0.267413982920207
21594499,od mene bi iznudio kitu marjanovu :D,0,607198,0.2665854779853617
21590892,Sve najbolje nadane... posalji koji evro,0,607150,0.2659642129329925
21597001,Crveni alarm nikad suncanije...e moji prognosticari,0,607215,0.265674918312843
21643360,"Da, upravo hitam k njoj.",0,608327,0.2656422317295741
21682984,Na kakvom si ti dopu? Čuj odšteta :))))) Kakav primjerak budale.,1,609023,0.2647729396646475
21606416,Zasto se sad svi takmice ko mu je bio veci prijatelj cemu to ,0,607500,0.2643616720445473
21619333,Ti si spiljski covjek?Odmah sam te prepoznao,0,607696,0.2634650371782954
21672962,Znaš bolje? Hrpu šampiona si napravio majstore pa tvoja riječ ima težinu.,0,608895,0.2634429598374371
21599496,Zagorci se budu tužili... baš čudno.,0,607329,0.2633235861061935
21632324,"Ovo ko da su iz vlade pisali čovječe. Baš se super poklopilo, a ja već mislio da su naši zeznuli.",0,608058,0.2617656210408451
21605462,Zna se ko ovde krade..... 😂,0,607492,0.2611005080745907
21629227,a ko je ovaj bogec u Atalantinom dresu? Pa na kaj je taj nba spao? ,0,607932,0.26018865126476
21597856,"zdenko, reci Dodiku da je bosanac... ",0,607212,0.2600383485505293
21640941,"Iva ostade dama, to cijenim. ",0,608218,0.2595099195274083
21602139,"Nisam citao, za cega sluzi ta žičara?",0,607387,0.2586771325539091
21639287,"E, moj spriceru, teško je biti čovjek,  jednostavnije je biti gnjida...
",0,608141,0.2585955034577775
21590648,Bole@ tko je tebe sta pitao uopce?😁😁😁,0,606451,0.2584733239517264
21663504,"Je, ti išao po tribini i ispitivo odakle su.",0,608752,0.2582728820549244
21614651,Ne gledam takve gluposti..,0,607596,0.2580280726997406
21620640,A onda je protrcao jednorog,0,607707,0.2578341895439408
21644330,Boze spasi me od zene i muskih kretena.,1,608280,0.2578077123257679
21598000,"Trebao je prije toga viknuti, gde si bre momčilo ?",0,607276,0.2577332250727775
21671888,Sigurno im je uslisio molbe.,0,608449,0.257623867011808
21618500,Zbog tebe Zloćo ne masturbiraju.,0,607579,0.2574418230827545
21618077,Sigurno su je oplodili pa da nesto novo iskuse a sad kao silovanje🤔,0,607711,0.2573374063679773
21591102,Opet ta zlocesta djeca?,0,607144,0.2569595766202947
21676572,Ma i9 ovako i onako si ti prepametna.,0,608517,0.256292845820151
21660167,to je hvala tuđmanu što ih je amnestirao i danas seru po hr,0,608711,0.2558452067210477
21641357,tko promice lopovluk takodjer,0,608277,0.2555277913047862
21665622,Pa ko jos ima takve dimnjake da ti ih mora dimnjacar cistiti?,0,608192,0.2552403989393395
21645043,Samo se vi molite s neba ce vam poslati spas,0,608263,0.2547253978018483
21640601,Invidico@ ko je tebe sta pitao?😂😉😉,0,608088,0.2544838245661927
21687163,Sta je hercegovina zasebna drzava?,0,609260,0.2544003061383105
21620456,na srecu nikada vise te umjetne tvorevine.,0,607742,0.2543342225817521
21618677,Bitan ti imas te informacije blizi si tateku pa nam reci,0,607778,0.2541879516827488
