id,content,label,article_id,score
21636746,Ugodna ti nocna.,0,607969,0.4231153149705279
21633327,Imate i vi pravo.....,0,607267,0.4167161250421323
21658230,"Štanga, nebitan si",0,608619,0.4085584216455278
21652701,I sad ce pola zagreba strahovat.. bas IQ ko broj cipela,0,608531,0.4082897285068609
21630282,Zasvrbilo,1,608036,0.4034917369712878
21589181,Pola žlice mljevenog papra !?Mislim da je to previše !?,0,607041,0.4030544695091845
21676971,U soku sam. ,0,608968,0.40232550516667
21609341,sto sa ovim imaju vjernici molim te pojasni mi,0,607586,0.4022958639708621
21604607,Pa grbav i je!,0,607329,0.4005453853996089
21647362,Nadam se da taj nece ziv doc na sudenje!,1,608365,0.3996023983808005
21629354,kolika je našeg luke surla...,0,607980,0.397611092013549
21598395,Sve prosvikalo.,0,607206,0.397341472163295
21608532,Bude ti netko odg.sto posto. Imala sam ja isto kao ti😉,0,607038,0.3955753504192799
21654904,"Napiši, je*eš crveni.",0,608520,0.3954210107061265
21592899,Dosadno ,0,607141,0.3939114674444179
21646947,"Nemoj kukat u mom sjelu je niti nema, kamoli da radi😂😂😂😂",0,608205,0.3914662005118581
21662715,"al voliš peglat...vredna neka zena hahahahaha,,,",0,608212,0.3905244086389962
21677154,Ovo je lopovska drzava i amen,0,608968,0.3899544586751586
21666765,Koji monstrum bi ostavio dijete od 2 godine i otišao u reality show.Kakva mater...,0,608745,0.3894738367241518
21639922,Nema kruha bez motike!,0,608203,0.389172603608952
21646011,Strasno koji mozgovi...,0,607885,0.3877412418149324
21621844,Da i to medju hrvata i slovenke😂😂😂,0,607815,0.3876075870294114
21656705,Koliko. ce tu para vladajuca stranka zamraciti. Neopisivo,0,608576,0.386792994274994
21617653,Mojih 100 kn vise necete vidjet,0,607766,0.3864772118581574
21590091,Volia bi da ga vrate,0,607125,0.3857445751349554
21725104,ja sam siguran za svakog. kvislinzi.,0,609957,0.3856837365293181
21645822,Ne kuzim ovu famu oko pevaljke ,0,607887,0.3853125695146536
21632149,"Je li vas bar malo sram, sve komentare ste obrisali hahah...",0,607709,0.3844541078409555
21644547,"al dobro, al kužim ja tebe ... Za vas članove zločinačke organizacije , ili propaloga sdp-a - struja i voda su vjerojatno luksuz ...",0,608359,0.38439064204393
21676181,"Volim sumce ali ga trabuljaš,ajmo malo provjeriti udbine poslove krajem 80-tih i poćetkom 90-tih pa ćeš i vidjeti gdje je to sve otišlo,kako je Ljubljanska banka sjebana Ondustrogradnja štrajkovi Gortan Novogradnja Vijadukt itd itd.",0,608957,0.3839590701473938
21617087,"bitno da si ti loren pozitiva,,",0,607736,0.3830557144033951
21662970,Mali je alergican na klavocin pise ti u tekstu. Zato je dobio sumamed. I covjek ne moze bit rezistentan na antibiotike.,0,608753,0.3825420724957362
21667009,Hahaha..aj lipi pozz cure 😍,0,608632,0.3818033017568316
21607384,najbolje da tebe tako pametnoga stave da ih oba zamjeniš. ,0,607508,0.3815851324921064
21666682,Lino ionako se tebe ništa ne pita. Ti si u drugom planu ko i svi ostali izbornici Kauboja u zadnjih 10 godina.,0,608801,0.3812155564906738
21654873,bbbdado:     potpisujem.,0,607866,0.3811857787363217
21642414,"Zamisli, zena skuhala sarmu....odusevljen sam, zasto to nije na naslovnici",1,608259,0.3797751900966231
21608617,Nemam rijeci s kojima bi mogao opisati ovu tugu i bol..,0,607558,0.3796839695164729
21663869,Tako to bude kada čačkaš mečku u čipku.,0,608682,0.3793668811102798
21633890,.....nek vam vrate lovu..,0,608029,0.3792556738642296
21614201,Bas me nasmija posteno!!!,0,607698,0.3791009787254898
21625104,To je bil tvoj dan ljubezni najljepsi Dan ki ne mine nikdar...,0,607816,0.3790652007653656
21636276,Tip.greš. Đakić,0,608139,0.379033737872083
21597759,Koja glupost,0,607191,0.3788660116134448
21644561,Imamo hrvatistan.,0,608356,0.3787623095634687
21636141,jadnici krenite pernarovim stopama,0,608164,0.3784128641447564
21648240,Koji komad budale...,0,608356,0.3776291811188252
21596673,Da i držač za čašu,0,607272,0.3775758344198549
21673473,Kandelaber ti izgleda i sanjas nas,1,608905,0.3768847322739079
21647466,Nemojmo osudjivati g. Dragana Covica jer mi iz RH ne znamo sto hrvatski narod u BiH prozivljava,0,608388,0.3762879957643402
