id,content,label,article_id,score
21626297,A ti zivis u?,0,607929,0.4133728766304569
21606587,Mi u HDZu mrzimo lopove,0,607436,0.4031904794266613
21637513,ok  no probemo,0,608059,0.393278243770475
21601349,sad znamo tko je suvozač,0,607346,0.3887766706497555
21623939,O da...lupaju 'ko mahniti..,0,607866,0.3861941767355843
21654539,Ne bi me čudilo,0,608556,0.3856239233177346
21635091,"nikolce,ja se cudim tebi",0,608038,0.3786083630219875
21662650,Daj malo... 😂😂😜,0,608212,0.3768265149628321
21590993,Sretno Jano!,0,607143,0.3762410098047755
21623995,"Tebe nitko ne ""svata""",0,607866,0.3757209102450349
21662088,"Zanimljivo,al svi u grupi su extra ruzni.Al zato mjuza ok",0,608740,0.3739985503772871
21627979,na temelju cega bi im ti dao vece penzije,0,607873,0.3732566728247612
21598637,"XxxxX0049:@ Vlastita valuta je ok ako imaš rast proizvodnje i izvoz u treće zemlje, pa kontroliranjem te valute utječeš na cijenu svoje robe. U RH 80% repromaterijala je uvoz/unos izvana i ovo malo proizvodnje ovisi o euru. Izvoz (uglavnom) usluga je striktno vezan uz Euro. HNB je vezala kunu uz Euro, svi mi imamo zalihe u Eurima, sve iole vrednije od voća i povrća na placu se oglašava i prodaje u Euru...Gdje je tu ikakva samostalnost kune?  ",0,607184,0.3729824793993311
21593915,Sramiti se svojih tetovaza??,0,607101,0.3718992973195989
21643897,Ja sam tamo rodjena😁,0,607556,0.3696308855790089
21602219,kažeš baraba ha,0,607317,0.3690697204051711
21626987,"A ja tebe, tico, dok si jaje bio... 😉",0,607707,0.3688497046040509
21663675,sta ce žabar,0,608691,0.3688021936539739
21654459,Nemoj vrijeđati Čingaćeve čevape 😉😋,0,608479,0.3663539627173693
21631866,Opet bedastoće pišu. ,0,607591,0.3660287167209874
21637857,user_111811:hvala,0,607420,0.3656080668934059
21684432,Stavit cemo klauskog ,0,609179,0.3654122242931583
21605843,Roy zezam te😛,0,607234,0.3652973189684939
21644015,"šta je tebi dijete krivo,jer zato što je većina!",0,608296,0.3650990226905099
21646841,Zeljkopz... citas li ti ovo?,0,608388,0.3647756943835876
21640041,"Gara maštao bi on,a mašta radi svašta.",0,607721,0.3645061628813126
21671595,Onakvu kakvu ti trošiš...,0,608877,0.3642186147110633
21623196,"Ok, jel se sad i ti malo zezaš?",0,607819,0.3632877869766517
21606516,tko tebe pita?,0,607511,0.3627514082924194
21650197,Jadan je onaj tko tebi da svoj glas. ,0,608458,0.3627023639070784
21651652,Jel ko kuzi ovaj vic,0,608424,0.361760430751515
21601991,Sretan si dok si živ...,0,607225,0.3613883756612979
21589918,"Ha, tko ti kriv kad radiš u istoj firmi kao suprug.",0,607119,0.3613213473553549
21640660,Ajme i ja san slaba na njih 😊,0,608218,0.3608912375916458
21672619,Di trosis svu tu pamet?,0,608890,0.3601781872027452
21596027,Mi hrvati! ,0,607221,0.3583770277278331
21723481,a jesi uporan,0,609953,0.3575127198617477
21656668,..ove će tebe satrat vare...;-))))...,0,608265,0.3560089503498616
21638914,"Kebin sine, zabrini se......",0,608211,0.3559283681415142
21589017,"Hoce, hoce, pocelo je, klupko nizbrdo, samo da nam je cia dobra!",0,607100,0.3554714985927852
21595422,Srbi ti taslačili kevu,1,607217,0.3552227127250692
21627605,Mrš i ja,1,607965,0.35519208035481
21594612,Nisam kreten,0,607194,0.3545309079402476
21594821,Haha.ja bih takvog ☺,0,607180,0.3544524031611888
21610019,Naso se nas postenjacina nesto reci.,0,607560,0.353908318413387
21624824,možda su falše ka i moje,0,607892,0.353735444039018
21619927,I mislila sam...,0,607707,0.35366180634454
21636555,Sretan ti bozic ,0,608152,0.3528254523186964
21612809,Svi to radimo hehe,0,607593,0.3528044724851522
21634084,cat mene pitaš ?,0,607591,0.3521779495053008
