content,label,id,score,article_id
Auti,0,21608678,-1,607262
Puhnuo vjetar i sa Sljemena raspršio po Zg onu kemiju sa staze,0,21596481,-1,607258
"JA dajem predlog da se svi nezadovolni Hrvati, Srbi i Jugosloveni uclane u novu Jugoslavensku socijalisticko- komunisticku stranku ( treba je prvo osnovati) i tako lepo osnuju bazu nove Jugoslavije i socijalistickog uredjenja! Jel se vi Hrvati slazete sa mojom pro-YU idejom??",0,21677155,-1,608957
Je treba im žuta vrpca oko ruke pa čak i oko nadgrobnog spomenika...svima..:)),0,21606974,-1,607497
"Haha da ti ""tamo' imaš kaj već bi odlepršao u voljenu otađbinu ali moraš na žaliost ostati tu",0,21637076,-1,608183
KOji propust zaštitara pa zar za siču da najebeš baš si idiot.,0,21643744,-1,608274
"Naravno. Kazniti će je jer je ukazala na njihove nepravilnosti i kritizirala rad liječnika. Pouka je, pisni i krepat ćeš. Komoru vode štakori, korumpirani polusvjet i ološ.",0,21654854,-1,608384
A sta rec na ovo i kamen bi proplaka jadni roditelji uzas nemam rici doista,0,21656045,-1,608570
"Pa sto da je pisalo ubi srbina,  nije trebao ispravak ljubi srbina: Nikad necu zaboraviti one cetnicke pjesme . Slobodane salji nam salate , bit ce mesa, bit ce mesa , klat cemo hrvate!!!!",0,21660432,-1,608682
Ma htjela sam vas pitati zašto zabraniti kom.kasmije sam skužila da vjerojatno mislite na ovom članku..ne općenito.ali dok ja skižim,0,21667983,-1,608822
"@crnidemon...Opčenito mislim,nevezano za ovaj slučaj jer čemo sigurno ovih dana čitati o posljedicama piro tehnickih sredstava...",0,21590588,-1,607144
Ovi u rs kao da su u sastavu sssr-a,0,21593718,-1,607187
"Mrki neznam samo ko je drzao vecinu kradezeu u saboru.Manjine (srbi ,romi i ini)",0,21597262,-1,607272
Znam mnogo Bosanaca tj. Bosnji i nikad nisam cuo hajmo na kahvu nego samo cujem hajmo na kafu ba,0,21599599,-1,607340
I ko za peh...sigurno su u njima moji paketici sa ebaya :(,0,21600526,-1,607352
"Braslav  je u pravu,razlika između ateista i radikalni crkvenjaka ili džamijaša je da ovi prvi NE MRZE i započinju ratove, za razliku od licemjerni i nemoralni vjernika, ovo nemoralni se odnosi zbog toga što ih ne tangira pedofilstvo u njihovim LJUMIMCIMA.",0,21603891,-1,607297
Bolje ti se zapitaj koliko je Milosa Stefana i Lazara u jamama u tkz lijepoj vasoj . Jadovno Jasenovac Stara Gradiska Rab Pag Jastrebarsko. Treba sram da vas buxe naslo nekome nesto da pricate,0,21613349,-1,607614
"Koliko zlobnih komentara, nevjerojatno. Vidi se koliko smo mi Hrvati zatucan i pasivan narod kad umjesto da se podržava Davora (bez obzira na nacionalnost), uspoređuje se s ratom... ma molim vas, jel moguće da ste toliko zatupljeni? Pa kakve veze ima rat s ovime, šta bi se sad Davor trebao pomiriti s time i odustati od toga sto čini zato jer je “i u ratu ubijeno puno ljudi”? Sad bi on trebao odustati zbog toga i preuzeti vasu pasivnost umjesto da se bori za nešto bolje kako se to ne bi vise toliko dogadjalo, da prestane otvarati ljudima oci o tome kakve su ubojice i svinje na vlasti? Ljudi, dajte stvarno, nije ni čudo da nam je tako loše stanje u RH, pa pogledajte koliko ste pasivni i isprani mržnjom!!! Sram vas bilo!!!",0,21619858,-1,607794
Ma neee...ne stignu naši tu pisati..moraju u kockarnice))),0,21624570,-1,607820
Sva sreća da te niko ne pita. Pametniji si kad šutiš,0,21628094,-1,607917
Legalno izabran amen !!,0,21631423,-1,608026
"da bravo , sta svi koji idu na skijanje idu da se dokazu nekom ?? smo ljubomorni malo ?? ajde daj ziro racun pa da i ti mozes na skijanje ...",0,21633573,-1,608082
Pitam nekad neke žene koja su varale muževe sa mnom-šta recimo ako bi se desilo da zatrudniš-ja nekako u brizi jbg-kažu on većinom-ma neće se to desiti a i ako se desi- onako ledeno pa šta ću rodila bi nebi mu ni rekla nit bi on skontao-bilo bi njegovo-odmah sam prestao se viđati snjima-kad sam vidio kako mogu biti hladnokrvne!!!!Nemojte mi sad ženske komentare ono kako mogu biti takve-99% se to uvijek nekoj drugoj događa a kad se Vama dogadja onda je to eto nekako jbg desilo se normalno !!!,0,21633933,-1,607969
"Da da.Njemu je ""zaista"" stalo da Trst bude cist jer skitnice su otpad.Ne volim ni ja klosare ali klosari su veci ljudi od vecine ljudi.Najgore je biti licemjer ko vecina.U Bibliji pise i ubojice i razbojnici vas pretekose u kraljevstvo nebesko.",0,21634055,-1,608092
"Alana_4: S kim tih 99.9 % žena varaju svoje partnere?.....Ako ne sa mnom i s tobom, onda s nekim trtecim koji pita ili one pitaju njega.

",0,21637033,-1,607969
Skupljamo pomoć ..dijaspora zove!!,0,21637341,-1,608154
"Evo u Sankt Antonu ducani jos uvijek normalno rade, police su pune, i ceste se ciste... za sad je ok... al da ga ima ima, i pada sve jace. srecom pa radim u hotelskoj kuhinji. Barem hotel ima veliko skladiste s hranom...
",0,21642837,-1,608154
"Dobro ljudi šta ste očekivali u siječnju u ALPAMA? Je ekstremno ali to su ljudi koji se bore sa snijegom svaku zimu, i kada stane sve će se u roku 24 sata vratiti u normalu! Pa nije to kao 10 cm snijega u zagrebu pa da sve doživi kolaps! Danas gledam neku simpatičnu austrijanku, žena vesela i nasmijana kaže podsjeća ju ova zima na prave zime kakve su bile kada je bila mlađa i svake zime im je bilo tako do unazad 10ak godina. Svi koji su nastradali su stradali jer su se unatoč upozorenjima kretali područjima na kojima su kretanje zabranili..ajd ne pravite od muhe slona i svima vam želim sretan povratak vasim kućama.",0,21642911,-1,608263
"Ima onih koji stvarno idu da uzivaju u skijanju,ali ima i onih koji idu kako bi mogli reci ""mi smo bili na Tirolu na skijanju'nadam se da ce svakog oplesti po njegovim razmisljanjima!ima tu prenamaganja i s..es....anja!Ako imate tolko love pomozite ovoj sirotinji!",0,21642975,-1,608263
Jesam panglu. S kim i o ćem sa ja dopisujem.. Roger.,0,21646281,-1,608363
uhljebe iz hrvatske zatrpa snig u alpama,0,21647546,-1,608263
"..jel"" istu onu koju si i ti završio..odlikašu..!!",0,21652268,-1,608363
Podška Čoviću i prijateljskoj Republici Srpskoj. Kontra muslimana koji žele zatrti Hrvate.,0,21653484,-1,608545
evo ja dobih dva minusa. sto li?,0,21653591,-1,608545
Admim i parizer bojna kontra naroda....,0,21654220,-1,608545
Putovanja vjerovatno si neki tatin sin hdzeovac i tebi je dobro zato ne kakii HDZ je napravio veci egzodus nego srbi devedesetih sram ih bilo ,0,21588828,-1,607013
"I sve sad dolazi na naplatu u ovoj hdz državi, od samog nastanka NDH pa do danmas sustavno se pljačkalo i kralo , ugled i čast i domoljublje se stjecalo sa tim tko je više ukrao i opljačkao taj je veći hdz domoljub, i sad kad se nema više šta pljačkati dolazi do egzodusa Hrvata kako kaže čak i Šeks Biblijskih razmjera ! i što sad? od kud dati ovim preostalim veće plaće kad je sve vrijedno opolkjačkano, kad se godišnje daje crkvi u Ercegovaca 1. milijarda kuna, kad se isplačuju sve pemzije Ercegovcima preko 3. milijarde kuna godišnje samo da bi se kupili njihovi glasovi koji izgleda više neće nikome koristiti ni vrijediti, sve je propalo u NDH !!!!!!!!!!!!!1",0,21589093,-1,607013
ako se ima za ercegovce i lopove popove onda treba biti i za radnike koji su još preostali u Hrvtskoj !,0,21589095,-1,607013
Starakajla a neee on josuvijek vjeruje Kradezeu i materi crkvi kao kaj vjeruje malo dijete u deda mraza,0,21589872,-1,607013
"Biće se i on kani kandidirati za precjednika države pa doša malo među narod , a i  ima sve  reference za to , bio je u Remetincu, ima više podignutih optužnica i za nijednu nije kriv niti će biti osuđen, a pokretnu i nepokretnu imovinu nemoguće je i nabrojati...",0,21590695,-1,607150
"Messer... ok. Kako sdrpovce natjerat da vrate što su opljačkali, uništili i veleizdajama podijelili?",0,21590896,-1,607013
"....Brodotrogir Trogir 1922, Metalska industrija Varaždin 1939, Mundus Varaždin 1892, Varteks Varaždin 1918, Jadranka Vela Luka 1892, Zdenka Veliki Zdenci 1897, Dilj Vinkovci 1922, OPECO Virovitica 1896, TVIN    Virovitica 1913, Pik Vrbovec 1938, Borovo Vukovar 1931, Maraska Zadar 1768, Badel Zagreb    1862, Cedevita Zagreb    1929, Chromos Zagreb 1920, Croatia osiguranje Zagreb 1884, DTR    Zagreb    1914, Dukat Zagreb    1912, Elka    Zagreb 1927, Franck    Zagreb    1892, Gradske pekare Klara    Zagreb    1909, Gredelj Zagreb    1894, HRT    Zagreb    1926, INA Zagreb    1883, Jadran    Zagreb 1930, Jamnica Zagreb    1828, Katran Zagreb    1890, Končar    Zagreb 1921, Kraš Zagreb    1911, Lipa Mill Zagreb 1907, Medika    Zagreb 1922, Pastor Zagreb    1930, Pliva Zagreb    1921, Prvomajska Zagreb 1936, TEŽ Zagreb 1929, TOZ-Penkala Zagreb    1937, Tvornica duhana    Zagreb    1817, Zagrebačka banka    Zagreb    1914, Zagrebačka pivovara    Zagreb    1892,Zvijezda ulje Zagreb    1916,Karbon    Zaprešić 1932, ""UNION"" Tvornica cokolade Beckih dvora u Zagrebu 1911.a 1923 osniva se ""Bizjak""tvornica keksa,napolitanki i vafla a 1950 Tito ujedinjuje tvornice i preimenuju u antifasistu ""Josip Kraš""… ",0,21590927,-1,607068
"Jos gutas slovo H? ja ne znam sta se ti bunis? To su sve tvoje komunjare koji nemaju zive veze s Hrvatima, imaju utoliko kad treba Hrvate oderati. Oh da zaboravio sam ja da ti mrzis i prave Hrvate poput Glasnovica koji svoju cijelu placu daje u humanitarne svrhe. Mrzis ti i branitelje, a pogotovo invalide, sve si to vec dokazao u svojih milijun komentara. Zato drugi put dobro razmisli kad budes pljuvao vrli hadezej da su to sve potomci od onih titica ili njihovi pioniri koje ti velicas, svi su oni izgubili drzavu sugoslaviju, a ne dobili Hrvatsku drzavu. Istina da ima dosta i pravih Hrvata koji glasuju za njih, ali oni su slijepci, ali mi nije jasno zasto si ti slijepac pa ne vidis da su to tvoji.",0,21591275,-1,607068
"Ministre, dok god ćete ubijati proizvodnju svega i poticati uvoz jeftinih nekvalitetnih proizvoda u HR do tada se neće dogoditi ništa. Također smanjiti sve gluposti koje nepotrebno opterećuju gospodarstvo, a dobro znaš što je sve to. BEZ PROIZVODNJE NEMA NAPRETKA",0,21592670,-1,607176
i adezeovac,0,21592692,-1,607150
Ova vlada i dosadasnje vlasti su zlo i gledaju samo svoje interese. Dakle za narod je dobro suprotno od onoga sto zele foteljasi i guzicari.,0,21592861,-1,607184
"Kojih balavaca ovdje ima, ne možeš vjerovat, ne mislim se vama ispovjedat, sve što sam imao, to sam i napisao, a vi se i dalje u HR držite RVI ""pemzije"" i uhljebničkih položaja i kudite ""jadnu"" i ""preskupu"" Njemačku!",0,21593235,-1,607013
"Interesantno kako biogen na zapadu to siromasnima daje prakticki probono, a nas HZZO i vlada muku muce da osiguraju doze za realno mali broj pacijenata?!",0,21594284,-1,607200
Ovaj most je djete hdz-ja i sdp-ja i što onds možemo od njih očekivat.,0,21595012,-1,607211
"Miki...ima li još mjesta...mogu biti ii stajača, bum se snašel ...sam nek je plačica petnajstak tisučki i da ne moram niš delati...ajde kume pogleč se da kaj zmisliti..............šifra; VJERNOST DO GROBA-ZAPOSLI JOŠ KOG SVOGA",0,21652919,-1,608372
