id,content,label,score,article_id
21603171,"Davno sam trošila na ono što mi treba i ne treba.đu biti sam tako se rješavala nekih frustracija., instant sreća.",0,-1,607303
21599075,"Pri punoj svijesti, topao i napaljen objavljujem izlazak iz ormara-JA SAM GAY! To je glavni i jedini razlog mog napada na žene, moram reči da koliko volim dečke toliko mi se žene gade! Ovim priznanjem svim ženama se ujedno i i ispričavam!! Svi muški iskrenih-TOPLIH namjera neka mi se jave u inbox! PUSICAAA dečkima 💋

",0,-1,607276
21601490,"Žao mi ga je, nije bio u godinama da mora otići, ali dragi Bog ga je uzeo , neka mu je vječna slava.",0,-1,607359
21620755,"Dirk sluša Sašu Matića i tu sva diskusija završava.Vrsta glazbe sa drugog kraja spektra i ne možeš mu tu davati primjere ili tekst neke pjesme kako bi on uvidio da je to nešto drugačije što on ne razumije.O takvoj netoleranciji pjeva Manson no ne i Saša Matić.Dečko nije shvatio zašto su na cajkama tučnjave,vade se noževi i pištolji.Razlog tome je poruka tih ""skladbi"" Žene,nevjera,alkohol i još kad tome prododaš da su posjetiteljice u minicama i štiklama kao pod pravilom onda je to neizostavno.To je jednostavno image svih ovih subkultura.Zato pankeri izgledaju kao pankeri,metalci kao metalci a ovi što vrte žarulje tako.",0,-1,605510
21642391,"Pa tezi nas dosta da ima nekog kraj sebe ko te volj i koga volis...uz to ide i to ribanje peci da se nebi potrovali oboje 😊 al eto, neko nadje prije ili posli...ko kaze da mece Iva recimo nac brzo nekog...vazno da joj pase pa kad god to bilo",0,-1,608218
21651295,"A i to slušaš,o tugo i jado.Vozi Dizela,sluša Krmka,misli da ja polovni Merđo što mu čača na kredit uzme vrhunac života, da nisi ti ovaj Đakić iz Kradezeja???I još polupismen, u tvojoj glavi mora da je lijepo za jednu umnu sirotinju.",0,-1,608387
21614949,Bas dal je dalmatinac/otocanin...bodul😁...NE ZNA on za te druge nego 10/1...i da zna ne zna!😁 Jel tako dal?😉,0,-1,607569
21616549,Dzabe ti je bit srebrni ili zlatni kad se to kasnije ne prenese u seniore...strasno kolko nam je kosarka u purcu,0,-1,607747
21624360,Jel zna kuhat da je ženim ?,0,-1,607892
21664582,E jesi ih krsto. Pa nije tebi nitko govorio kako ces ti granatirat bradonje..E jesem ti ga..,0,-1,608766
21674932,"Nije Orahova , nije ni malo bezazlen Nganno imaš na youtube njegove mečeve , tip ima pakleni kroše ,, njegovi udarci lome kosti ",0,-1,608898
21615649,"Sada je grb s prvim crvenim poljem, nije 1990 godina, a ima i hos prvo bijelo.. pa su se nazvali po ustasi, imali marseve s povikom da su ustase i za poglavnika..",0,-1,607714
21631719,da je samo malo manje kičasta bila bi odlična. Bez zavjese naravno!,0,-1,607941
21639591,"Ma dragi nasi dalmatinci ne boj te se, snijeg vas nece unistiti, nece nanijeti apsolutno nikakve stete na vase preskupe apartmane za iducu godinu......to je samo malo malecko srznute vodice koja vama u svom izvornom obliku ionako nece doci do vaseg gusta.....",0,-1,608221
21643803,"Tila sam tebi odg, al vidim da mi je pobiga komentar 😂😂",0,-1,608267
21667119,"Luda Kokoš1: Kažeš aljkavih; da je barem samo to: preklani je došao dimnjačar  a kod kuće je bila samo moja84 g stara mama, bila je južina i kad je majstor otišao mi smo morali dati ofarbati komplet kuću. A lani je majstor uzimao zalet najprije u seoskoj birtiji a kasnije ispred dućana pa kad je popodne navratio bio je ko spužva pa sam ga otpravio. Nije problem tih 75 kn a dimnjak si ionako čistim sam jer sam nabavio sve potrebno.",0,-1,608192
21637185,A u kojem komentaru netko brani malog?  A kaj se tiče sive tvari ti je preispitaj jel ne kužiš provokaciju.,0,-1,608183
21644292,"Otorinolaringoginekolog...nemoj tako,ipak je to njihov link..da je neki drugi eeeee onda....licemjerje na djelu!!",0,-1,608342
21646060,"Samo daj,ja nemam nista protiv.Samo se svi ovdje ku.ce kako bi ga trebalo ovako i onako...Samo znam da ja toj osobi nebi prisao ni na 100m jer je to bolesna glava.A ti ga slobodno kazni kako god stignes,puno ljudi bi ti bilo zahvalno.",0,-1,608365
21652405,Sad moze 5 godina lijecit svoju agresivnost...prijavit i seficu...  Kriva je jer nije pozvala ni hitnu ni murju.. 😉,0,-1,608518
21660469,"Evo i ja cu reci. Bavimo se drugim susjedima. Sa srbima smo raskrstili 95' i to je to. Ne znam zasto se ne pise o italiji, sloveniji, madjarskoj? Koga u RH uopce zanima srbija? Sluzbena politika ih ignorira, zasto se narod ne ponasa isto? Sto pametnog mi mozemo tamo vidjeti, cuti? Cemu ovo sve?! ",0,-1,608682
21724158,Vizeže nek ti je vječna slava i hvala🇭🇷🇭🇷,0,-1,609957
21626691,uzgajao ćaća guju u njedrima ,0,-1,607571
21633452,"kompa - Da, napisano je još jedno mrtvo slovo na papiru. Da si pažljivo pročitao moj komentar shvatio bi da se IK nijednim slovom ne dotiče pravne neravnopravnosti spolova pred sudom. Uzmimo za primjer jedan od poznatijih slučajeva, odnosno Severinu, prosječna narkomanka koja redovito zanemaruje dijete ali ipak nijedan sud ne želi dodijeliti dijete ocu s kojim bi zasigurno živjelo u sigurnijem okruženju. Općenito, mediji su prepuni članaka gdje očito žene iskorištavaju djecu kako bi uzeli što više novaca bivšim muževima. Nijedna konvencija se ne dotiče te očite nepravde dok se u medijima neprestano gura floskula kako su žene ugrožene.",0,-1,607969
21637186,"Idi bre dačiću drmni po litre manastirke i sanjaj miloševićevo šulence. Ko te bre zavadi a mozgom??? Ijao izvinjavam se, zaboravio sam da su ti ga sastrugali nakon rođenja.
Pij dunav, srči pesak i igraj žikino kolo s ćosavim vojvodom.",0,-1,608163
21619772,Šta sam sad ja kriv?,0,-1,607713
21595100,"Uberdriver...stara narodna kaze: nije bitno sto se govori, nego tko govori! A ti si u ovih par komentara puno rekao o sebi...ukljuci aplikaciju, cekaj voznje, svima ces uljepsati dan!",0,-1,607211
21597405,"Vau, koji komentar. Evo ti jos jedan minus",0,-1,607281
21604916,"interesantno kako likovi imaju visoko mišljenje o sebi, samo ne znam na temelju čega??? i svi skupa ne znaju sataviti suvisih deset rečenica ( đakić, glogoški, kiro prosviro, culej,.......) tk oih vrednuje??? pajdaši i prijatelji, ja tebe ti mene, čiste sinekure na državnim jaslama. vani bi pali travu bez obzira gdje si bio devedesetprve kak kaže uvikupravu ( metodom sile i prinude te pretnje )",0,-1,607464
21616024,Ajde carli brini ti o svojoj Srbiji jer Albanci uzese sve do Nisa !!! Mani se ti Hrvatske i Tita !!!,0,-1,607630
21622295,"Svaka ti nas mjestu.. Da mu je do pravde, smetalo bi mu hodanje zločinaca po Vukovaru.. bilo čijeg.. dok su mu srpski zločinci - ""nejač"", džabe mu mlaćenje prazne slame.. malim ljudima dobre volje želim da ih badnjak ugrije slogom i ljubavlju..",0,-1,607844
21629499,"mozete mu traziti i ""dlaku u jaju"", ali cu ipak za njega glasovati. ZZ se popeo prilicno visoko pa sad treba malo pljuvanjem pojacati hdz/sdp. Ne, ni jedna nasa stranka nije bas nesto sto bih volio, ali mi je pun kufer ovih stalnih nametnika , lisnatih usi, krvopija. Ovaj je toliko proziran i direktan, baz znam da ce takav ostati.",0,-1,608020
21630599,"Sinovi politickih uhljeba su se razmahali kao da je cjeli svijet njihov, i njihovih caca.. prvo onaj Cule-jev sad  Dzakicev.. Rekla sam ja lijepo jucer u jednom koment. ne pise nam se dobro, ne dok je ovakvih protiv kojih nitko nista ne poduzima zakonski.. Kaze nije nacionalist, a sta si.. ? Da nisi ne bi takvo sto objavio, badava ti tvoje uklanjanje, a i stari ti je sigurno ponosan na tebe... Nema sta, sve vise i vise se dokazujete sto u vama cami.. ",0,-1,608038
21631503,I sto je tu krivo? Jel smo se lizali sa cetnicima ili ratovali?,0,-1,608038
21642885,Ma kakvo kazneno dilo? Di je to moguće da bi napravija mali Đakić. Pa nije on ka njegov strika ki je ubija čivika. Niti govora.,0,-1,608296
21643385,Vidi se da si učio matematiku na grahu.Kako si došao do brojke od 6 godina? Ako je žičara zatvorena 2007 a sad je 2019 koliko je to onda godina?,0,-1,608303
21646103,"na pedijatriji jesm, na ovim drugim ne. koji ti je broj košulje,ona što se kopča pozadi.ja ču ti je kupiti, možda nemaju tvoj broj.ako bi broj bio po tvojoj IQ..tako mali broj ne postoji!!",0,-1,608359
21651212,"Majko Božja, dokle će ovaj maštati. Gdje je milijun Hrvata od 1014.? Koliko ih je u najboljim godinama likvidirano 45 i nakon toga? Eno ivek, skoči do arhive , kod tebe je u BG i do one u N.Sadu, sve imaš tamo. ",0,-1,608442
21652342,A tko upravlja ovom državom? Stranka koje je član taj mali pajcek i ćaća mu! Sam sebi u usta skačeś.,0,-1,608479
21609148,Jw je sigurno ti je tu u tvom malom zapecku. Probaj malo izac u taj svijet pa vidi koliko je siguran. ,0,-1,607450
21642236,"Savrseno nas zaboli kako ko izgleda
Samo novac!!",1,-1,608265
21671816,"Uvjerena sam da je ukusno, ali meni jednostavno ne ide. Jedino čokolada sa rižom :-)",1,-1,608482
21623062,"Ako laže zbog ovakve sitnice, koliko tek laže kad je proračun u pitanju...",1,-1,607860
21658374,"Ne znam tko mu je otac,ali mali je zgodan.😊😉",1,-1,608620
21661049,Mucica bi izgleda da snimimo filmić samo ne znam dali ima prangiju ili crnu rupu jer o tome ovisi dali će klapa past :)))  Prangije režem a crne rupe punim ;) ,1,-1,608682
21592052,"Pogledajte samo sto su do sad ""radili"".NISTA.I tako ce i ostati.Kad nesposobni zavladaju oni zele da svi oko njih budu nesposobni da ih nebi grizla savjest.I da se ne otkrije da su nesposobni.",1,-1,607176
21624788,točno  tako  kako  kažeš  treba  osuditi  svako  nasilje  koje  je  pićinjeno  i  ćini  se  bilo  ljudima  bilo  životinjama...jer  inače  mi  ljudi  postajemo  najkrvoločniji  mesoždere  i  predatori  na  kugli  zemaljskoj...koliko  samo  pobijemo  zivih  stvorenja  da  ih  smažemo  u  slast...među  kojim  su i  psi  na  meniju...no  osuđujuće  i vrh  monstuma  je  kad  to  ćinimo  iz  objesti  a  nije  nam  potrebno kao  hrana..ili  iz  razloga  što  su druge  boje  druge  vjere  drigaćiji  od  onih  koji  drže  u  rukama  močno  oružje...u  ovom  slučaju  treba  saznati  što je  ponukalo  tu  osubu na  monstruozni  zloćin  nad  tim  živim  stvorom...,1,-1,607880
21600323,"Kaj se komentara tiče i nije baš najoriginalniji, na portalima ih je puno istih...mislim to je prvo kaj ljudima padne na pamet...",1,-1,607359
21602269,Ovaj Said isto budala....koju vražju mater ne odjebe tu šaku jada....Nije ni on vedeta ali trenutno najjači napadač....a amateri odlučuju,1,-1,607380
21606192,"Opet sam dobio opomenu što sam napisao da janica nije ljepa ! Pa kako da napišem laž da je ljepa kad nije ljepa, pa nek dobijem i trću opomenu ali moram napisati istinu.",1,-1,607512
