id,content,label,article_id,score
21623448,"Plenki, više zelenja jesti, cili si propa'.",0,607853,0.3716724190001433
21607075,Ma hebes guzicu bitno da se talasa..,1,607038,0.3361740175846652
21590438,Rečani reku: krepat ma ne molat..🙂🙂🙂,0,607117,0.3333097806377533
21671284,i mene je moj cinkal ženi u koju birtiju zalazim..,0,608863,0.3316974899612007
21620007,Kupis audia i golfa ili francuza strepis dok vozis da nebi planuo,0,607800,0.3313049123469532
21621178,"Komunjare su ""komunjare"",samo ime ti govori...i jedan i drugi su obozavatelji zlocinackih rezima,znaci isto je",0,607819,0.3287580830916176
21598546,Dugo nisam čitala ovakvu bedas... 😂,0,607269,0.3271690327555533
21630655,"Boze sacuvaj... ovaj ""kontroverzni""saborski uhljeb nije u stanju sebe izlijecit..Vitamin C ne lijeci gripu, nit i jednu drugu bolest..",0,608020,0.3249970948678149
21659168,"Mora se ubiti Špiro!,  a Špiro nema ni Nobila, ni Sloković, ni Prodanović.  E sad, dragi moji građani, pokušajte reći da se u ovoj banani zakoni ne provode",0,608646,0.3244596894776698
21658129,Neka pored njegova omena pišu sileđija ili bandit to mu je prikladnije.,0,608619,0.3235249143130086
21643495,100 000 000 000 bokte ja bih kupio neku drzavu 😊😊😊,0,608341,0.3223389494953696
21595975,da si ti bio sa janicom.. jel bi se javno hvalio?,0,607247,0.3219409390531005
21604578,zamisli kakvi perverznjaka ima da ti zbog takvoga ljudkoga stava lupaju minuse.,0,607373,0.3210720469478295
21645107,Jel se našminkala prije nego je išla kuhati sarmu?,0,608259,0.3206894271452375
21605237,"Dobro večer,Mojca jesi li kušala kavu sa cimetom ?",0,602498,0.3204844409429987
21602249,Kada ti je domet putovanja do obliznje birtijetine i krug oko komsiluka u prciji u kojoj zivis onda drugacije ni ne mozes razmisljati. ,0,607370,0.3184590831017427
21634310,Jel ona koristi kremenadl kao jastuk ili odojka stavi pod glavu?,0,608035,0.3176296917457767
21597722,Dođi na trg pa to izjavi ko če koga gaziti.,0,607266,0.3173639357745604
21667150,"Ma hajte najte. Zašto bi njoj sestra bila assistant kada Ministar ili ljudi zaduženi za to imaju svoju sestru, brata ili nekog rođaka.",0,608370,0.3166724170427522
21670389,"A di ti možeš otic, jedino u dugopolje... Lik nema veze s vezom",0,608812,0.3166088056119652
21674994,Pa gdje si frende dugo te nije bilo jesi zaljecio rupu da neboli,0,608899,0.3141704543318946
21601316,"Zeljac,daj ti meni reci jel hdz kriv za ista,jel hdz napravio bilo sta lose za Hrvatsku,u svim godinama dok su bili na vlasti? Bilo sta? Vidim da spominjes lopovluk,onih drugih lopova,a sta je sa ovim prvima? Dal oni imaju koju aferu?",0,607153,0.3130042980817598
21645945,"Pa koji će se kura* javljati? Čemu to uopće? Pa može MUP-u svako malo neku ""čestitku"" odvalit na zid. Da znaju sa je tu, ne? O iruda ti bola..",0,608356,0.3127715171461809
21595721,Jad i bijeda da se ezo.tv ekipi daje ovakav prostor...,0,607147,0.3125422798807324
21627708,Tek sada kužim ovu priču sa avionima. Pa ameri i židovi su saznali za dijetu i dali su mu da pocucla limun. A ja naivac mislio da nas hoće prevariti.,0,607863,0.3122948191963946
21687783,pinökio-wien@ E u tomu grmu lezi zec. Zena Ruskinja! I u redu. Iz cega si u mojem prvom postu zakljucio da mrzim Ruse? I sto je u njemu krivo?,0,608185,0.3116040371177695
21628985,"Rubi znaš to onu, kum kumici .........",0,607593,0.3115460285660844
21634627,"minnieMe@ .. često pročitam i taj izraz,  zamisli i u hrvatskim novinama. Ja ti živim u inostranstvu od rođenja pa nemogu uvijek znati, kome s meta i gdje koja riječ p r ipada. :)) I ne opterećujem se.I to, ima li netko bogat riječnik ili ne. Ipak ću ti napisati jer sam fer, saobraćajka..ili sudar automobila. A možda  i prometna ili saobraćajna nesreća....Vjerujem kako ti je sada jasno. A mogla si il i mogao pogledati u google jer nije to sramota? Kao što nije sramota napisati udes..ja baš u hrvatskim novinama našla.. potkrade se. 😏Kako god, samo ti opet pitaj. Mogu ti na još 3 svjetska jezika reći, ako bude trebalo ..javi se. Slobodno javno. Nismo pagani, jer što više znamo, to viśe jezika govorimo, a toliko vele i vrijedimo.A sad pozdrav vam. ",0,608079,0.310730965528617
21669433,Na ovu mi se ni ne dize a kamol da ga bacim u nesvjest na njen pornic..,0,608820,0.3103584302876889
21639968,Ja valjda zivim u jedinom djelu Njemacke i europe gdje nema ni pahulje snjega..,0,608203,0.3102647483498509
21660941,Pinka kruha i paket salveta........,0,608703,0.3102037609813641
21628493,"diaspora to ti je ono kaj bdije nad vama u Domovini ha, ha ,ha...",0,607978,0.310200815863632
21595908,pridružujem se čestitkama...a ovi ostali nek pljuju....,0,607247,0.310019283725217
21595837,"A komemtara ovdje, kao da vi nikad niste igrali pikado...",0,607221,0.3098945361526646
21611056,"EL ROI istina ,i te kakve problema ak se zavleče u tuđi kokošinjac.",0,607554,0.3098898026472007
21684611,"Ne grijesis.Mislio je Krsticevic amerikance nasanjkati , ignorirajuci njihova upozorenja. A njegova tvrtka buducnosti je vjerovatno vec raznorazne dijelove za stare krntije narucila.",0,609179,0.3097253779554412
21597486,"A ja budala mislio da se rad za nagradu zove plaća. Sve je to divno i krasno, ali to samo znači da ćemo svi mi koji radimo izvan državne si*e plaćati više. Nekima pare, a nekima što bolje rade to država više uzima. ",0,607281,0.3092166771088718
21670364,Pa pitam Bubamarac_2 😁,0,608782,0.3091998950425064
21613144,Boze i ta budala jos ziva...,1,607699,0.3089509805911451
21594079,"Sta samir, antolic, samir je vrhunski u tri koraka sam sebe prejeb. ",0,607201,0.3087831806282716
21609213,"Stvarno mi nije jasno, da mogu toliko glupe da budu...e svasta..",0,607585,0.3085054180955162
21637712,CuClajcin - znam da ti nisi.,0,608186,0.3082706239840995
21631179,"I molim te, ne naginj se kroz prozor...🎼🎵🎶🎶🙂🙂",0,607608,0.3081965462469228
21661041,"Liliana pardon Hana, sto se vrijedjas? Istinu ti kazem...",0,608461,0.3081829746463241
21596085,"Red_army:@..... Ajd, molim te umjesto marksisticko-frazeoloskih  predavanja o izdajnicima, kolonijalistima i ostalim,,,, (nisam toliko nepristojan kao ti pa necu napisati cime) ,   pokusaj me nekim, ama bas nekim argumentom demantirati odnosno objasniti sto je od gorenavedenog glupost ili nije istina. I sto je onda po tebi definicija slobodnog covjeka ako vec to nije covjek koji je adekvatno placen za posao koji radi. Jel to mozda covjek koji ne mora nista raditi? Ili ne radi nista. Dakle, sto je to po tebi slobodan covjek?",0,607210,0.3081138014267319
21648902,spomenik treba nama zivima podignuti ako smo jos zivi ....,0,608391,0.3073432158700734
21662921,Nemam pojma sta je to vise evo  ti vruca juha da te zagrije,0,608212,0.3069179833559298
21677837,moras biti jebeno retardiran da si za partnera između 85 miliona ljudi nađeš jebenog izgorenog,1,608966,0.3068807035104483
21658614,"zbog gripe,moreš mislit ...špiro završia u kobasicama...",0,608646,0.3061730500296011
21596163,To je kad ti dosadi pa da se napije i ode spat ;) ,0,607179,0.3056869588943668
