id,content,label,article_id,score
21679927,"Što imam pokrasti,tvoje srpske didove?  Zapitaj se zašto je Luka K. osnivač Hajduka osuđen za širenje srpstva od strane
 AU Vlasti? :)",0,608884,-1.0
21654813,"U BiH najteže žive Muslimani jer previše vjeruju svojim tvrdoglavim i ortodoksnim vođama. Dok su se za Bakira borili mudžahedini ubijajući kršćane, on se skrivao u podrumu jedne banke. Danas mu narod gladuje. Pitajte ga gdje su kilogrami zlata i devize skupljene za napaćene Muslimane? Jučer su kršćani ubijani od islamističke politike a danas bi iste stavio pod svoj opanak. Neće moći Bakire i istomišljenici.",0,608533,-1.0
21611735,"Pa samo od korupcije se i moze zivjet na balkanu.Hr,BH,SR",0,607647,-1.0
21611998,"Bio sam 1998-99 u Njemackoj i znam kakva je tada dobra bila. Stari moj ovo danas kad se šećeš ulicama nije izdrživo.. Na svakom koraku čuješ onaj odvratni arapski jezik kao da se netko ""davi"" halala whala jala...",0,607672,-1.0
21617133,Jadan čovik.a imao sve.i šta sad.pih.!!!!,0,607760,-1.0
21618076,"A što je preporodi navedi nam! Manipulator i mutikaša, pitaj realne Beogradjane, ljude koji znaju što Vučić i klika rade, gore je nego kod nas.",0,607787,-1.0
21618479,"Izrađujem više od 7 tisuća dolara mjesečno radeći skRaćeno radno vrijeme.Čula sam da mi drugi ljudi govore koliko novca mogu zaraditi na internetu, pa sam odlučio da ga pogledam.Pa,počinjem raditi i potpuno
promjenljiv život.

------>>>> www.WebJob33.Com",0,607787,-1.0
21653515,"Što su bili ... vanzemaljaci što se mene tiče , jednom poturica uvijek poturica ...",0,608533,-1.0
21653633,"Klasično ponašanje člana HDZa. Kada ih se uhvati u pekmezu do laktova kreće poznato prebacivanje krivnje na zlonamjernu i štetnu propagandu, medijska podmetanja i dezinformiranje. Čudi me da nije spomenuo udbaše. orjunu, jugosrbe i komunjare.",0,608545,-1.0
21654195,Zašto Čović nije bio na Buhinim kućama da obilježi godišnjicu zločina nad hrvatima. Preći mu Dodik ili?,0,608533,-1.0
21654363,Jedini spas za hrvate I srbe u BiH je da se udruze inace ce ih lojavi istrijebiti.,0,608545,-1.0
21654489,Tako treba držite se Srba koji će vam kurac ovi đihadisti,0,608533,-1.0
21656365,"Hvala psihijatre, nadam se da imaš diplomu i dobru plaću! hahahaaa",0,608545,-1.0
21614361,"Kakvi su Malezijci ? Dobar narod ? Mislim da se odlazak ne moze generalizirati, svaciji cilj je drugaciji. Bjeze ljudi radi svakakvih razloga, nije to vise ni bitno, bitno je da bjeze i nadomjestaju ih migrantima .",0,606835,-1.0
21657881,"zamisli odes u indoneziju i ulovi te tsunami.pa nije da sam se isao namjerno borit sa poplavom/valovima nego je visa sila i pitanju...isto tako neko ode na skijanje pa visa sila iznenadi i zatrpa mjesto,i nema nit struje nit za jesti...pa ne znaci da se idem ""igrat"" s prirodom.po tome onda nebi smio ni u japan jer tamo ima puno potresa,jer eto,bolje ne se igrat s prirodom.pa nije da ljudi idu skakat bez padobrana,nego se idu skijat.ako cemo tako,onda je kerumova sestra bila u pravu sa izjavom da sto ljudi imaju hodat vani kada je snijeg...",0,608478,-1.0
21657948,"Izvor podataka: Acta Croatica u Ljubačama u Tuzlanskoj Regiji, BiH svaki treći stanovnik prezivao se Kovačević. aj bok",0,608619,-1.0
21657959,"objasnjenje nebus dobil.. ipak ostaje pitanje,ako je priznal,zakaj ne odsluzi kaznu i po pravomocnoj presudi?",0,608619,-1.0
21589949,Voli buniku,0,607137,-1.0
21588582,Neka samo idu treba ih još vise potjerati!!!!!,0,607013,-1.0
21589402,"Hm, pa netko ih je morao dovesti na vlast svojim glasovima? Pa gospodo sami ste si krivi a najviše su krivi oni što ne izlaze na izbore i nedaju svoj glas nekome drugome. Zaslužujete vi to sve! Velikiiiii pozdrav iz Dublina i Sretna vam nova 2019-sta!",0,607068,-1.0
21589513,"glistama se ne  sudi,,",0,607068,-1.0
21596521,"Kakav je to diskurs gdje se ova gore rečenica ""Uvedu li Euro, padat će glave!"", smatra primjerenom pa stoji.  Totalno neprimjereno, Admine. ",0,607184,-1.0
21596809,"Kao da se mi tu sto pitamo oni će to napravit kako njima to odgovara, a nas ko j..e!",0,607184,-1.0
21599213,"ja mislim da su za sve krivi srbi, trenutno stvarno ne mogu nikoga drugog kriviti za ovaj uspjeh stoljeća nego srbe!!",0,607322,-1.0
21611119,kolko je s takin diplomama u lipoj našoj na važnim mistima u državi....,0,607647,-1.0
21611118,a koće drugi već ercegovci...,0,607647,-1.0
21598163,Tocno Gara. Svako svoj kukolj neka rjesava. Nadam se da je ovo samo izvuceno iz konteksta.,0,607297,-1.0
21597895,I ti si jedan licemjer koji osuđuje. Prepoznaj sebe u ovim rječima a ne druge,0,607297,-1.0
21591097,Karane p....!,0,607161,-1.0
21638224,"americano, za razliku od tebe ja nisam iz vaših balkanskih pašaluka niti me zanimaju vaši cirkusanti od političara kao što je vučić.ko ovdje širi laži i lažnu propagandu da u hrvatskim institucijama i policiji rade silovatelji? vučić? ja? ili ovaj tvoj kolega ""intelektualac""? kako je moguće da je neko optužen za silovanja i zločine, a da radi u policiji? ajde prosvjetli me hrvatino domoljubno braniteljska...",0,608186,-1.0
21672636,"Sreća je da se ovo nije dogodilo u pravom tunelu, jer bi opasnost bila daleko veća.",0,608882,-1.0
21637491,Sto posto ce mu sudit casni sud hdza,0,608183,-1.0
21640309,"evo moram ponovit komentar jer juzbin rodjak brise komentare koji mu se ne svidjaju :) 
 KoYon, mali dapic je sigurno tenkre to nije upitno. Ali tu si nasao branit ovoga Juzbasica koji se javno hvali da je sudjelovao u okupaciji Vukovara. Dakle izmedju ta dva vece je zlo ovaj sto je radio zlo nego ovaj sto stavlja slike iz II svjetskog rata. Juzba je isfrustriran jer mora zivit u RH a hteo je SAO Krajinu. zivio ti meni Juzba jos 100 godina u ljepoj nasoj :)",0,608183,-1.0
21643297,"Svašta je moguće, vjerovatno sud razmatra i to pa su odužili.... idi**ti",0,608282,-1.0
21643304,"pa ako ste kao i ja magistar prometa - onda i dalje ne znate što je prometnica....uska ulica je definicija za djecu ne za ljude....ja sam osobno vidio prometnice u oba smjera uže nego ova na kojoj je vozio cetinski/killer...inače je minimum je 2,50m...ako znaš na metar, onda ti je jasno...da nemaš pojma o čem pričaš,,,",0,608300,-1.0
21643679,"Znači za sve nas koji ne mislimo kao Pernar i kojima su smiješne njegove metode alternativne medicine dotičnom privedenom gospodinu jedini lijek za nas je metak kalibra 7.65, znači ovo su prijetnje ne samo prema doktoru nego i prema 90% građana Hrvatske koji ne misle kao Pernar...",0,608342,-1.0
21659014,"Rješenje jednostavno. Odma kod suca koji mu nekako teško odreže kaznu od desetak godina i besplatni smještaj na Goli otok. Uz to mu dati motiku, mašklin, malu sikiricu da se nedaj bože ne  poreže, i malo simena da uzgaja za preživljavanje.   Pa nek uživa dok  mu ne dođe još neki sličan njemu. Vjerujem koliko ima potencionarnih dobrovoljaca za kratko vrime otok će biti prenapučen, ali zato izgrađen i kultiviran..",0,608613,-1.0
21660002,Amstaford@ +++,0,608682,-1.0
21660094,"ja ga ne branim, ali škola je preskupa da netko donije vozačku...nepotrebno...mogla bi biti 2000-3000kn...",0,608613,-1.0
21660677,"Svi shvacamo da se figurativno izrazio ali ti ocito ne shvacas humor. I ne moras 3 puta pisati, i dalje si glup XD",0,608682,-1.0
21661446,Jeste pročitali članak o kriminalcu kojeg branite barbie i mara? ccc,0,608613,-1.0
21589443,"Ona nije 80% Hrvata...zaradila si je sve sama, i nek trosi na sta hoce.",0,607106,-1.0
21592980,"Dubrovčani su ipak napredniji, kod njih svaka ulica bude imala rampu i moraš vinjetu kupiti!",0,607124,-1.0
21594845,Srpska posla ili zamajavnja? Zna li policija sta je sa Ocem Dragicevicem.,0,607218,-1.0
21594932,extrupol naravno zaboravio si reči zašto je to tamo postojalo 60-ih godina. Upravo zato jer je SAD koristio Tajvan kao svoju koloniju upravo kako bi provocirao vladu Republike Kine i Mao Zetonga. Razlika je u tome što je kopnena Kina željela biti uistinu neovisna a Tajvan je bila izdajnička američka kolonija puna kapitalista pobjeglih iz kopnene Kine. Po tvojoj logici bilo bi bolje biti odlično plačeni kmet ili čistać wc-a nego skroman čovjek sa svojom državom. ,0,607210,-1.0
21595288,Nema večeg neprijatelja nego Srbin Srbinu . Pravda za DAVIDA!,0,607218,-1.0
21596530,Jel sad on prvi poceo???,0,607218,-1.0
21597164,Žena majka kraljica...hahaha,0,607272,-1.0
21597393,Hdz pokuso ukras 365 miliona neracunajuci Smranadera i co. koji je ukro 50 miliardi i nikom nista a tu novnari pisu kako jadni mi nismo mogli kupit avione koji kostaju 115 miliona za 500 miliona kaka bjedna ADZ drzava,0,607272,-1.0
21657920,Koju nasu znanost?Zar Hrvatska ima znanost?,1,608607,-1.0
21628001,Ajde molim te. Da ga ispravi bilo bi 200 komentara a svi bi nešto pljuvali.,0,607980,0.3499896517485258
21626248,Tvoji povampireni partizani klali su i 45. i 90. ali na tvoju žalost neće više.,0,607742,0.3366445988316116
21602737,"Minimalac ste stvarno digli..svaka cast..sto ga niste digli na 4000 kn a poslodavcima napravili proporcionalnu olaksicu . 
Koja je to olaksica za poslodavce ..smanjili doprinos sa 17.2 na 16.5 a uveli drugi..sramota .
Zasto se vi u saboru i vladi ne hranite mrvicama .. sto niste svoje place i place saborskih zastupnika smanjili u ime tih jadnih minimalaca . To je sve preee malio ..ljudi nam odose i nece se vratiti ..  
Ovo je sve pre lose da bi bilo slucajno ?! 
Mozda i trebamo svi otici ?",0,607382,0.332895198108984
21670256,Otrijezniš se dok čekaš.,0,608853,0.3229811990192333
21588957,"ko wc papir, povučeš jednog i drugi već ide za njim...",0,607013,0.3169786376834239
21657144,"A!? Uskličnik pa upitnik,vrlo inteligentno.",0,608568,0.3140652654947137
21593750,Ti bi da je i lijepa i pametna.,0,607202,0.3128974107685274
21604187,Ništa čudno od izdajničke partije i vlade Hrvatske.,0,607373,0.3128915464717058
21605706,i pijan pametnije reče od većine triznih...,0,607493,0.3128384798700651
21605687,"zeljkec,uzmi snickers...",0,607415,0.3114259848140059
21674670,"Uglavnom Modić dao gol, a vi od toga imate k. Tako vam i treba hlebinci. ",0,608928,0.3112847446113032
21607390,Do svoje tridesete mogo sam špricat dvaput bez da sam ga vadio van .,0,607248,0.3108104919145765
21598208,Pa makar i u vlastiti džep.,0,607272,0.3105702589806228
21620072,šta fali saabovim gripenima? puno jeftiniji a ima dijelova,0,607751,0.3090889535901421
21623925,"Nije, samo usnama mrdao.",0,607855,0.3087986578938864
21677682,Jos nam samo nadi neku budalu koja ce raditi za nas .,0,608957,0.303583970285267
21612922,"Rađe sam kruha gladan nego sa njima imati posla.
",0,607642,0.3032076175569368
21623078,Budući Daruvarac...,0,607832,0.3011387593076609
21625079,@bedak11 ti si poremećen.,0,607900,0.3011212308677654
21627241,Meni nece pomoci jer ja nisam faca ko ovi kojima je izgorjela kuca.Da sam na naslovnici novina odmah bi mi tisucu ljudi pomoglo.Ovako mi nitko nikada nebi pomogao.Licemjeri.,0,607958,0.2993696733917736
21591498,Što radi fotelja na otvorenom balkonu   gdije žive mala djeca !?,0,607166,0.2978243034318311
21651391,Preniska kazna.,0,608474,0.2977597726507545
21621464,Nakaradna politike. Kralj je bio za slogu i zajednistvo svih juznih slavena i odbio je stvaranje velike Srbije sto mu je Londonskim ugovorom ponudjeno.,0,607742,0.2977584337558572
21603669,Ili jeftinije kakva im je cijena. ,0,607382,0.2974474691326556
21673429,za koji dan budemo opet pouke izvlacili!!! svi nam budu krivi,0,608908,0.296970896123562
21662009,"Koliko se ja kužim u lopovluk(a kužim se) obično  se ugovor za mobitele potpisuje na tuđe ime, ali u svoju korist.",0,608696,0.2967408927859518
21688810,Prijatelju ili smo ti i ja budale ili ih ima previše koji dijele minuse.,0,609097,0.295870795543041
21589743,Baš ću probati...sjećam se da je moja mama vosak skidala tako da je stavila bijeli papir preko stolnjaka i vrućim glačalom prešla preko toga...,0,606682,0.295586005414136
21640358,"Najveća glupost ova VAR tehnilogija, uništavaju nogomet!",0,608237,0.2940620064981343
21599408,"Koje su to gluposti.Pa imate usta i Bogu iznesite sto vas muci.Samo je Isus posrednik između nas i Boga.Nitko više.Piše vam u Bibliji.Kao Bog će nekog svećenika čuti,a mene ne?Nemojte se zavaravati.Sve vam u Bibliji piše.
",0,607191,0.293955437936957
21626051,A sto se Rakitica pita hoce li trener ostati ??? Koji glupi naslovi !!,0,607923,0.2939061689211918
21593920,"Zeljko,jel po tebi hdz ili neki njegovi clanovi ikada u povijesti sto ukrao,okoristio se,ili napravio stetu hrvatskoj?",0,607153,0.2937749789823971
21598495,Ionak si ustaski licemjer..,1,607297,0.2937644107944517
21624781,"Bit umjeren u hrani,tjelovjezba..Nebi mogla zamislit zivot bez speka☺sto ne znaci da imam viška😆To brojanje kalorija bi mi bilo preveliko opterecenje..Ali kad farmerice nedoBog nemogu zakopcat znak je za uzbunu..",0,607816,0.2935310588975006
21602585,Kako definirati politicare ''vjernike''? U nas svaki ljubi oltar. ,0,607297,0.2934767751945644
21650179,"Samo se neka ovaj uhljeb od ministerića butković ne petlja Kinezima u posao, bez njega će sve puno bolje i kvalitetnije biti napravljeno, a on možda nanjušio da bi se mogla zgrabiti kakva lova u mutnom.",0,608435,0.2934540166734069
21653500,na temelju čega se to naziva četnički dernek?!?!?!? na temelju toga da je to jedino mjesto koje je protiv Muslimana gdje je jedina nada nas Hrvata Herceg Bosne. a kada neki mediji nazovu oluju ustaškim dernekom onda isti ovi mediji grakču. sramite se. ,0,608535,0.2933738303243495
21603520,Ne sekiraj se komšija nema bre ultimatima. Samo ugovorene obveze.,0,607433,0.2926522948982132
21653176,"Ne, za sad samo plasticne vrecice duzim.",0,608520,0.291449283395479
21640989,lol evo jos jedna zeljna paretine. ,0,608261,0.2911125259646063
21597736,"Uvesti porez na vjernike.Naplacivat svakom iznos za ulazak u crkvu.Pa da vidimo te ""vjernike"".Neki malo zesci licemjeri bi cak platili neki sitni iznos da se pokazu u crkvi.",1,607297,0.2905595451717249
21611139,"Procitao sam ovlas dva tri clanka, pa dijete u drugom razredu osnovne skole nema toliko gresaka. jeste otpustili lektora ili koji kuraber?",0,607631,0.2898605098690366
21672220,Voziš organiziran gradski reli?,0,608867,0.2898207141875877
21642509,Željko aj nemoj se sramotit više molim te...,0,608311,0.2896718411340888
21644116,Nagrabusio je ako ga dohvati Sofijin mužić,0,608279,0.2894964611730152
21646444,Mislim da je to sve primitivizam. Od neukog i primitivnog nemreš niš pametnog čut. ,0,608263,0.2885552910100595
21670004,Moja baba ih drži više u čaši nego u ustima da se ne pokvare.,0,608436,0.2885198904152993
21639133,Lupetaš ti kao i on.,0,608060,0.2883918897958161
21662997,Ma mars u picku materinu. Admine blokiraj ovo vise,1,608756,0.2880335369947561
21666740,A ovo da mi ga glođete je čisto meni za dušu da ispunom.,0,608787,0.287885170953759
21640916,Da.... I svi igraju za reprezentaciju. Pametnom dosta....,0,608204,0.002619577338919
21618196,Doti ako je tako Vlasic ima najviše golova i asistencija od nasih veznjaka pa nije u prvih 11,0,607778,0.0016685924492776
21629465,Valjda se ljudi nece uvrjedit ako napisem... bosanac,1,608017,0.0014674299163743
21605318,"Izrađujem više od 7 tisuća dolara mjesečno radeći skraćeno radno vrijeme. Čula sam da mi drugi ljudi govore koliko novca mogu zaraditi na internetu, pa sam odlučio da ga pogledam. Pa, započeo sAm ga i promijenio svoj život.

➨➨➨➨➨➨ www.WebJob33.Com",1,607508,0.0012225169921293
21635450,vratiće ga kad prođe frka...,0,608139,0.0011166047770529
21667436,Šta ti je to Gobac rekao ili?,0,608801,0.0011000143131241
21649939,od sponzora,0,608382,0.0010227597085759
21593258,"Ja volim iskljucivo muskarce, jadnici me ne zanimaju. Samo kazem offtopic:)",0,607182,0.0009757276857271
21607677,Otiso da zaradi sebi za kiflu,0,607514,0.0008769484120421
21624548,"Cijenim ovog Papu, zaista, ali prijatelju primi ih ti, i pokaži solidarnost..",0,607845,0.0008768279803916
21592021,naravno optimizam svuda oko nas 🍸🍾 🤣,0,607096,0.0007681504939682
21594375,"Kina je upozorila da je tajvan dio Kine a to je i Cankasek sa Maocetungom bio potvrdio da nepostoje dvije Kine i da je Taivan dio Kine pa se pitamo otkud Americkoj vanjskoj politici pravo da ona optuzuje Kinu da nedozvoli otcjepljenje Tajvana od Kine.
Dakle tu se krivo tumaci jer je sam Cajkasek bio se slozio sa Maocetungom da da Tajvan ostaje dio Kine",0,607210,0.0006948933587409
21644829,"Ponavljam, ja zivim tu i vidim promjenu i sad ces me ti uciti!? :)) Daj se uozbilji.",0,608231,0.0006338255479931
21639060,"Maznula bi se ona ,,lipo a i lepo,, i sa Svekrom...p.s. to je moj dojam iz videnog ! Odoh na porn tube da gledam domaca videa na brodu !",1,608211,0.0006224685930646
21634736,Hahahah bit ce to strasna pojacanja...,0,608114,0.0006185249076224
21650299,daj se takav rodiš ili postaneš....???,0,608382,0.0005673323757946
21662060,veli jedan 24satni kreten,1,608519,0.0005568100023083
21638829,Prodaju nama😭,0,608099,0.0005564260063692
21595261,Viva La Revolución: glup si,1,607184,0.0005562446312978
21596701,Zašto ovo ne prebace u plačene oglase.,0,607273,0.0005551846115849
21624550,"U ovoj našoj maloj zemlji crna je kronika toliko kreativna i rekao bih u sve većoj ekspanziji da je to čudo, u negativnom smislu. Trebali bismo se zabrinuti, i upitati se što se to ovdje događa?! Redatelji holivudskih horor filmova mogli bi u Hrvatskoj pisati svoje scenarije.... Pobio obitelj čekićem i otišao na kavu, Ubio staricu sjekirom, Mladić silovao staricu a potom je opljačkao, Pijana vozačica pokosila pješaka pa pobjegla, Maloljetnik vršnjaka izbo više od 100 puta, Bratu nožem prerezao grlo, Rotvajler izgrizao trogodišnje dijete, Nasrnuo na ženu motornom pilom i odsjekao joj dva prsta, Nakon što je autom pregazio ženu ubo je nožem u tijelo i lice, Majka kuhinjskim nožem napala i ubola vlastito dijete, Lovac sačmaricom ubio drugog lovca, Nožem prerezao vratove teti i bratiću na spavanju, Mrtvu majku godinama držao u stanu.... ovo nije ni 5% crne kronike od prošle godine, strava...",0,607870,0.0005524571752175
21647587,Rubi srce garino naebo si ti ko žuti i bez mene😂😂😂😂ali ako ti nije dosta samo reci,0,608279,0.0005331439315341
21590849,Evo materijala za hrvatske mudrace,0,607124,0.0005237809964455
21650125,vidiš ti mahunu...stipinu,0,608367,0.0005220625316724
21590017,"mama sretna,čeka unuka...",0,607115,0.0005157388513907
21674156,hahahaha bas si me nasmijala 😂😂,0,608517,0.0005040062824264
21614447,Nepismenost novinara na vrhuncu,1,604522,0.0005039938259869
21651092,za neki gangbang reklo bi se,0,608439,0.0005011943285353
21632742,A nase renovirane migove da prodamo croatia airlinesu?,0,608058,0.000500569702126
21592137,"Slavko ,što si ti dao za Hrvatsku  konkretno, osim lupetanja ?",0,606305,0.0004958263016305
21628332,"Mogu te likvidirati ali tvoji ""selfiji"" ce zivjeti vjecno!",0,608007,0.0004920695209875
21658173,"mhm evo samo sto nisu, vec sutra ce sve pozatvarat. Jedino sto mozes protiv drzavetine je odselit, tako je ovdje ""ako ti se ne svida, znas gdje su vrata"" . Vrlo velik broj ljudi sve vise slusa taj savjet. ",0,608619,0.0004916960606351
21589511,"Koja negativa. Najvise steti osobi koja tako razmislja, zivi u tom crnilu i pokusava prosipati tu depru dalje. Hvala, ne.",0,607123,0.0004843443748541
21673095,"Woow doji dijete????, kako inovativno doslovno za nevjerovat, dno od clanka i novinarstva",1,608903,0.0004643684078473
21612167,Cetnicko magare. Naravno da hvali bratski klub hajduk. Pljuc,1,607675,0.0004561703535728
21627316,Ti si budala,1,607958,0.0004531984450295
21595421,Crveni kmeri napadaju. Vojko i ekipa u noćnoj akciji!,0,607217,0.0004523326933849
21629850,Ja samo znam da je razlika izmedu bogatih i siromasnih u ovoj zemlji sve veca svakim danom.Ide se na ruku bogatima a siromasnima se dere koza sa ledja i tako rec istrebljuje ih se sistematicno i polako.Shodno tome netko iz tog niskog sloja treba ispusni ventil.Sumnjam da je to bio povod paljevine auta ovih iz visoke klase.Zavist.I da zaboli me za bogate.Neka im rade sta god zele.Biblija propovjeda da je bolje dati nego uzimati i ja vjerujem u to.,0,608012,0.0004355584969744
21590195,Sad jos samo cekamo broj članova  udruge koja se naziva članovima  dioničkog  društva  pa bajke o Hajduku mogu se nastaviti i u ovoj godini....,0,607125,0.0004305546171963
21641225,"nemoj se pravit pametan ako nisi ,a po komentaru bi se reklo da si glup ko noć",0,608139,0.0004243321309331
21593957,Kao prvo nije lik. Kao drugo nije bezdušan. Kao treće neće rješavati frustracije kad se vrati u bolnicu jer i sada operira svaki četvrtak.,0,607200,0.0004217623791191
21618339,"Kakvi bolesnici mogu bit zvjezde..Uz njega bolesnici koji su ga vinuli u zvjezdano nebo..Pitam se kad cemo dobit ljudskog marsovca,c",1,607333,0.0004208949685562
21622307,"Koju pm mi brisete komentare jebala vas Janica, sumnjam da ona kupuje vase novine i da od nje zivite. Sad me bannajte za stalno pozdrav al vase novine kupio ne bi više taman mi zivot ovisio o njima",1,607730,0.0004190681211184
21600420,Rumunji. Nište više nije potrebno napisati.,1,607288,0.0004182848497293
21598886,"Kako petokolonaši svršavaju, svi su u ekstazi...",1,607322,0.0004171137406956
21618415,"Arsenalu je primarna meta trenutno Ivan Sunjic, to je njihov maksimum. Hehehe",0,607790,0.0004165409482084
21658102,"Ahahahaha. Ne djelim brojove, to vec znas😉",0,608565,0.0004123336402699
21650864,Pi*ko mala .etnička. :) C*rko dabogda!!!!!! :),1,608416,0.0004102882521692
21670812,Kupit nokiu 3310 i na velebit. Ovo je postalo previse,0,608739,0.0004068829584866
21661513,"Mihnen bojna koja živi na 1.400€ netto mjesečno, kaj s njima? ",0,608735,0.0004049594281241
