content,label,id,article_id,score
Ja??? Ma nikada😎🤭😬😇,0,21641528,608088,0.000874665332958
Uuu al ona ima hitove 💩💩,0,21639948,608211,0.000781579932664
Juznoamerikanski karteli se mole bogu da nije jedan od njihovih kontejnera u moru,1,21600249,607352,0.00073440221604
"Ono kad je Neymar izjavio: ""Ja sam veći sportaš od Tysona"". To je samo jedan od primjera.",1,21600374,607355,0.000728741695639
Roko je skroman da ne može skromniji... Svoju veličinu pokazuje samo dok pjeva. O zavisti zavisti gadna li si. ,0,21664258,608703,0.000664992025122
"neka joj pokaze svoj profil na dating.com brayden 34, ",0,21621267,607815,0.000593454868067
"Pljujete vi svi po Hajduku, Livakovic je dobar golman ali zna se tko je broj jedan i Ladic i Pletikosa u svoje vrijeme nisu briljirali na golu ali su bili jedinice i u odlucujucim tekmama to dokazali, a livi se jos treba dokazati ",0,21618189,607778,0.000556544808205
sad mi je jasno gdje je nestao mali Isus - bit će pulena na obnovljenom galebu...,0,21615478,607714,0.000536739651579
"Pa kad tad će pozvati nekoga iz Dinama,to je neminovno...jedini klub koji posjeduje igrače vrijedne repke...",0,21620058,607807,0.000526845396962
"A mali izgleda kao pedercic , bum mu bilo lipo u ćorci .",1,21593813,607187,0.000521911832038
Oli ti...vlajna... U pravu si...,0,21605783,607477,0.000514464220032
"Život na ovoj kugli je postao licemjerstvo, u ime napretksa i demokracije usta su nam svaki dan sve više začepljena, a  zbog bolesnih manjina većina više ne smije pisnuti jer pri svakom otvaranju usta nas etiketiraju.",0,21591668,607164,0.000509124540258
Pa jeste li vas dvije ikad u stvarnosti vidjele kravu?,0,21670837,608476,0.000504320138134
A šta je bio ako nije Hrvat..,1,21629414,608017,0.000504026305862
"Stvarno glupasti Lino forsira 7 napadaca a to nikada bas nikda ne ide, i budala opet.....",0,21661958,608741,0.000495140557177
Cijenim kaj se cuva za posebnu.,0,21659068,608626,0.00048107697512
Hahaha koji su ovo jadnici iz Indexa.Kako im se Coric posrao u usta😂😂😂,0,21661179,608684,0.000475710839964
"Nista tu nije nebitno,to je jako bitno.Ja i mnogi drugi,velika večina nismo se borili za ovakve moralne nakaze.Rat je gotov i koja svrha ovakve objave osobe koja u najmanju ruku ima manjak kućnog odgoja a izgledno i krizu sexsualnog identiteta.",0,21645705,608356,0.000470379600301
ako mene pitaš NIKADA nisam tamo postao. niti ikad hoću. tamo nema apsolutno nitko normalan a još manje povijesno pismen.,0,21645920,608356,0.000462294818135
neznam dal da se smijem ili plačem....,0,21640325,607707,0.000457985763205
Njam njam,0,21655493,608469,0.000456686946563
"Da pogodim, najviše zaziru od crkvenih istrijani i okolica rijeke",0,21649092,608418,0.000453699729405
Ima se neka idu ljudi bogata smo nacija znaci sve stima u drzavi  ,0,21615126,607721,0.0004505358811
"To vec sve isplanirano, a?😂",0,21599627,607234,0.000442558433861
Ustaski olos i sramota za posteni dio Hrvatskog naroda.,1,21631009,608038,0.00043847260531
trebala je dobit još kad je glupa,1,21613592,607666,0.000436106638517
Opet bedastoće pišu. ,0,21631866,607591,0.000435184483649
Pruje bum izdržala gledat srpske serije nego turske. Od turskih osip dobijem,0,21602217,607364,0.000433508073911
Komunjare u plavom. Ruka na srcu a oko na copavom bravaru. Gore ne moze.,1,21605618,607493,0.000432984350482
"Stjepane,bome dobro ćeš morati orati posle kamerunca.",0,21653019,608367,0.000422246055678
"pa zamislite vi, Ivan ne voli (ili možda čaaaak mrzi) svoje (hrvatske) neprijatelje!!!",0,21646537,608356,0.000422178185545
Ja se grijem na plin. Meni dođe kod bojlera pa izmjeri tamo valjda co2 i uredno platim. A bojler novi i ima sve moguće zaštite,0,21665871,608192,0.000421495933551
tko uopće pokušava osnovati Komunističku partiju u Hrvatskoj u kojoj više ne postoji nastavni predmet teorija i praksa socijalističkog samoupravljanja,0,21676519,608957,0.000412550376495
"Gle ovu sreću kakvu imaju, ona od Manea nije ušla ali ova je joj kako sam ljut u pm uff j.t.m. i sreći",0,21606720,607494,0.000409106753068
"Kaj ti iščeš lojtre ili normalne cure? Kolko ja vidim onih ispod 170 imaš na kilometre, kam ti glediš?",0,21654330,608454,0.000393969326979
"A dok se ovo pocne topit, kod nas ce bit poplave... da nismo banana republika vec bi imali analizu kako ce nas ta kolicina vode pogodit.... najlakse se jalno zgražat nad buržoazijom...",0,21640088,608203,0.000389455555705
"Prozoveš jednog bivšeg hajdukovca i odmah se tovari dižu i napadaju. Zar je samo vama dozvoljeno kritizirati njih ili što?! A i otkad vas zanima reprezentacija? Koliko nam je svima poznato, bojkotirate ju tako da nemam razloga dalje se raspravljati s vama.",1,21594985,607201,0.000373369868612
"nije mi jasno koliko malouman pojedinac mora bit da dođe na stadion kluba iz svoje regije, za koji zna da se (kao 98% manjih klubova u hr) koprca i spaja kraj s krajem, i na ovakav način ide pumpat svoj ego i liječit komplekse male ćune? čestitam rambo, prejak si!",0,21642309,608313,0.000373331218725
"Žena ima 50 godina, podbradak je prirodna stvar, nema uvijek veze sa debljinom.",0,21651936,608439,0.000370410649339
"Ženo, ja sam trenirao karate 2 godine, ja ću te zaštititi od manijaka.",1,21600384,607294,0.00036808065488
Duvnjak i Strlek najbolji,0,21658709,608245,0.000362358812708
A ima ubrzanje stvarno opako.,0,21589120,606934,0.000361668964615
Upravo tako lp taman pocinje kvitova ako te zanima kisa ih izneredila si 1 pozz,0,21659218,608664,0.000360751699191
I njega treba zadovoljiti . :-)))),0,21681464,608351,0.000355178810423
"Pa kako možete protiv svog naroda ? Hrvat na Hrvata, Brat na brata, fuj. :D :d",0,21637874,608188,0.000353926006937
najdebilniji nadimak za neku sportsku momčad ikad. Mene bi sram bilo to izgovorit,1,21618755,607791,0.000351085851435
"ivan433 kaže: ""Jos da Drvis nesto napise onda ce biti jos zanimljivije"".",0,21689828,609306,0.00034196730121
ti onda voliš one kosture od 25 kg?,0,21663471,608318,0.000339725607773
"Dozvolite Koprivnici da iz sela postane grad...sa ovakvim ponasanjem...staje uz bok Zadru, Rijeci...cestitam!",0,21628841,608016,0.000338602258125
Največi je problem što ne pišu Hrvati  Hrvatske novine,0,21669682,608816,0.000333253061399
