id,content,label,score,article_id
21605383,"Mislio sam na znak da je 67 godina prekasno za ići u mirovinu -_-  
Općenito...",0,0.001554541173391,607359
21623346,"rajski nije nabrijavajuće, pakleni je daleko bolje",0,0.0015054953983053,607791
21622963,Taj pasji skot mora sve pokvariti.,1,0.0014421790838241,607850
21605262,Svi ovi što govore da je plastična kad bi vidjeli uživo tu plastiku bi im ko u crtićima usta do poda ispale,0,0.0013916057068854,607477
21620673,Nakazni?,0,0.0012000704882666,607802
21648796,Blago mu se...,0,0.0011515259975567,608367
21658489,"Za cijeli svoj život ja nikada nisam vidio ništa što je radio bilo tako brzo, kao da je čarolija dr. Агбазары. Nakon kontakta s dr. Агбазарой sam počeo vjerovati u prièe da svaki novčić ima dvije strane. Kad je moj ljubavnik me napustio, ona se zakleo da nikada se ne vrate ko mi opet, ali, hvala Bogu, da uz pomoć Dr. Agbazara od mene moj ljubavnik natrag k meni u roku od 48 sati, i želim da i drugi ljudi, koji su slomljena srca, da se povežu s dr. Agbazara kroz te detalje ispod putem e-maila: ( agbazara@gmail.com ) ili preko WhatsApp na +2348104102662, onda možete vidjeti čudesa dr. Agbazara.,/",1,0.0009796062950044,608594
21655659,Eto..,0,0.000967533502262,608520
21647979,"Štefek , sretno...ovo ti je ko sedmica na lotu ...čuvaj je,lijepa žena ali ako je imala kamerunca već si u startu u problemu jer te lik vjerojatno šiša za pola staze...me razmeš kaj sam štel reći ",0,0.0008429770823568,608367
21650878,"Ava Karabatic isto je slatka.... Gdje su rezultati, predsjednice? Ispunjena obećanja? “Mala Švicarska”?",0,0.0008077549864538,608439
21672071,nisam te ništ pitao đubretino,1,0.0008039479725994,608818
21590386,Cestitkee!🤱🤱👼👼❤️🍾,0,0.0008005741983652,607143
21674115,Da bas izmisljam. Daj mail pa se uvjeri ili broj moba,0,0.0007890501874499,608878
21658112,MALA ŠVICARSKA,0,0.0007773872930556,608439
21623477,Danasnji NBA je postao natjecanje u tricama. Harden opet 17 kom ispucao...najbolje da onda je umjesto utakmica natjecanje u tricama. GSW svaka utkamica 130+poena (i protivnici također ),0,0.0006926880450919,607803
21615764,Otac od oskara neven ciganovic,1,0.0006909355870448,607730
21608001,"F@anki, zato sto ujutro pospravljajo a navecer traziju😂😂😂",0,0.0006710292655043,607385
21602603,Bježe od provalnika kao vrag od tamjana. Sunce ti žarko pa što imaju u glavama ti koji prihvaćaju beljaka za predsjednika? ,0,0.0006562416674569,607398
21608377,treba gripu izlezati dobro vitamin c čaja ako temeperatura ne pada onda treba otići liječniku,0,0.0006410405621863,607543
21620194,Budes vidio sta.,1,0.0006341307307593,607805
21591299,"puno toga nema više, heheh ... u vrijeme kad se igrao šah na haubi nije bila rijetkost da i u poduzeću ne radiš 8 sati ništa a dobiješ plaću :) ...",0,0.0005904695135541,607148
21643965,"A što reći, osim šteta. 
",0,0.000588669674471,608317
21601929,"Kakvo ""rasterecenje""?Pa vi ste unistili svaku firmu u Hr i doveli na rub bankrota.Mi NEMAMO gospodarstvo radi vas i vasih lopovskih i pohlepnih zakona i administracije!Samo lazete cim zinete.Lazovi!",0,0.000587589747738,607382
21674309,Više volim lizat macku nego sise. ,0,0.0005831595044583,608517
21590255,"""Obožavatelji"" režite vene ovi se pukli",0,0.0005707588861696,607115
21639783,....i to za kaznu...,0,0.0005683109629899,608183
21626805,Koji si ti jazavac. Izgleda da ti je real opasne komplekse nabio pa cisti penal nije sviran jucer. Vec je bilo par gresaka na stetu reala ove sezone a opet se nade kreten koji prica o sucima. Pametnom dosta.,0,0.0005562540609389,607912
21604888,"Dodik podrzava HRHB i peljeski most,te sprijecava islamizaciju BIH, vise nego dovoljno za moju podrsku, mi smo ratovali protiv islamista a ne Srba.",0,0.0005545033491216,607476
21644163,Pa probao je,0,0.0005355454632081,608259
21634230,A bome je i dobra nevezano za posao :),0,0.0005006787832826,608022
21691787,"Zanimljiv ""afekt"" trave :) Sortiranje misli :) Onda bi svakom u drzavnoj upravi trebalo dati jedan joint da se malo ""sortiraju"" da ne cekamo u redu pre dugo :)",1,0.0004831962869502,608961
21635007,Neka ti je sa srećom s atraktivnom.,0,0.0004792621766682,608105
21623882,Niš posebno.,0,0.0004778294824063,607892
21597179,Ja ne radim nista... Zavrsio 2 fakulteta,1,0.0004767269128933,607285
21624980,"Treba im dati više, troduplo od svih drugih skijališta, ima se može se",0,0.0004722682060673,607895
21608547,Gospodin koji je u svojim 20-tim krao autoradija nekoga drugoga naziva moralnom nakazom. Lud zbunjen normalan,0,0.0004685398889705,607540
21637524,"Sin joj se ubio jer ga je ženska prevarila, tj.ostavila",0,0.0004632252966985,607911
21678078,"Ti si sine, izgleda pao na glavu kao mali, tako da ti necu zamjerit, zivio. ",0,0.0004600651736836,608968
21629707,Pizda sladja od oltara....,1,0.0004587448202073,607899
21663436,"Ninu sam gledala uzivo i svi su navijali da pode dalje, koja glascina",0,0.0004548654542304,608703
21646893,"Hrvati da bi izašli iz one usr... države i gdje je žele dobiti svoj dio jer su uvidjeli da ih pokvareni naumi Bošnjaka želi majorizirati moraju tražiti spas u Srbima.Hrvati u BiH su došli na onu izreku ""neprijatelj moga naprijatelja je prijatelj""..",0,0.0004537760978564,608388
21622207,"hehe,ja imam ljepši pogled.i pazite vi dole da kaj ne doleti sa skele:)",0,0.0004505668475758,607838
21611314,Kažnjenici@ Svaka čast na komentaru!!!👏👏,0,0.0004452490247786,607614
21667756,Babaluji@ kako znas? ;),0,0.0004386095970403,608806
21645318,"znam,znam sve mi jasno i ja tebe u čelo :* na najjaaaaaaaaače ",0,0.0004358828591648,607556
21595235,Opet naši prognostičari gledaju stare satelitske snimke! ,0,0.0004349289811216,607215
21670299,to se zove biti naivan i panglu...suhe ćune u bajbok a lovu mora ipak dati  lloll,0,0.0004342112515587,608782
21598575,"Dragi Papa kad smo već kod licemjerja, ne mogu u crkvu jer se nemam di parkirati sve je puno svećenićkih audija, mercedesa i sl. Naravno novih, skupljih modela.",0,0.0004314706893637,607297
21595352,"Naravno da treba, ako truju sebe ne moraju i mene....",0,0.0004307091003283,607220
21588943,Jel fotošopirana?,0,0.0004306148330215,607035
