id,content,label,article_id,score
21641266,Eto ti te đavle.,0,608236,0.3242670181486082
21639259,Kemo ga sebi zakemo hahha,0,608100,0.2944658287910784
21592234,i soda bikarbona dobro čisti mrlje;),0,606682,0.2907515968104569
21605704,ovakvu  pricu nemres vidjet ni u alanu fordu    bravo,0,607511,0.2907113006054984
21655316,Nedo bog imat takvog cacu,1,608310,0.2836810771813147
21610188,Ti si stvarno teski kreten.....,1,607615,0.2832545744060613
21644655,Bumo vidjeli 🤗,0,607556,0.2812462584972134
21641523,Uff kaj gadna,0,608270,0.2808614976544379
21671490,kratko bi lajao,0,608863,0.2803833664113656
21606708,Ajde ajde laku noccc pisemo 😉😉😉,0,607518,0.2793210342479336
21625449,eto mrak ju pojeo ,0,607911,0.2792346414172937
21672576,"Opet ovi o smrdiji ,užasno !",0,608877,0.278829042683065
21622937,to bi bila dobra ideja ak si z gaća nebi stigla padobran složiti,0,605680,0.2784925536701332
21676312,prala bi ti meni doma suđe ,0,608967,0.2777714418925764
21658791,Ludi galebi budu te?,0,608604,0.2769348230840761
21612033,Ne bumo valjda.,0,607643,0.2761939801530757
21635768,Au koji jal iz tebe curi.,0,608138,0.2760969009071656
21633625,"kog briga , a jadna ",0,608029,0.2739757525876232
21619332,"Jadan nebio, ode ti u 2.ligu ni kriv ni duzan",0,607790,0.2725192150752591
21652568,Dobro covjek kaze,0,608431,0.2723372867459469
21640674,zmontiraj si zeni dole jedan,0,608110,0.2717755344223581
21651266,Ne pisi gluposti,0,608474,0.2712908582444354
21601068,**bo te livaja,0,607201,0.2707649269991657
21606523,Očale nabavi sljepče.,1,607494,0.2690971097827859
21655879,Koji glupi komentari.,0,608509,0.2681232454632968
21601996,"Nemoj više mršavit, pliiz!",0,606803,0.2674445414380368
21588642,I tebi sinko,0,607096,0.2671233366858301
21661258,Opet si tu grbava dosada,0,608668,0.2660584978360988
21622502,Kaze nehrvat,0,607444,0.2657407403724069
21630363,Sisaj kurac usrašo,1,608038,0.265487442604153
21602506,"Grbavi, odskakući.",0,607400,0.265470818795761
21591239,koja si ti dalabu,0,604911,0.2648147451748306
21631541,I ti ga seres na akove.,0,608038,0.2643499535785928
21660132,Zaku nikada nije prosla baba s kolacima😁😁,0,608703,0.2637463442070502
21641443,Napokon jedna pametna i od tebe 😁,0,608218,0.2637370387063138
21618049,Jel tebi ista valja,0,607772,0.2637215356405001
21635913,I ja bi je izblokiro 😉,0,608101,0.2636813335977753
21625113,Da je takav majstor sa 23 bi vec trebo osvajat utrke,0,607895,0.2625780060263367
21591099,Jadni ste,0,607143,0.2623682999702562
21618393,glup si ko 20 deka parizera,1,607791,0.262039300362873
21590386,Cestitkee!🤱🤱👼👼❤️🍾,0,607143,0.2620203753676656
21616671,Ti si izgubljen,0,607737,0.261708363589492
21688336,Glupost opet,0,609201,0.2616999940770129
21591614,judita...i ti si jedna od manekenki ovdje?,0,607143,0.2615914465296247
21593355,joj baš je grda !,0,607182,0.2615378428892049
21610211,srpče dakako,0,607554,0.2614457098246298
21611948,"hahah, ove hadezenjare se pogubile totalno",0,607630,0.2614143670979655
21677975,Smrketa bar ti je toplo sad 😁🤣🤣🤣,0,608930,0.2613855429745624
21625488,Nisi ti čist u glavi nikako,0,607904,0.261194451741624
21631338,Ima kradeze bojna,0,608046,0.2598377991065557
