article_id,content,id,label,score,new_label
608664,doping,21658865,0,0.479038196940863,0
608307,logično,21648097,0,0.476898701691476,0
607848,Dalmatinac,21623138,0,0.475323292639164,0
608082,Valamar?,21635731,0,0.474421600668464,0
607317,Nije,21602475,0,0.473661995367366,0
607276,Boli me k,21598056,0,0.472709354415948,1
607899,"Podržavam, bravo. ",21625255,0,0.471063988012041,0
607782,Artiku?,21619313,0,0.470140208052846,0
608439,Ugroza,21650786,0,0.468975781001588,0
608195,o svim vladama,21647323,0,0.468965839561518,0
607932,Svasta,21630010,0,0.468848953455017,0
607714,Jbt tito,21615181,0,0.468588259772037,1
607217,ružna gesta,21595444,0,0.468572282170119,0
607918,Neradnici,21626084,0,0.464250899839811,1
608088,Radoznale zene🤷‍♀️ ,21639372,0,0.463881482505112,0
607634,Uh zaboravih Crnogorce ,21630618,0,0.462496529627271,0
608745,U golu na savici,21665110,0,0.461831940062781,0
607235,Nebitni.,21595729,0,0.460598927749736,1
607647,Diploma je diploma,21612217,0,0.459356616811223,0
607125,I Artema,21589997,0,0.458839155331788,0
608509,Krešo?,21655535,0,0.45824867399411,0
607018,Jutroo,21594346,0,0.457361961902911,0
607732,Podzemna fontana,21616221,0,0.456613976115485,0
608568,Nebitan,21656160,0,0.456171461673921,1
607178,ta daaa!,21594415,0,0.455921486411714,0
608440,udiše se,21649695,0,0.455773347207122,0
608526,Dobro kažeš!,21653705,0,0.454712431102122,0
608863,Kralju! ,21670914,0,0.45459541392063,0
608356,Haha imas plus,21646025,0,0.454250486908219,0
608545,Samo haha,21653511,0,0.453696638484128,0
608726,...slažem se,21663611,0,0.453643091503725,0
607202,Mrcina,21594354,0,0.451827853877014,1
608190,Isti k.,21644300,0,0.451200085689991,0
607646,Office down,21612727,0,0.450977545179676,1
608088,Ccc 😃😃😃,21639551,0,0.450752077856054,0
608517,Stručnjaci.,21676922,0,0.450647841282659,0
607366,Zgodnom?... RIP...,21601778,0,0.450157448661649,0
608439,"ludilo, bralee... :))",21651710,0,0.450147576834632,0
609280,Slatke brige 😉,21689042,0,0.449754823053451,0
607276,Nebitna “vest”,21597816,1,0.448162983203379,1
608077,Legenda...,21634304,0,0.448148504284239,0
607479,Isti kua!,21616294,0,0.447963220629837,1
608884,Jadnicak,21678758,0,0.447791408587921,0
607701,Novi Isus,21622513,1,0.447530592472013,0
607823,To su geni kameni.,21621152,0,0.446173633365326,0
607607,"da, u Umagu je bilo ok:)",21620279,0,0.445662685643425,0
609308,nžesan,21689489,0,0.445398629639216,0
608924,Island prolazi,21675214,0,0.445319903015323,0
608050,Celeb jihad,21631706,0,0.445110554451443,1
608517,Nista ne pretjerujem😝😂,21672369,0,0.444348637691561,0
608088,Ja??? Ma nikada😎🤭😬😇,21641528,0,0.000874665332958,0
608211,Uuu al ona ima hitove 💩💩,21639948,0,0.000781579932664,0
607352,Juznoamerikanski karteli se mole bogu da nije jedan od njihovih kontejnera u moru,21600249,1,0.00073440221604,0
607355,"Ono kad je Neymar izjavio: ""Ja sam veći sportaš od Tysona"". To je samo jedan od primjera.",21600374,1,0.000728741695639,0
608703,Roko je skroman da ne može skromniji... Svoju veličinu pokazuje samo dok pjeva. O zavisti zavisti gadna li si. ,21664258,0,0.000664992025122,0
607815,"neka joj pokaze svoj profil na dating.com brayden 34, ",21621267,0,0.000593454868067,1
607778,"Pljujete vi svi po Hajduku, Livakovic je dobar golman ali zna se tko je broj jedan i Ladic i Pletikosa u svoje vrijeme nisu briljirali na golu ali su bili jedinice i u odlucujucim tekmama to dokazali, a livi se jos treba dokazati ",21618189,0,0.000556544808205,0
607714,sad mi je jasno gdje je nestao mali Isus - bit će pulena na obnovljenom galebu...,21615478,0,0.000536739651579,0
607807,"Pa kad tad će pozvati nekoga iz Dinama,to je neminovno...jedini klub koji posjeduje igrače vrijedne repke...",21620058,0,0.000526845396962,0
607187,"A mali izgleda kao pedercic , bum mu bilo lipo u ćorci .",21593813,1,0.000521911832038,1
607477,Oli ti...vlajna... U pravu si...,21605783,0,0.000514464220032,0
607164,"Život na ovoj kugli je postao licemjerstvo, u ime napretksa i demokracije usta su nam svaki dan sve više začepljena, a  zbog bolesnih manjina većina više ne smije pisnuti jer pri svakom otvaranju usta nas etiketiraju.",21591668,0,0.000509124540258,0
608476,Pa jeste li vas dvije ikad u stvarnosti vidjele kravu?,21670837,0,0.000504320138134,0
608017,A šta je bio ako nije Hrvat..,21629414,1,0.000504026305862,0
608741,"Stvarno glupasti Lino forsira 7 napadaca a to nikada bas nikda ne ide, i budala opet.....",21661958,0,0.000495140557177,1
608626,Cijenim kaj se cuva za posebnu.,21659068,0,0.00048107697512,0
608684,Hahaha koji su ovo jadnici iz Indexa.Kako im se Coric posrao u usta😂😂😂,21661179,0,0.000475710839964,1
608356,"Nista tu nije nebitno,to je jako bitno.Ja i mnogi drugi,velika večina nismo se borili za ovakve moralne nakaze.Rat je gotov i koja svrha ovakve objave osobe koja u najmanju ruku ima manjak kućnog odgoja a izgledno i krizu sexsualnog identiteta.",21645705,0,0.000470379600301,1
608356,ako mene pitaš NIKADA nisam tamo postao. niti ikad hoću. tamo nema apsolutno nitko normalan a još manje povijesno pismen.,21645920,0,0.000462294818135,1
607707,neznam dal da se smijem ili plačem....,21640325,0,0.000457985763205,0
608469,Njam njam,21655493,0,0.000456686946563,0
608418,"Da pogodim, najviše zaziru od crkvenih istrijani i okolica rijeke",21649092,0,0.000453699729405,0
607721,Ima se neka idu ljudi bogata smo nacija znaci sve stima u drzavi  ,21615126,0,0.0004505358811,0
607234,"To vec sve isplanirano, a?😂",21599627,0,0.000442558433861,0
608038,Ustaski olos i sramota za posteni dio Hrvatskog naroda.,21631009,1,0.00043847260531,1
607666,trebala je dobit još kad je glupa,21613592,1,0.000436106638517,1
607591,Opet bedastoće pišu. ,21631866,0,0.000435184483649,1
607364,Pruje bum izdržala gledat srpske serije nego turske. Od turskih osip dobijem,21602217,0,0.000433508073911,1
607493,Komunjare u plavom. Ruka na srcu a oko na copavom bravaru. Gore ne moze.,21605618,1,0.000432984350482,1
608367,"Stjepane,bome dobro ćeš morati orati posle kamerunca.",21653019,0,0.000422246055678,1
608356,"pa zamislite vi, Ivan ne voli (ili možda čaaaak mrzi) svoje (hrvatske) neprijatelje!!!",21646537,0,0.000422178185545,0
608192,Ja se grijem na plin. Meni dođe kod bojlera pa izmjeri tamo valjda co2 i uredno platim. A bojler novi i ima sve moguće zaštite,21665871,0,0.000421495933551,0
608957,tko uopće pokušava osnovati Komunističku partiju u Hrvatskoj u kojoj više ne postoji nastavni predmet teorija i praksa socijalističkog samoupravljanja,21676519,0,0.000412550376495,0
607494,"Gle ovu sreću kakvu imaju, ona od Manea nije ušla ali ova je joj kako sam ljut u pm uff j.t.m. i sreći",21606720,0,0.000409106753068,1
608454,"Kaj ti iščeš lojtre ili normalne cure? Kolko ja vidim onih ispod 170 imaš na kilometre, kam ti glediš?",21654330,0,0.000393969326979,0
608203,"A dok se ovo pocne topit, kod nas ce bit poplave... da nismo banana republika vec bi imali analizu kako ce nas ta kolicina vode pogodit.... najlakse se jalno zgražat nad buržoazijom...",21640088,0,0.000389455555705,0
607201,"Prozoveš jednog bivšeg hajdukovca i odmah se tovari dižu i napadaju. Zar je samo vama dozvoljeno kritizirati njih ili što?! A i otkad vas zanima reprezentacija? Koliko nam je svima poznato, bojkotirate ju tako da nemam razloga dalje se raspravljati s vama.",21594985,1,0.000373369868612,1
608313,"nije mi jasno koliko malouman pojedinac mora bit da dođe na stadion kluba iz svoje regije, za koji zna da se (kao 98% manjih klubova u hr) koprca i spaja kraj s krajem, i na ovakav način ide pumpat svoj ego i liječit komplekse male ćune? čestitam rambo, prejak si!",21642309,0,0.000373331218725,1
608439,"Žena ima 50 godina, podbradak je prirodna stvar, nema uvijek veze sa debljinom.",21651936,0,0.000370410649339,0
607294,"Ženo, ja sam trenirao karate 2 godine, ja ću te zaštititi od manijaka.",21600384,1,0.00036808065488,0
608245,Duvnjak i Strlek najbolji,21658709,0,0.000362358812708,0
606934,A ima ubrzanje stvarno opako.,21589120,0,0.000361668964615,0
608664,Upravo tako lp taman pocinje kvitova ako te zanima kisa ih izneredila si 1 pozz,21659218,0,0.000360751699191,0
608351,I njega treba zadovoljiti . :-)))),21681464,0,0.000355178810423,1
608188,"Pa kako možete protiv svog naroda ? Hrvat na Hrvata, Brat na brata, fuj. :D :d",21637874,0,0.000353926006937,0
607791,najdebilniji nadimak za neku sportsku momčad ikad. Mene bi sram bilo to izgovorit,21618755,1,0.000351085851435,0
609306,"ivan433 kaže: ""Jos da Drvis nesto napise onda ce biti jos zanimljivije"".",21689828,0,0.00034196730121,0
608318,ti onda voliš one kosture od 25 kg?,21663471,0,0.000339725607773,1
608016,"Dozvolite Koprivnici da iz sela postane grad...sa ovakvim ponasanjem...staje uz bok Zadru, Rijeci...cestitam!",21628841,0,0.000338602258125,0
608816,Največi je problem što ne pišu Hrvati  Hrvatske novine,21669682,0,0.000333253061399,1
609132,Ako se čemu radujem kada gledam Eurosport to je onda pregled dana sa relija Pariz - Dakar :) ,21684037,0,-1,0
607398,Zlatko dal si odlićan komentar al očito nikog ovo ne brine ,21602618,0,-1,0
607013,Hehehe neka je svega ☺,21588577,0,-1,0
607095,Čuj on je najmanje kriv... Puno krivlji je Zoka sa svojim ministrima koji su svjesno uništavali zemlju...,21588805,0,-1,0
607184,"Hoce, glave gradjana klonut ce od gladi- jedino te glave mogu padti u ovoj ucmaloj zemlji navikloj na jaram",21593020,0,-1,0
607211,tako jjjjeeeeeeeee !Konačno i jedan dobar prijedlog od ovih mostovaca !,21596098,0,-1,0
607315,"Da, nije bilo mobitela nego kartice za javne govornice, pa si morao pamtiti brojeve koje trebaš zvati.  A nije bome bilo ni kompjutora pa nismo trošili vrijeme na besmislene komentare, nego se družili kao normalna bića. ",21599352,0,-1,0
607322,Koji krkan. ,21600436,0,-1,1
607322,antifašistička škola. od 45. nema ni jednog koji nije imao nešto s kumrovcem.,21600671,0,-1,0
607322,Nisu njihove pare. zabole ih,21601311,0,-1,0
607382,"Svaka cast Plenkovicu ozbiljnom i odgovornom politicaru,ne kao ostalim cirkusantima.",21602314,0,-1,1
607398,Koji je pa sad ovaj skvarcani jbt led aj bok,21602373,0,-1,1
607400,Glogi sam laje i ždere janjetinu  kad je sdp na vlasti...,21602687,0,-1,0
606703,"Mato! Mato! Poklanjate državi (zdravstvu) uređaj, a gluha djeca ne mogu dobiti pužnicu nego moraju sakupljati donacije!",21596010,0,-1,0
607315,da je ostao sa svojim narodom rezali bi ga antifašisti na komade živog pilom kao što su rezali grozdu budak gimnazijalku dok su se partizanke skupljale u krug i bodrile svoje kolege antifašiste koji su je masovno silovali. ,21602710,0,-1,1
607307,Kad će se zaustaviti ovo ejakuliranje po građanima? Još malo toga je ostalo za upropastiti i pokloniti strancima za kikiriki.,21602762,0,-1,1
607315,"vinja..+++ pusti ovoga neonacionalistu koji živi u 41...mi svi blesavi i u krivu jedino je on pametan..
",21603020,0,-1,0
607382,biće si jedini zarobit...bane..ti...,21603026,0,-1,0
607400,vrac666.ima nas još taki al mučimoo...od muke...,21603117,0,-1,0
607400,"pleja , ova rećenica ti ima smisla , ali brate pogledaj ( tvoj dvojnik , jedan od više ti logisanih  ) što napiše nepodojeno derište !! --- malo se koncetreraj -",21603254,0,-1,0
607400,"pocetakkraja:  Na tvoju žalost SKEJO je kao zapovjednik bio u Bosni,  ia tamo je ranjen.  Osobno ga znam i znam kako misli i razmišlja, a isto tako kako će i raditi ubuduće.  SAMO ZA DOBROBIT HRVATSKE pa i bez ustaša.",21604434,0,-1,0
607400,"cura hercegovka   Ne kažem da nije bilo bosanaca koji su branili Hrvatsku u Hrvatskim brigadama.  Ali ne toliko koliko ih se danas spominje.  I zapamti ni svi bosanci nisu branili HRVATSKU kao svoju državu, nego samo zbog toga šta su branili svoj dom, svoj  zavičaj i svoju državu Bosnu.",21604458,0,-1,0
607464,Nije pitanje da li tvoj odlazak pomaže državi nego koliko tvoj OSTANAK ŠTETI DRŽAVI!!,21604566,0,-1,0
607433,vagabundo promaklo ti koliko su avioni mladi.,21604621,0,-1,0
608619,Daruvarac? Djubre odpad izrod od covjeka to je frajer. Valjda ce ga u pritvoru isto tako docekat.,21658716,0,-1,1
608619,"Štanga, nebitan si",21658230,0,-1,0
608545,covic je bia na proslavi neceg sto je nastalo u najgoroj agresiji etnickom ciscenju i genocidu nad bosancima i hrvatima u bih ustavni sud bih proglasia  tu proslavu nelegalnom ionako je politicki mrtvac zato se i lize sad s dodikom vjerovatno partneri u pljacki bih.gosp. komsic je autohtoni predstavnik hrvata u bih . ,21655908,0,-1,1
608426,A kaj se je u vukovaru desilo?   24 sata da pogledate mozda Pise kurir,21649999,0,-1,1
608148,..Hladno mi je..nema ženskih nogica da me grijuuu..moš li što pomoć?!?..hahaha..,21663224,0,-1,1
607278,jbg.čovik navika vozit po obilježenim stazama a bolnica nii postavila štapove do...oskara...,21597162,0,-1,0
608049,Tako je kriva je drzava da ovim tkz.politicarima lopovima.,21634118,0,-1,1
608183,ovakve facebook ustase i cetnici pa to mi je najomiljenije predjelo.majko sveta pa znamo svi da bas vi koji ste takvi prvi bi pobjegli iz drzave da bude necega i onda bi kao vecina nakon zadnjeg rata dosla i busala se u prsa.prkono vam vase,21636878,0,-1,1
608342,dobro je neko napisao da gasači HDZ i ŽZ imaju IQ riječne jegulje! ova ostrašćena dopisivanja i prijave to najbolje potvrđuju...,21643636,0,-1,1
608570,"Ivane Gejski, kad tad i tebe ce puknuti tragedija, a kad ti se to dogodi zelim ti da isto tako nasere ovakvu glupost",21656430,0,-1,1
608682,Svi smo mi braca,21659537,0,-1,0
608682,Zadarska policija je u zadnje vrijeme inače na dobrom glasu što se tiče tolerancije nasilja i mržnje. Sva sreća što su glupani koji pošu ovakve grafite nepismeni i što ne znaju da se ne piše UBI nego UBIJ pa je onda lako njihovu grešku ispraviti. Svaka čast ovom tipu koji je završio na pliciji. Bravo care!,21664536,0,-1,1
607124,Koji komentatorski volumeni. Proguglajte izjavu spomenute Hrge i po njoj veze hrvata sa Dubrovnikom pa se onda vratite ovdje na komentare. Volumenčići. Amen!,21591200,0,-1,1
607221,"Nisu se potukli  Zagorac i Dalmatinac nego osobe se dvojnim državljanstvom. Nažalost, danas svatko može biti Rvat!",21595160,0,-1,1
607210,@extrupol ne trebam tvoje dobre želje u ničemu jer sam sve više siguran da niti ne razumiješ što one znače. Koliko si sam po sebi kontradiktoran govori činjnica da vrijednosti koje si naveo ( obrazovanje podmirivanje režija rješavanje pitanja stanovanja itd. ) su zapravo ostavština socijalističkih sustava koji su izgradili nazadne i od kolonizatora i njihovih konjušara opustošene zemlje. Naravno pitanje industrijaliziranosti si potpuno zanemario jer si vjerovatno konobar ili neke slične struke koja misli da je najbolje sve osim morske soli uvoziti izvana a mlade inteligentne ljude izvoziti švabam kao za vrijeme austrougarske. Ali vjerovatno si prebalav da bi razumio o čemu pričam. Još puno žganaca trebaš pojesti da bi razumio koliko je tvoja kvazianaliza zapravo plitka u nekim međunarodnim i posebno povijesnim konstelacijama. Pa pa.,21596620,0,-1,1
607272,"a ina67 pa vidiš takav primjer svaki dan na tv-u kako Kujunđič i bagra neće pomoći djeci,nedopušta da dobiju ljek koji im treba,ali za hdz-ove luksuze se ima.",21596876,0,-1,1
607106,"evo me opet ""na slobodi"". Blokirana bila al zaista neznam zasto, valjda me admin ne smeka, al pravo receno ni ja njega. malo se odmorila i presla na normalnu stampu. dal ce opet doci blok neznam al boli me ova moja lijepa debela na kojoj sjedim. imam pametnijeg posla nego se ovdje nervirati. mrtva sam ladna i da dobijem 100000000000000000000000000 blokada. ",21605885,0,-1,1
607647,"SAmo žica , zid i vize ..PROVJERE svih diploma, putovnica i državljanstva za sve istočne gradjane ..istočno od buduće Schengenske granice. ",21611303,0,-1,1
607787,treba kao mi da šutimo i gledamo kako      nas kdz pljačka,21618062,0,-1,1
608163,"Decki, neka pitaju tog kretena Daćića, ko je bio Milan Dedić u Beogradu? On je vise Židova pobio i drugog naroda nego bilo ko drugi.
Daćić je sa onim Picoustim Vucicem jedna velika politicka zalost koja ce se u narednih 50 godina kso teret nametavati Srbiji i tom dole narodu koji zivi......zalosno.",21636583,0,-1,1
608026,"Dijaspora:a što očekivati od tebe,lijepo pitama ti samo neka trabunjanja i vrijeđanje,pa jel lik izabran,glasalo se pošteno,sam kažeš tako,i sad nek se objesi???pa što ste si ga izabrali....",21637179,0,-1,0
608082,kajzanavek: važno da si ti več natukel pameti i samo ostani pametan.,21639082,0,-1,0
608363,"šta na ovo reču ercegovci,čović je njiov čovik...",21645328,0,-1,0
608363,Zasto kao pocasne goste nisu pozvali Mikija i Palmu. Kad je bal nek je maskenbal,21647832,0,-1,0
608026,"Roko pazi na sat da nebi zakasnio u Caritas po marendu, samo da znas da ce Dijaspora i dalje donirat jer  necemo vas nosit na dusi ako bi umrli od gladi",21648755,0,-1,1
608038,"From August 1941 to April 1945, hundreds of thousands of Serbs, Jews, and Romas, as well as anti-fascists of many nationalities, were murdered at the death camp known as Jasenovac. Estimates of the total numbers of men, women and children killed there range from 300,000 to 700,000. And yet, despite the scale of the crimes committed there, most of the world has never heard of Jasenovac.",21632769,1,-1,1
