Unnamed: 0,article_id,content,id,label,score
26461.0,609132,Ako se čemu radujem kada gledam Eurosport to je onda pregled dana sa relija Pariz - Dakar :) ,21684037,0,-1.0
56161.0,607398,Zlatko dal si odlićan komentar al očito nikog ovo ne brine ,21602618,0,-1.0
54253.0,607013,Hehehe neka je svega ☺,21588577,0,-1.0
54312.0,607095,Čuj on je najmanje kriv... Puno krivlji je Zoka sa svojim ministrima koji su svjesno uništavali zemlju...,21588805,0,-1.0
54927.0,607184,"Hoce, glave gradjana klonut ce od gladi- jedino te glave mogu padti u ovoj ucmaloj zemlji navikloj na jaram",21593020,0,-1.0
55368.0,607211,tako jjjjeeeeeeeee !Konačno i jedan dobar prijedlog od ovih mostovaca !,21596098,0,-1.0
55681.0,607315,"Da, nije bilo mobitela nego kartice za javne govornice, pa si morao pamtiti brojeve koje trebaš zvati.  A nije bome bilo ni kompjutora pa nismo trošili vrijeme na besmislene komentare, nego se družili kao normalna bića. ",21599352,0,-1.0
55799.0,607322,Koji krkan. ,21600436,0,-1.0
55810.0,607322,antifašistička škola. od 45. nema ni jednog koji nije imao nešto s kumrovcem.,21600671,0,-1.0
55841.0,607322,Nisu njihove pare. zabole ih,21601311,0,-1.0
56042.0,607382,"Svaka cast Plenkovicu ozbiljnom i odgovornom politicaru,ne kao ostalim cirkusantima.",21602314,0,-1.0
56064.0,607398,Koji je pa sad ovaj skvarcani jbt led aj bok,21602373,0,-1.0
56195.0,607400,Glogi sam laje i ždere janjetinu  kad je sdp na vlasti...,21602687,0,-1.0
30991.0,606703,"Mato! Mato! Poklanjate državi (zdravstvu) uređaj, a gluha djeca ne mogu dobiti pužnicu nego moraju sakupljati donacije!",21596010,0,-1.0
56204.0,607315,da je ostao sa svojim narodom rezali bi ga antifašisti na komade živog pilom kao što su rezali grozdu budak gimnazijalku dok su se partizanke skupljale u krug i bodrile svoje kolege antifašiste koji su je masovno silovali. ,21602710,0,-1.0
56235.0,607307,Kad će se zaustaviti ovo ejakuliranje po građanima? Još malo toga je ostalo za upropastiti i pokloniti strancima za kikiriki.,21602762,0,-1.0
56299.0,607315,"vinja..+++ pusti ovoga neonacionalistu koji živi u 41...mi svi blesavi i u krivu jedino je on pametan..
",21603020,0,-1.0
56302.0,607382,biće si jedini zarobit...bane..ti...,21603026,0,-1.0
56320.0,607400,vrac666.ima nas još taki al mučimoo...od muke...,21603117,0,-1.0
56349.0,607400,"pleja , ova rećenica ti ima smisla , ali brate pogledaj ( tvoj dvojnik , jedan od više ti logisanih  ) što napiše nepodojeno derište !! --- malo se koncetreraj -",21603254,0,-1.0
56634.0,607400,"pocetakkraja:  Na tvoju žalost SKEJO je kao zapovjednik bio u Bosni,  ia tamo je ranjen.  Osobno ga znam i znam kako misli i razmišlja, a isto tako kako će i raditi ubuduće.  SAMO ZA DOBROBIT HRVATSKE pa i bez ustaša.",21604434,0,-1.0
56642.0,607400,"cura hercegovka   Ne kažem da nije bilo bosanaca koji su branili Hrvatsku u Hrvatskim brigadama.  Ali ne toliko koliko ih se danas spominje.  I zapamti ni svi bosanci nisu branili HRVATSKU kao svoju državu, nego samo zbog toga šta su branili svoj dom, svoj  zavičaj i svoju državu Bosnu.",21604458,0,-1.0
56661.0,607464,Nije pitanje da li tvoj odlazak pomaže državi nego koliko tvoj OSTANAK ŠTETI DRŽAVI!!,21604566,0,-1.0
56670.0,607433,vagabundo promaklo ti koliko su avioni mladi.,21604621,0,-1.0
53976.0,608619,Daruvarac? Djubre odpad izrod od covjeka to je frajer. Valjda ce ga u pritvoru isto tako docekat.,21658716,0,-1.0
53935.0,608619,"Štanga, nebitan si",21658230,0,-1.0
53824.0,608545,covic je bia na proslavi neceg sto je nastalo u najgoroj agresiji etnickom ciscenju i genocidu nad bosancima i hrvatima u bih ustavni sud bih proglasia  tu proslavu nelegalnom ionako je politicki mrtvac zato se i lize sad s dodikom vjerovatno partneri u pljacki bih.gosp. komsic je autohtoni predstavnik hrvata u bih . ,21655908,0,-1.0
53342.0,608426,A kaj se je u vukovaru desilo?   24 sata da pogledate mozda Pise kurir,21649999,0,-1.0
37616.0,608148,..Hladno mi je..nema ženskih nogica da me grijuuu..moš li što pomoć?!?..hahaha..,21663224,0,-1.0
39851.0,607278,jbg.čovik navika vozit po obilježenim stazama a bolnica nii postavila štapove do...oskara...,21597162,0,-1.0
43029.0,608049,Tako je kriva je drzava da ovim tkz.politicarima lopovima.,21634118,0,-1.0
43224.0,608183,ovakve facebook ustase i cetnici pa to mi je najomiljenije predjelo.majko sveta pa znamo svi da bas vi koji ste takvi prvi bi pobjegli iz drzave da bude necega i onda bi kao vecina nakon zadnjeg rata dosla i busala se u prsa.prkono vam vase,21636878,0,-1.0
44240.0,608342,dobro je neko napisao da gasači HDZ i ŽZ imaju IQ riječne jegulje! ova ostrašćena dopisivanja i prijave to najbolje potvrđuju...,21643636,0,-1.0
46490.0,608570,"Ivane Gejski, kad tad i tebe ce puknuti tragedija, a kad ti se to dogodi zelim ti da isto tako nasere ovakvu glupost",21656430,0,-1.0
46798.0,608682,Svi smo mi braca,21659537,0,-1.0
47380.0,608682,Zadarska policija je u zadnje vrijeme inače na dobrom glasu što se tiče tolerancije nasilja i mržnje. Sva sreća što su glupani koji pošu ovakve grafite nepismeni i što ne znaju da se ne piše UBI nego UBIJ pa je onda lako njihovu grešku ispraviti. Svaka čast ovom tipu koji je završio na pliciji. Bravo care!,21664536,0,-1.0
48630.0,607124,Koji komentatorski volumeni. Proguglajte izjavu spomenute Hrge i po njoj veze hrvata sa Dubrovnikom pa se onda vratite ovdje na komentare. Volumenčići. Amen!,21591200,0,-1.0
48985.0,607221,"Nisu se potukli  Zagorac i Dalmatinac nego osobe se dvojnim državljanstvom. Nažalost, danas svatko može biti Rvat!",21595160,0,-1.0
49179.0,607210,@extrupol ne trebam tvoje dobre želje u ničemu jer sam sve više siguran da niti ne razumiješ što one znače. Koliko si sam po sebi kontradiktoran govori činjnica da vrijednosti koje si naveo ( obrazovanje podmirivanje režija rješavanje pitanja stanovanja itd. ) su zapravo ostavština socijalističkih sustava koji su izgradili nazadne i od kolonizatora i njihovih konjušara opustošene zemlje. Naravno pitanje industrijaliziranosti si potpuno zanemario jer si vjerovatno konobar ili neke slične struke koja misli da je najbolje sve osim morske soli uvoziti izvana a mlade inteligentne ljude izvoziti švabam kao za vrijeme austrougarske. Ali vjerovatno si prebalav da bi razumio o čemu pričam. Još puno žganaca trebaš pojesti da bi razumio koliko je tvoja kvazianaliza zapravo plitka u nekim međunarodnim i posebno povijesnim konstelacijama. Pa pa.,21596620,0,-1.0
49290.0,607272,"a ina67 pa vidiš takav primjer svaki dan na tv-u kako Kujunđič i bagra neće pomoći djeci,nedopušta da dobiju ljek koji im treba,ali za hdz-ove luksuze se ima.",21596876,0,-1.0
50363.0,607106,"evo me opet ""na slobodi"". Blokirana bila al zaista neznam zasto, valjda me admin ne smeka, al pravo receno ni ja njega. malo se odmorila i presla na normalnu stampu. dal ce opet doci blok neznam al boli me ova moja lijepa debela na kojoj sjedim. imam pametnijeg posla nego se ovdje nervirati. mrtva sam ladna i da dobijem 100000000000000000000000000 blokada. ",21605885,0,-1.0
50608.0,607647,"SAmo žica , zid i vize ..PROVJERE svih diploma, putovnica i državljanstva za sve istočne gradjane ..istočno od buduće Schengenske granice. ",21611303,0,-1.0
51039.0,607787,treba kao mi da šutimo i gledamo kako      nas kdz pljačka,21618062,0,-1.0
52249.0,608163,"Decki, neka pitaju tog kretena Daćića, ko je bio Milan Dedić u Beogradu? On je vise Židova pobio i drugog naroda nego bilo ko drugi.
Daćić je sa onim Picoustim Vucicem jedna velika politicka zalost koja ce se u narednih 50 godina kso teret nametavati Srbiji i tom dole narodu koji zivi......zalosno.",21636583,0,-1.0
52309.0,608026,"Dijaspora:a što očekivati od tebe,lijepo pitama ti samo neka trabunjanja i vrijeđanje,pa jel lik izabran,glasalo se pošteno,sam kažeš tako,i sad nek se objesi???pa što ste si ga izabrali....",21637179,0,-1.0
52420.0,608082,kajzanavek: važno da si ti več natukel pameti i samo ostani pametan.,21639082,0,-1.0
53071.0,608363,"šta na ovo reču ercegovci,čović je njiov čovik...",21645328,0,-1.0
53267.0,608363,Zasto kao pocasne goste nisu pozvali Mikija i Palmu. Kad je bal nek je maskenbal,21647832,0,-1.0
53300.0,608026,"Roko pazi na sat da nebi zakasnio u Caritas po marendu, samo da znas da ce Dijaspora i dalje donirat jer  necemo vas nosit na dusi ako bi umrli od gladi",21648755,0,-1.0
69704.0,608038,"From August 1941 to April 1945, hundreds of thousands of Serbs, Jews, and Romas, as well as anti-fascists of many nationalities, were murdered at the death camp known as Jasenovac. Estimates of the total numbers of men, women and children killed there range from 300,000 to 700,000. And yet, despite the scale of the crimes committed there, most of the world has never heard of Jasenovac.",21632769,1,-1.0
,608664,doping,21658865,0,0.4790381969408627
,608307,logično,21648097,0,0.476898701691476
,607848,Dalmatinac,21623138,0,0.4753232926391642
,608082,Valamar?,21635731,0,0.4744216006684635
,607317,Nije,21602475,0,0.4736619953673662
,607276,Boli me k,21598056,0,0.4727093544159475
,607899,"Podržavam, bravo. ",21625255,0,0.471063988012041
,607782,Artiku?,21619313,0,0.4701402080528462
,608439,Ugroza,21650786,0,0.4689757810015879
,608195,o svim vladama,21647323,0,0.4689658395615176
,607932,Svasta,21630010,0,0.4688489534550168
,607714,Jbt tito,21615181,0,0.4685882597720374
,607217,ružna gesta,21595444,0,0.4685722821701187
,607918,Neradnici,21626084,0,0.4642508998398114
,608088,Radoznale zene🤷‍♀️ ,21639372,0,0.4638814825051124
,607634,Uh zaboravih Crnogorce ,21630618,0,0.4624965296272711
,608745,U golu na savici,21665110,0,0.4618319400627809
,607235,Nebitni.,21595729,0,0.4605989277497362
,607647,Diploma je diploma,21612217,0,0.4593566168112231
,607125,I Artema,21589997,0,0.4588391553317875
,608509,Krešo?,21655535,0,0.4582486739941104
,607018,Jutroo,21594346,0,0.4573619619029106
,607732,Podzemna fontana,21616221,0,0.4566139761154855
,608568,Nebitan,21656160,0,0.4561714616739206
,607178,ta daaa!,21594415,0,0.455921486411714
,608440,udiše se,21649695,0,0.4557733472071216
,608526,Dobro kažeš!,21653705,0,0.4547124311021216
,608863,Kralju! ,21670914,0,0.4545954139206302
,608356,Haha imas plus,21646025,0,0.4542504869082191
,608545,Samo haha,21653511,0,0.4536966384841275
,608726,...slažem se,21663611,0,0.4536430915037253
,607202,Mrcina,21594354,0,0.4518278538770137
,608190,Isti k.,21644300,0,0.4512000856899914
,607646,Office down,21612727,0,0.4509775451796764
,608088,Ccc 😃😃😃,21639551,0,0.4507520778560538
,608517,Stručnjaci.,21676922,0,0.450647841282659
,607366,Zgodnom?... RIP...,21601778,0,0.4501574486616487
,608439,"ludilo, bralee... :))",21651710,0,0.4501475768346316
,609280,Slatke brige 😉,21689042,0,0.4497548230534506
,607276,Nebitna “vest”,21597816,1,0.4481629832033793
,608077,Legenda...,21634304,0,0.4481485042842392
,607479,Isti kua!,21616294,0,0.44796322062983707
,608884,Jadnicak,21678758,0,0.4477914085879214
,607701,Novi Isus,21622513,1,0.4475305924720129
,607823,To su geni kameni.,21621152,0,0.4461736333653262
,607607,"da, u Umagu je bilo ok:)",21620279,0,0.4456626856434254
,609308,nžesan,21689489,0,0.4453986296392158
,608924,Island prolazi,21675214,0,0.4453199030153228
,608050,Celeb jihad,21631706,0,0.4451105544514435
,608517,Nista ne pretjerujem😝😂,21672369,0,0.4443486376915612
