id,content,label,score,article_id
21634874,Ma ovakve se tjeraju non stop... Ne treba njoj 2.mj.,0,0.0010834533022716641,608101
21610248,Problem je  kaj se određena grupa aktivista očito pronašla u tekstu.,0,0.0010614186758175492,607587
21649154,"Po slikama zgodna cura,no pitanje je kako izgleda bez šminke i koliko je koristila fotoshop.  
No msm da nema šanse jer je lik mlađi,a ona je već spremna za djecu",0,0.0010570812737569213,608392
21598606,ala ružooo el u pitanju golo kupanje hahaha,0,0.000974247232079506,607235
21598811,14 godina??? Gdje su bili roditelji tih 14 godina?,0,0.0009403362637385727,607323
21604895,To što u hrvatskoj nije bolje ..definitivno bi bilo bolje i biti će bolje kada se ostvare ove mjere koje sam naveo u uvodnom komentaru !,0,0.0008935519726946949,607475
21636449,parizer boy,0,0.0008520003175362946,608152
21643745,i onda bu došo tromblon....,0,0.000804542563855648,608195
21595985,Ona zna i to je dovoljno,0,0.0007596728974021971,607247
21760770,"smrket@ trkeljaj sa švalerima, ovo nije tema za tebe.",1,0.0007149412413127719,610486
21636622,E tako.. sad u ćorku Đakiću herojčino,0,0.0007032147259451449,608183
21676258,Tocno to..tako nek se domace uzimaju bez puno potrosnje..a u gostima kao protiv Getafea :D,0,0.0006978510064072907,608923
21627474,Da Stepinac nije zlocinac?,0,0.00068513402948156,607965
21678138,Tako je to kad diletantima das da vode drzavu.,0,0.0006717991200275719,609023
21616023,3 ocajna filma,0,0.0006532015977427362,607471
21627040,"Bosanci imaju familiju kao i ti , Hrvati imaju obitelj.",0,0.0006491865497082473,607765
21651232,Pohlepa za ckom ga dosla glave,1,0.0006444893660955131,608420
21688786,..evo ti znaš hrvatski pa sve to što si sad sastavio nema veze sa vezom😝,0,0.0006254697800613941,609285
21650599,Najprije piše kako je dotični često držao mobitel u ruci i da joj je možda slao poruke.Dalje piše kako je suprug pronašao neprimjerene poruke na njenom mobitelu.Pa mislim stvarno? Prvo odakle mu broj? Drugo zašto ona te poruke nije obrisala? Treće zašto suprug čita poruke sa mobitela koji nije njegov? Četvrto koga briga?,0,0.0006242261151783168,608416
21599237,Njonjo lajka,0,0.0006092523108236492,607311
21597708,...i sveti steram,0,0.000601697014644742,607285
21613409,)))) Želiš naći sebi ženu za jednu noć? Idu na ==> www.3xDate.top,1,0.0005691747064702213,607542
21608976,Šta ga mičete ako nije...,0,0.0005651357350870968,607587
21623229,Četnički dernek koji nema veze s nikakvim kršćanstvom na kojem se promovira velikosrpska ideologija,1,0.0005581189761869608,607860
21650245,ne izgleda predebelo za svojih 56 godina,0,0.00054340431233868,608446
21647292,"Evolucija nije samo puko vjerovanje, evolucija su dokazi i činjenice, ja ne diram religiozne ali mene svakodnevno bombardiraju i osuđuju upravo takvi.",0,0.0005419095978140831,608354
21666796,to ikognito govoris iz iskustva jer si tako nekome pomogao/la?,0,0.0005378836649470031,608804
21596048,"A zašto bi javnost imala prvo znati? Onaj tko treba znati, zna!",0,0.0005375239998102188,607247
21620972,I na koji nacin mislis da ce oni napasti titulu ako im kemija u momcadi nije dobra?,0,0.0005356402834877372,607803
21619510,natalitet moraju podići i stariji kad mladi odu i neće...........,0,0.0005304666119627656,607707
21601513,"najvise cu ga pamtit iz kad mrtvi zapjevaju, on i Ivica Vidovic. Sad pjevaju i glume negdje gore, pocivaj u miru",0,0.0005272826529107988,607359
21625937,I takvoj nevinoj se svidio svećenik.,0,0.0005196005222387612,607899
21623183,Stara jugoslavenčina Beljak vraća se svojim YU korjenima.,1,0.0005148098571226001,607866
21604403,"Hvala Dalma, tebi i tvojoj obitelji sve najbolje želim, Ivo je legenda, baš mi je žao.",0,0.0005102834547869861,607366
21617493,Mulja li se mulja i opet u nizu odvlači narod od kljućnih problema koje ova vlast mora pod hitno rješavati..,0,0.0005086396122351289,607655
21808061,"Nažalost ove teme i ovi ljudi ne dobijaju medijskog prostora, važnije su dopisivanja Karleuše, instagram Lidije Bačić, cipele Tolušića ili medicinski savjeti dr. Pernara... ",1,0.0005066469311714172,611823
21651924,"Pa zbog  silnih briga za domovinu i narod odlučila je iseliti bistu druga Tita iz ureda, upoznati cijelu republiku seleći ured,  pratiti sportaše usput studirati i smršaviti preko losos ishrane.",0,0.0005053658969700336,608439
21681807,Samo@u ovaj show da me neka peder*ina poljublja i radi sta njemu prija a mene da ima za buda*o i da se kazem koliko mogu bit i glupa ja ZIVA NE IDEM😂😂😂,1,0.0005031836335547268,608930
21611422,"Razlika je između poštovanja i istine. Znam da su plakati uvredljivi za određene skupine ljudi. Svatko na svoj način shvaća poruku plakata, to nije sporno. I uz dužno poštovanje, plakat je namjenjen prevenciji konzumiranja alkohola, a ne vrijeđanju drugih ljudi. Plakat govori ono što je nažalost istina, a to je da alkohol tako djeluje na ljudsko tijelo, htjeli mi to priznati ili ne. Alkohol djeluje i na muškarce, i na žene i na djecu, bez iznimke.",0,0.0005015011411160232,607550
21627045,Jebalo ti bratsvo i jedinstvo sve majmune lopove jebo te cjeli HSS koji te podržava,1,0.0005014334456063807,607953
21623654,"Ako je tome tako, zašto ne priznate HRVATSKU pravoslavnu crkvu kao i hrvatske pravoslavce?",0,0.0004971905145794153,607855
21595804,"slovenk@ on VOAJIRA, voli gledat samo ;) ",0,0.0004886704264208673,607186
21778931,Dobra guza podsjeća na onu sa Tolušićeve slike !,1,0.00047320916200988,611169
21649002,Sve što je starije od pet zemaljskih godina je možda več poumiralo ili se samouništilo.,0,0.0004654799413401634,608381
21623366,"Pa dobro mogel je ,ali znaš njega zbog rejtinga bi htel biti veči Srbin od Pupovca,njega nemreš nikak skužit zato bude popušil na izborima.",0,0.00046529469545930624,607866
21638544,"Kako ćeš narodnjak obraditi u narodnjak, da je country....",0,0.00046324534923769534,608211
21618766,"Nabijem na kikija svakog degenerika koji ti je stisnuo minus. Plin se eventualno mogao zapaliti, ali eksplozija je mogla biti samo u glavama autorice videa i sličnih spodoba.",1,0.0004607823502738028,607792
21592626,"Nadamo se da će ga zaobići mamina""ljepota""",1,0.0004473083827178925,607169
21649835,Kako to ,0,0.0004463311634026468,608432
21616696,"Šteta, ali ovo će mu itekako produljiti karijeru za još barem 10-ak mjeseci",0,0.0004451240238267928,607749
