id,content,label,score,article_id
21613190,"ASNL nemoj se živcirat, vidiš da se oni jednostavno hrane negativom. Pusti ih. Ako je tebi dobro, šta te briga. Nek seru po lagodnom životu kojeg ne bi imali ni u jednom drugom razdoblju u povijesti ako im to predstavlja zadovoljstvo.",0,0.0006460569566115737,607450
21624618,"zašto ne napišu po kojim cijenama su stanovi prodani, a ne po kojima su oglašeni. porezna uprava bi trebala imati podatke. ",0,0.0005765824462287128,607868
21626106,Ti si jedna sebicna...neartikulisana budala...,1,0.0005637983558699489,607855
21615482,"scubacro, ako je netko ispao glup onda si to ti. Drugi put malo bolje čitaj članak pa onda pametuj: ""S obzirom na novonastalu situaciju, ostalo je nekoliko mogućih opcija; da se poništi natječaj i raspiše novi u nadi da će se javiti netko s 'razumnijom' ponudom, da se sasvim odustane od obnove ili da se na neke druge načine pokušaju namaknuti sredstva za ponudu Viktora Lenca, ili novim kreditom ili povlačenjem sredstava iz EU fondova""",1,0.0005419201334007084,607714
21637613,kompa - Zašto odmah nisi rekao da si libtard?,1,0.0005063583957962692,607969
21602833,"Pocivao u Miru 
Siromasniji smo za jos jednog velikog covjeka
Rano ode Ivo,rano",0,0.0004659080877900124,607359
21600723,"Pa kaj bu 2019 tak losa da su dobri ljudi odlucili odmah otici. Ovo danas nije normalno, jedan pa i drugi i to u isto popodne. Uzas",0,0.00045826108544133604,607364
21607625,Ajde malo stani na crtu.sve su oni u repki s njim riješili.nije izdajnik.,0,0.0004522954113781452,607534
21663525,Nemas pojma,0,0.00044550406164489686,608754
21601236,"Daviidоff1: .....Vidiš ja jako rijetko dođem na ovaj""portal"".Za razliku od puno vas nemam vremena.Ali bukvalno nemam.Što je za tebe i tebi slične nevjerovatno.
Pa očekujem da mi se komentari ne brišu.Nitko se ne mora složiti dapače.Ali ne mogu vidjeti što drugi misle i da možda na osnovu toga preispitam svoj stav.Ali kom ja govorim?!",0,0.00044115999480709444,607359
21618155,Njih za lovu istjeraju vanka velike svjetske sile kako bi ih opet kad naprave belaj mogli optuživati da su za sve krivi upravo velike svjetske sile....,0,0.00043047731742262835,607787
21640829,Benzinska postaja truje i zagađuje non stop. Elekricitet iz osobe može izazvat smrt. Dođeš sa cigarom i odeš u zrak. I tako dalje....ali to je u redu. To ne smeta. o.0,0,0.0004286693001631647,607637
21654929,"slavko14:                   trabant je smeće od auta, i drugi trabanti također.",0,0.0004201220872346312,608163
21644523,Nista nije drugciji od ostalih svecenika.,0,0.00041561643593013287,608354
21614884,99%,0,0.00040242032264359295,607721
21605275,Hmm mislim da nije,0,0.0003876012633554637,607477
21614895,"Zato ti to meni govoriš? Pa nisam ja uopće dovela u pitanje ni nabavku, a ni cijenu aviona",0,0.00038201495772227645,607655
21649995,"Hahhahaha da SMS,pa on je običan krkan hahhah samo daj inter",0,0.0003679755609482527,608433
21612953,@Mauritius Kakve veze sex s drvetom ima sa šejtanom?,0,0.00036746516707353294,607450
21595153,Dobro da se nisu izboli na partiji šaha :-D ,0,0.00035480046062730253,607221
21626713," nisam mislila da se i to može dogoditi u  svijetu politike,  ali evo u Italiji se dogodilo. Na izborima u ožujku pobijedu su odnijele dvije stranke koje su do sada bile zastupljene na vlasti sa par zastupnika. Obećavali su da će zatvoriti luke i reći stop migrantima, da će uvesti ljudima bez posla mjesečno 75oeura (moraju tražiti posao, ako odbiju tri puta gube primanja), obećali su da će rezati ,,zlatne mirovine,, ,  to su mirovine zastupnika, župana., sindikalista.   Ne ulazim u to koliko su odredili da im mora ostati kao minimum, jer imaju drugačiji standard od našega, ali svima je zagarantiran taj minimum plus iznos mirovine koju bi dobili za godine u kojima su RADILI i plaćali doprinose. Npr sada imaju 15 tisuća eura, od sada im je  zagarantirano 5 tisuća, ako je netko prije mjesta zastupnika radio i plaćao doprinose dobiti će još 3, 4 ili 6 tisuća, (koliko je uplaćivao doprinose) ali onaj tko je ,,radio,, samo kao sindikalist, zastupnik ili župan, dobivati će od ove godine ,,samo,, zagarantiranih 5 tisuća. Sve što su obećali do sada su napravili, nikada to Hrvatska neće doživjeti:(",0,0.00034832835081033414,607873
21650330,vjerujem da nije baš ugodan prizor za oči ni samoj sebi,0,0.00034072980633936817,608416
21593301,Jako si pametna!,0,0.0003375025989953428,607143
21628022,"Ok. Slažem se. Ima mnogo boljih stvari od parizera. To si od bolje stojećih, A šta ce ona sirotinja kojoj je i pazer dobar pa glasa za one od kojih će ga dobiti?",0,0.00033416444784961635,607965
21616124,"bez veze prića jer ga nitko neće,da ima ponudu već bi otišao",0,0.0003311656473670155,607606
21626167,Bio je niskoristi ako i ovi danas koji tjeraju ljude van a sebi dizu plaće svako malo.,0,0.0003238807257730514,607913
21595572,Sherlockica. Ljudi u tim godinama sumiraju postignuto i uživaju u svojoj obitelji klincima itd. Nikad nije kasno jer mlađi nece bit ali da se mogao ranije pokrenut je. Naci ce curu pa ce shvatit da nije prava pa druga treca i eto 50te. ,0,0.00032263447064906364,607186
21634809,Nasljednik Ivice?Dobro ste stavili ovaj upitnik na kraju,0,0.0003219993959646672,608105
21671152,"ne mogu vjerovati, stvarno su vam prodali tu glupost? Vjerojatno i životinje to rade pa imaju bolje zube nego mi? Budite sretni da su oboje zdravi, pukom srećom ste izbjegli tragediju. Inače to uzrokuje smanjenje inteligencije u djeteta.",0,0.0003180547209922225,608436
21626908,"U svibnju 1942-e godine drug Tito (neki ga još dan danas ne mogu prežaliti) je rekao da moramo biti gospodari svoga neba. To pravilo vrijedi i dan danas. Ima još zemalja koje prodaju borbene avione. Da Plenky nije povukao neke krive poteze koji jako smetaju amerima, problema oko prodaje aviona kakvi su dogovoreni ne bi ni bilo.",0,0.0003148051328025758,607922
21591247,"Nemojte mi  molim samo držati sate povijesti ja i te kako dobro znam tko je i kada i do kada živio u Boki.  A dotična nije išla u Boku pjevati Hrvatima Bokeljima već crnogirskoj mafiji po jahtama istim onim koji su opustošili pljackajuci i razmatrajući hrvatski jug Konavle i Dubrovnik.  Rane nikad nece zarasti ali ona kao kraljica Torcide je otišla u samom početku primirja pjevati razjarenoj mafiji . Samo mi ju nemojte braniti molim vas.  
",0,0.00031350876088254154,607119
21654200,Tata ti je bio osiguran.,1,0.00031302968272939324,608512
21635123,"Ajde, ajde nije sve u novcima, i ti to dobro znaš... ",0,0.00030856844387017185,608105
21614490,"Najbolje da kupiš od mene željezne stupove kaj su ostali od pocjepane gorice, ofarbani su na zelenu boju, 100%prolaze eko test. ",0,0.0003084357304032892,607655
21631304,"E, onda je ovo meni puno poštenije od onih koji imaju ""kuharice"", ""rođakinje"" i sl...",0,0.00030663411598652596,607899
21626498,Ova više ne zna šta će od sebe,0,0.00030332535970956087,607901
21624886,"Seneka je rekao..ljudi koji ne rade nista u zivotu,njima svakakve pizdarije padaju na pamet.",0,0.00029436641489155585,607893
21686788,"Valjda Hercegovac, pioniri nikako da nauce geografiju.",0,0.0002940287522505969,609260
21616325,"Jesu, promijenili su, ali još uvijek je ""na Stenjevcu"".",0,0.0002938803809229284,607732
21628407,Svira gitaricu..,1,0.00029277935391291976,607993
21640157,...bravo lega...bravo,0,0.00028776066028513014,607253
21656358,"Je, srce mu je otkazalo sigurno zbog toga jer je daleko od kuće. Ako nemaš šta pametno napisat, bolje nemoj ni pisat ništa",0,0.0002870917087420821,608570
21670021,Zato stosu genocidan narod i mrze sve oko sebe jel tije jasno vise.,1,0.00028480857145041233,608849
21605713,Gledao sam ga uživo u monodrami ČARUGA i bio je fenomenalan a ostale uloge da i ne spominjem. Neka ga čuvaju anđeli nebeski.,0,0.0002842186950147152,607366
21638259,Baš je lepu čestitku Andrej uputio,0,0.00028402943280525506,608163
21604574,Šta je čovjek bez vjere? Nula!,1,0.00028359840507619083,607482
21592410,"Slavko , nisi odgovorio na moje pitanje . Što si ti konkretno dao za Hrvatsku ?Koji je tvoj doprinos? Da si ti Hrvat bio bi kulturniji . Vjerojatno ne znaš ni sam što si. Neki mješanac možda?",0,0.0002823796239681542,606305
21612844,"3 dobra i 23 losa komentara, pa kako vas nije stid i sramota.. Kako bi bilo vama da neko otme i ubije clana obitelji... Jadan li si hrvatski narod s ovakvim ljudima... Ljudi se bore za pravdu na ulicama, avi svi samo komentirate i branite se preko portala, sramota",0,0.00028038120944984257,607680
21600368,Idiote!,0,0.0002797780325636268,607346
21669275,Pripreme za gangbang s tvojom mamom idiote ružni,1,0.00027902951114811003,608810
