id,content,label,score,article_id
21695549,"Izgubiš živce kad ti ""pametnjakovići"" skaču po glavi 10 dana od 0 do 24. Dobro nije i prije puko.",0,-1,609433
21617345,A javila se postenjacina Bljak....a kada je on to radio sa Zokjicom..onda nikom ništa...dobro bi mu dosloo sada to vrijeme....a ljudi idu samo u tim pobjednika....kada ne bude to vise Bandinjo..biti Ce netko drugi..i tako u krug...a ovaj Ce se morati vratiti bivsem hobiju 😂😂😂😂😂,0,-1,607765
21643732,Pa svi ste vi daruvarci i daruvarke. Baš je glupo sada biti iz daruvara.,0,-1,608282
21644887,Ma on je samo mlad i tupast ! Naucit ce :) ! Ne treba odmah na lomacu sa njim!,0,-1,608356
21646921,"Reci mi jednog hrvata koji je na vlasti u HR. Nema ga, imaju izdajice, komunjare, lazni domoljubi i oni kako vitar puse. Nema od ovoga nista, komunisti su nas izigrali, koriste nasu naivnost. Vratit se mora Hrvat crni pod svaku cjenu.",0,-1,608356
21661009,A tek kad shvate da se zanemarila smrt prijatelja i nastavio turnir ko da je neko koljeno oderao? Meni je ovo van svake pameti.,0,-1,608680
21667855,Ne daj Boze nikome ovako!!Nikome! Cijeloj obitelji iskrena sucut! ❤ ,0,-1,608822
21668025,"Judi, znas me, znam te😁 evo naso simpa judi😆 ma naravno, na ovome clanku, jer to je nevjerovatno kakve ljudi ima, i kako ih nije sramota pisat i ispitavat, neke gluposti! Kao da je uopste bitno gdje, kako i kada... Djete bozje je izgubilo zivot, to se moze dogodit svima nama, to je trenutak oz sekunda nepaznje i dodje do tragedije. Ne mogu si zamislit, kako to boli a onda da jos citaju ove glupos*i od komentara. Jos jednom iskrena sucut obitelji ❤ prerano postala je andjeo😢",0,-1,608822
21597294,Mrki i zeljko .Pitanje za vase pametne glave.Ako mi normalni Hrvati(ne  Rvati)nismo clanovi zlocinacke organizacije HDZ zasto smo po vasem drugovi i jugonostalgicari.U svakom slucaju drugovi iz Hdz i sdp vec godinama beru proviziju na sve strane ma koliko mi sutjeli o tom,0,-1,607272
21593617,"pa pitaj hdz koji je na vlasti.. da ima nešto...iskopali bi... nisam sdp-ovac, samo  realista.. gotovo sve krupne afere su samo iz jedne strane... komentari od Ištvana..ha..ha. pa taj čovjek ne vidi ništa osim hdz-a...",0,-1,607068
21604447,Krajnje je vrijeme da predsjednica ode pred Bijelu kuću i lupi šakom o kapiju!!!,0,-1,607373
21610230,"Ma nije moguće! Još ima Čupkovića u RH! A kažu ugroženi u RH! Sjećam se nekad je direktor, i to generalni direktor SOUR-a ŽTP, Luka Čupković! Kad je počeo rat sjurio u Knin k svojima, a onda u beograd. Pa kak je moguće da neki Budak recimo, bude stečajac! U RH nemoguće, sve ljudi starih struktura. Koja lakrdija.",0,-1,607562
21640400,"Da ih je pola srba i bosanaca, danas bi bili gora vukojebina od srbije i bosne.. Znamo da to nije slucaj. ",0,-1,608226
21615315,"..Moj prika u tom sudnjem času mašta ..jedna mu čibuka, drugoj trpa, trćoj ko sisanče na sise..e'eee ,alava čeljada bože dragi..",0,-1,607593
21644593,Strasno glup komentar ocito neupucene osobe. Najvjerojatnije placeni trol.,0,-1,608358
21650318,"medved ciji si ti ministar?
hadezeovac kod dodika nije problem????
fuuuuuj janjicar ljigavi ko i svaki drugi iz savske66",0,-1,608445
21671387,"Sad je već raspašoj, šta će tek biti kad zaista pronađu lijek?",1,-1,608476
21625850,stvarno barbarela???? pa to se ne smije...trebas otici na policiju i to prijaviti...mene kad ti netko vrijedja i prijeti mi po netu ja ti to sve slikam da imam dokaze...trebala bi i ti tako :)i onda trebas paziti da ne lazes jer te to automatski deskreditira...joj...al pametna si ti snaci ces se...,1,-1,606871
21606484,Lijepo je priznati pogrešku. To jako cijenim.,1,-1,607494
21653400,"Sta napadate Covica i Dodika,nisu ni bosnjaci cvijece. Uvijek rade kontra naseg naroda.",1,-1,608535
21608474,A nebi ja nesto nego mi nedaju da budem ovde. ,1,-1,607038
21602060,"Mislim da bi novine trebale zakonski odgovarati za svjesno objavljivanje neprovjerenih informacija. Znači u ovom slučaju je odmah izdano MUP-ovo priopćenje gdje se nigdje nije spominjalo nabijanje glavom o beton, no 24sata su odlučili objaviti izjavu nekog anonimnog kvazisvjedoka, kao činjenicu. To je opasno i neodgovorno. Doslovce im je dovoljno poslati neku izmišljotinu na mail, i oni će to objavit kao vijest bez ikakve provjere. Prestrašno.",1,-1,607379
21600273,Ma govorim za inače. Napucavaš loptu i misliš da si nedodirljiv...,1,-1,607355
21604574,Šta je čovjek bez vjere? Nula!,1,-1,607482
21636987,Sto se date provocirati srbinu koji zivi u Hrvatskoj?...ne kuzim vas😕,0,-1,608183
21636905,"E brankec, brankec...pa koga ti mutiš majke ti...toliko glupi ipak nismo, jedan krade, drugi drži vreću...nema razlike...",0,-1,608180
21613505,Ovaj novinar nema pojma o karabitu i o cemu pise . kakav lonac pun karabita u lonac se stavlja jedna grudica i zalije s malo vode.,0,-1,607670
21620583,pa tko još išta vjeruje ovim hdz-ejnarama  ---   vjerodostojnoooooooo ! ! ! ,0,-1,607751
21621759,A jbg ti si luđa od njega😂😂😂😂😛😛😉😉😉,0,-1,607579
21637922,Previše kom.za ništa ☺,0,-1,607556
21591221,"Samo da ne bude čangrizav, zajedljiv, jalan i glup na tebe.",0,-1,607143
21595979,Ovakva izjava me prestrašilaod nekoga fra?Grijeh je uvijek grijeh ali mi je interesantno taj največi Dali oni spadaju u deset božjih zapovijedi a koji je i onaj Ne poželi tuđeg žendbenog druga ili Ne laži NE kradi NE ubi  i naravno oni sigurno dobiju oprost tih grijehova Naravno da bi ih ponovo napravili To me podsjeća kao da ti slavni moraju posjetiti egzorcista Strašno!,0,-1,607191
21601630,Baš si livada šabane jedan! A sigurno si za karleušu čuo jelda?,0,-1,607374
21602472,"Za tebe samo ekskluzivno ,moja mladost mi je došla na naplatu sadatj.Sve kaj sam isplanirao u mladosti uz (krčme) sve sam ostvario i 30% više .To ti govorim nije sve u šparanju i je...nju svih oko sebe zakaj ovak ,ili onak pusti ne zamaraj se ,i naRAVNO IMAM VIŠE OD TEBE..",0,-1,607374
21610300,Do jućer je bila velika domoljupka i hdz-eovka a danas ljubi Srbina.,0,-1,607554
21613738,"Najbolji je bio u ""Dugoj mračnoj noći"" kao udbaški major. Nacrtao ih je kao nitko.  Višnjevčeva uloga je u usporedbi sa njime bila blijeda, štreberska i ispod prosjeka. Ali  on je zet Prdoljaka.",0,-1,607581
21650131,"Takoo je i to dodaj u tuzbu da uzmes jos vece pare,joooj spicek lisicoo stara!!",0,-1,608446
21605210,"To je vlasnik diska po pisanju, baja zna gdje je kamera i gdje ga neće snimit dok ovog mamlaza uči pameti, inteligentan čovjek, nemre ga ovaj tužiti..",0,-1,607453
21605439,"Ti znas da li je ona vec dala pedalu ili nije. Ti znas sto se kod nekoga dogada u njihova 4 zida. Tko je kakav, tko ima kratak fitilj, a tko ne, tko je agresivan, tko koga iskoristava, tko kome sta kupuje ( samo da te obavijestim da ima muskih koji zive na zeninim ledima, dok oni kuci hlade da ne kazem sada sta).   Daj molim te. Pitam se da imas kcerku da li bi isto opravdavao nasilje. Sigurno bi je pitao tko je kriv, a ako je ona, onda bi joj rekao neka si dobila batina jel' tako?!",0,-1,607453
21636931,Ehehehe odkud ti to majke ti!? 😀🤣,0,-1,608176
21653895,"Gde se pa nepuca....ja sam zivio u,Drnisu,i pucalo se na katolicki bozic....ne lazite....i pustite srbe na miru...svako malo pa o srbima...ubi vas ljubomora..",0,-1,608520
21657469,"Ajd od... i u skokovima kako se kaže ljaga ili ljiga a!? Šovinizam ne prolazu kod mene.Ha!?jel tako čoveče, ",0,-1,608568
21660549,Inace ljubomora je bolest.....,0,-1,608689
21660580,Daj daj ne pričaj gluposti u poćetnim godinama 90-tih u hrvatsku je stiglo oko100 milijardi dolara iz dijaspore i donacija ostalih zemalja taj podatak postoji i služben je. Pa te pitam GDJ JE NOVAC???Vjerojatno ga je pokojni Tito ukrao . Zato lagano odj... i nesviraj više ku... ajd bok više sa tobom nemam što komentirati.,0,-1,608277
21661801,pa  zna se  što  je  umaznul  stipe  mesić...imel  torbe  u  avionu..i  nigdar  ni  došle  u  hrvatsku...pitaj  svog  komšu  mesiča...a  ostalo  je  otišlo  na  ilegalnu  kuonju  oružja...kad  smo  bili  pod  embargom  na  oružje  ...tko  ti bude  dal  račun  naivan  si  ko kokoš...kokodaćeš  dok  se  poserešmisleći  da  si jajce  znesel...,0,-1,608277
21596761,Kaj stvarno? Čudite se ko pura dreku.,0,-1,607258
21617860,"Nije to nikakva vijest, vijest če biti kad cucak ostavi svoje pare čovjeku!",0,-1,607656
21618261,"Bilo bi, al’ čovjek ostavio psima. A ti stigneš još donirati za vrtić...",0,-1,607656
21619153,"Tu kod mene ima je Ruskinja koja više od 20 g živi ovdje..Sad ne znam kako se zove mjesto iz kojeg je, znam samo da je već daleko prema Sibiru to..rekla mi je da je je njoj tu bolje hladno na -10 nego tamo na -30..da je razlika u zraku..da tamo nema toliko vlage u zraku kao tu i da je to jači osjećaj hladnoće..",0,-1,607782
21614788,Da li ove clanke uopve pisu skolovani novinari? Poredak rijeci u recenici nikad vam nije bio jaca strana.,1,-1,607715
