content,label,id,score,article_id
Auti,0,21608678,-1.0,607262
ako se ima za ercegovce i lopove popove onda treba biti i za radnike koji su još preostali u Hrvtskoj !,0,21589095,-1.0,607013
"Dobro ljudi šta ste očekivali u siječnju u ALPAMA? Je ekstremno ali to su ljudi koji se bore sa snijegom svaku zimu, i kada stane sve će se u roku 24 sata vratiti u normalu! Pa nije to kao 10 cm snijega u zagrebu pa da sve doživi kolaps! Danas gledam neku simpatičnu austrijanku, žena vesela i nasmijana kaže podsjeća ju ova zima na prave zime kakve su bile kada je bila mlađa i svake zime im je bilo tako do unazad 10ak godina. Svi koji su nastradali su stradali jer su se unatoč upozorenjima kretali područjima na kojima su kretanje zabranili..ajd ne pravite od muhe slona i svima vam želim sretan povratak vasim kućama.",0,21642911,-1.0,608263
"Ima onih koji stvarno idu da uzivaju u skijanju,ali ima i onih koji idu kako bi mogli reci ""mi smo bili na Tirolu na skijanju'nadam se da ce svakog oplesti po njegovim razmisljanjima!ima tu prenamaganja i s..es....anja!Ako imate tolko love pomozite ovoj sirotinji!",0,21642975,-1.0,608263
Jesam panglu. S kim i o ćem sa ja dopisujem.. Roger.,0,21646281,-1.0,608363
uhljebe iz hrvatske zatrpa snig u alpama,0,21647546,-1.0,608263
"..jel"" istu onu koju si i ti završio..odlikašu..!!",0,21652268,-1.0,608363
Podška Čoviću i prijateljskoj Republici Srpskoj. Kontra muslimana koji žele zatrti Hrvate.,0,21653484,-1.0,608545
evo ja dobih dva minusa. sto li?,0,21653591,-1.0,608545
Admim i parizer bojna kontra naroda....,0,21654220,-1.0,608545
Putovanja vjerovatno si neki tatin sin hdzeovac i tebi je dobro zato ne kakii HDZ je napravio veci egzodus nego srbi devedesetih sram ih bilo ,0,21588828,-1.0,607013
"I sve sad dolazi na naplatu u ovoj hdz državi, od samog nastanka NDH pa do danmas sustavno se pljačkalo i kralo , ugled i čast i domoljublje se stjecalo sa tim tko je više ukrao i opljačkao taj je veći hdz domoljub, i sad kad se nema više šta pljačkati dolazi do egzodusa Hrvata kako kaže čak i Šeks Biblijskih razmjera ! i što sad? od kud dati ovim preostalim veće plaće kad je sve vrijedno opolkjačkano, kad se godišnje daje crkvi u Ercegovaca 1. milijarda kuna, kad se isplačuju sve pemzije Ercegovcima preko 3. milijarde kuna godišnje samo da bi se kupili njihovi glasovi koji izgleda više neće nikome koristiti ni vrijediti, sve je propalo u NDH !!!!!!!!!!!!!1",0,21589093,-1.0,607013
Starakajla a neee on josuvijek vjeruje Kradezeu i materi crkvi kao kaj vjeruje malo dijete u deda mraza,0,21589872,-1.0,607013
Puhnuo vjetar i sa Sljemena raspršio po Zg onu kemiju sa staze,0,21596481,-1.0,607258
"Biće se i on kani kandidirati za precjednika države pa doša malo među narod , a i  ima sve  reference za to , bio je u Remetincu, ima više podignutih optužnica i za nijednu nije kriv niti će biti osuđen, a pokretnu i nepokretnu imovinu nemoguće je i nabrojati...",0,21590695,-1.0,607150
"Messer... ok. Kako sdrpovce natjerat da vrate što su opljačkali, uništili i veleizdajama podijelili?",0,21590896,-1.0,607013
"....Brodotrogir Trogir 1922, Metalska industrija Varaždin 1939, Mundus Varaždin 1892, Varteks Varaždin 1918, Jadranka Vela Luka 1892, Zdenka Veliki Zdenci 1897, Dilj Vinkovci 1922, OPECO Virovitica 1896, TVIN    Virovitica 1913, Pik Vrbovec 1938, Borovo Vukovar 1931, Maraska Zadar 1768, Badel Zagreb    1862, Cedevita Zagreb    1929, Chromos Zagreb 1920, Croatia osiguranje Zagreb 1884, DTR    Zagreb    1914, Dukat Zagreb    1912, Elka    Zagreb 1927, Franck    Zagreb    1892, Gradske pekare Klara    Zagreb    1909, Gredelj Zagreb    1894, HRT    Zagreb    1926, INA Zagreb    1883, Jadran    Zagreb 1930, Jamnica Zagreb    1828, Katran Zagreb    1890, Končar    Zagreb 1921, Kraš Zagreb    1911, Lipa Mill Zagreb 1907, Medika    Zagreb 1922, Pastor Zagreb    1930, Pliva Zagreb    1921, Prvomajska Zagreb 1936, TEŽ Zagreb 1929, TOZ-Penkala Zagreb    1937, Tvornica duhana    Zagreb    1817, Zagrebačka banka    Zagreb    1914, Zagrebačka pivovara    Zagreb    1892,Zvijezda ulje Zagreb    1916,Karbon    Zaprešić 1932, ""UNION"" Tvornica cokolade Beckih dvora u Zagrebu 1911.a 1923 osniva se ""Bizjak""tvornica keksa,napolitanki i vafla a 1950 Tito ujedinjuje tvornice i preimenuju u antifasistu ""Josip Kraš""… ",0,21590927,-1.0,607068
"Jos gutas slovo H? ja ne znam sta se ti bunis? To su sve tvoje komunjare koji nemaju zive veze s Hrvatima, imaju utoliko kad treba Hrvate oderati. Oh da zaboravio sam ja da ti mrzis i prave Hrvate poput Glasnovica koji svoju cijelu placu daje u humanitarne svrhe. Mrzis ti i branitelje, a pogotovo invalide, sve si to vec dokazao u svojih milijun komentara. Zato drugi put dobro razmisli kad budes pljuvao vrli hadezej da su to sve potomci od onih titica ili njihovi pioniri koje ti velicas, svi su oni izgubili drzavu sugoslaviju, a ne dobili Hrvatsku drzavu. Istina da ima dosta i pravih Hrvata koji glasuju za njih, ali oni su slijepci, ali mi nije jasno zasto si ti slijepac pa ne vidis da su to tvoji.",0,21591275,-1.0,607068
"Ministre, dok god ćete ubijati proizvodnju svega i poticati uvoz jeftinih nekvalitetnih proizvoda u HR do tada se neće dogoditi ništa. Također smanjiti sve gluposti koje nepotrebno opterećuju gospodarstvo, a dobro znaš što je sve to. BEZ PROIZVODNJE NEMA NAPRETKA",0,21592670,-1.0,607176
i adezeovac,0,21592692,-1.0,607150
Ova vlada i dosadasnje vlasti su zlo i gledaju samo svoje interese. Dakle za narod je dobro suprotno od onoga sto zele foteljasi i guzicari.,0,21592861,-1.0,607184
"Kojih balavaca ovdje ima, ne možeš vjerovat, ne mislim se vama ispovjedat, sve što sam imao, to sam i napisao, a vi se i dalje u HR držite RVI ""pemzije"" i uhljebničkih položaja i kudite ""jadnu"" i ""preskupu"" Njemačku!",0,21593235,-1.0,607013
"Interesantno kako biogen na zapadu to siromasnima daje prakticki probono, a nas HZZO i vlada muku muce da osiguraju doze za realno mali broj pacijenata?!",0,21594284,-1.0,607200
Ovaj most je djete hdz-ja i sdp-ja i što onds možemo od njih očekivat.,0,21595012,-1.0,607211
"Evo u Sankt Antonu ducani jos uvijek normalno rade, police su pune, i ceste se ciste... za sad je ok... al da ga ima ima, i pada sve jace. srecom pa radim u hotelskoj kuhinji. Barem hotel ima veliko skladiste s hranom...
",0,21642837,-1.0,608154
Skupljamo pomoć ..dijaspora zove!!,0,21637341,-1.0,608154
"Alana_4: S kim tih 99.9 % žena varaju svoje partnere?.....Ako ne sa mnom i s tobom, onda s nekim trtecim koji pita ili one pitaju njega.

",0,21637033,-1.0,607969
"Da da.Njemu je ""zaista"" stalo da Trst bude cist jer skitnice su otpad.Ne volim ni ja klosare ali klosari su veci ljudi od vecine ljudi.Najgore je biti licemjer ko vecina.U Bibliji pise i ubojice i razbojnici vas pretekose u kraljevstvo nebesko.",0,21634055,-1.0,608092
"JA dajem predlog da se svi nezadovolni Hrvati, Srbi i Jugosloveni uclane u novu Jugoslavensku socijalisticko- komunisticku stranku ( treba je prvo osnovati) i tako lepo osnuju bazu nove Jugoslavije i socijalistickog uredjenja! Jel se vi Hrvati slazete sa mojom pro-YU idejom??",0,21677155,-1.0,608957
Je treba im žuta vrpca oko ruke pa čak i oko nadgrobnog spomenika...svima..:)),0,21606974,-1.0,607497
"Haha da ti ""tamo' imaš kaj već bi odlepršao u voljenu otađbinu ali moraš na žaliost ostati tu",0,21637076,-1.0,608183
KOji propust zaštitara pa zar za siču da najebeš baš si idiot.,0,21643744,-1.0,608274
"Naravno. Kazniti će je jer je ukazala na njihove nepravilnosti i kritizirala rad liječnika. Pouka je, pisni i krepat ćeš. Komoru vode štakori, korumpirani polusvjet i ološ.",0,21654854,-1.0,608384
A sta rec na ovo i kamen bi proplaka jadni roditelji uzas nemam rici doista,0,21656045,-1.0,608570
"Pa sto da je pisalo ubi srbina,  nije trebao ispravak ljubi srbina: Nikad necu zaboraviti one cetnicke pjesme . Slobodane salji nam salate , bit ce mesa, bit ce mesa , klat cemo hrvate!!!!",0,21660432,-1.0,608682
Ma htjela sam vas pitati zašto zabraniti kom.kasmije sam skužila da vjerojatno mislite na ovom članku..ne općenito.ali dok ja skižim,0,21667983,-1.0,608822
"@crnidemon...Opčenito mislim,nevezano za ovaj slučaj jer čemo sigurno ovih dana čitati o posljedicama piro tehnickih sredstava...",0,21590588,-1.0,607144
Ovi u rs kao da su u sastavu sssr-a,0,21593718,-1.0,607187
"Mrki neznam samo ko je drzao vecinu kradezeu u saboru.Manjine (srbi ,romi i ini)",0,21597262,-1.0,607272
Znam mnogo Bosanaca tj. Bosnji i nikad nisam cuo hajmo na kahvu nego samo cujem hajmo na kafu ba,0,21599599,-1.0,607340
I ko za peh...sigurno su u njima moji paketici sa ebaya :(,0,21600526,-1.0,607352
"Braslav  je u pravu,razlika između ateista i radikalni crkvenjaka ili džamijaša je da ovi prvi NE MRZE i započinju ratove, za razliku od licemjerni i nemoralni vjernika, ovo nemoralni se odnosi zbog toga što ih ne tangira pedofilstvo u njihovim LJUMIMCIMA.",0,21603891,-1.0,607297
Bolje ti se zapitaj koliko je Milosa Stefana i Lazara u jamama u tkz lijepoj vasoj . Jadovno Jasenovac Stara Gradiska Rab Pag Jastrebarsko. Treba sram da vas buxe naslo nekome nesto da pricate,0,21613349,-1.0,607614
"Koliko zlobnih komentara, nevjerojatno. Vidi se koliko smo mi Hrvati zatucan i pasivan narod kad umjesto da se podržava Davora (bez obzira na nacionalnost), uspoređuje se s ratom... ma molim vas, jel moguće da ste toliko zatupljeni? Pa kakve veze ima rat s ovime, šta bi se sad Davor trebao pomiriti s time i odustati od toga sto čini zato jer je “i u ratu ubijeno puno ljudi”? Sad bi on trebao odustati zbog toga i preuzeti vasu pasivnost umjesto da se bori za nešto bolje kako se to ne bi vise toliko dogadjalo, da prestane otvarati ljudima oci o tome kakve su ubojice i svinje na vlasti? Ljudi, dajte stvarno, nije ni čudo da nam je tako loše stanje u RH, pa pogledajte koliko ste pasivni i isprani mržnjom!!! Sram vas bilo!!!",0,21619858,-1.0,607794
Ma neee...ne stignu naši tu pisati..moraju u kockarnice))),0,21624570,-1.0,607820
Sva sreća da te niko ne pita. Pametniji si kad šutiš,0,21628094,-1.0,607917
Legalno izabran amen !!,0,21631423,-1.0,608026
"da bravo , sta svi koji idu na skijanje idu da se dokazu nekom ?? smo ljubomorni malo ?? ajde daj ziro racun pa da i ti mozes na skijanje ...",0,21633573,-1.0,608082
Pitam nekad neke žene koja su varale muževe sa mnom-šta recimo ako bi se desilo da zatrudniš-ja nekako u brizi jbg-kažu on većinom-ma neće se to desiti a i ako se desi- onako ledeno pa šta ću rodila bi nebi mu ni rekla nit bi on skontao-bilo bi njegovo-odmah sam prestao se viđati snjima-kad sam vidio kako mogu biti hladnokrvne!!!!Nemojte mi sad ženske komentare ono kako mogu biti takve-99% se to uvijek nekoj drugoj događa a kad se Vama dogadja onda je to eto nekako jbg desilo se normalno !!!,0,21633933,-1.0,607969
"Miki...ima li još mjesta...mogu biti ii stajača, bum se snašel ...sam nek je plačica petnajstak tisučki i da ne moram niš delati...ajde kume pogleč se da kaj zmisliti..............šifra; VJERNOST DO GROBA-ZAPOSLI JOŠ KOG SVOGA",0,21652919,-1.0,608372
e svaka ti cast,0,21610356,0.4142388918937967,607614
"Potplatio Maminjo ove iz Wigana , drugo ne može biti.",0,21668262,0.4132285370294618,608826
"nebitan, šeći...",0,21631175,0.4101018364980935,596193
Pa od srca. Infarkt je imo.,0,21659317,0.4095624160672677,608680
a što fali kokošarima??,0,21625901,0.4089809310905212,607881
A ceskanje ..uhu ,0,21681451,0.4089614844518743,608351
Maarly@ U pravu si.. i meni se tako čini...,0,21637534,0.4089451190918727,608104
@vilo je,0,21622548,0.4008664202383932,607800
Bio je hdzovac sad je sdpovac..u čemu je uopće razlika??,0,21630862,0.4000052690088914,608027
"Jeste,i jeli ti se kava svidila ?",0,21611142,0.3971632994336263,607631
a dadi oploditelj?,0,21623456,0.3967130960710797,607701
Pa komšić je ovo zakuhao,0,21651157,0.3932974541924152,608445
"@voziMiško: U čemu je problem. Pa nije ovo Bejrut , i nije UZV egzotičan predmet. Apsolutno bi svatko trebao biti kardiološki pregledan, a to obuhvaća i djecu. Nekakav sistematski pregled bi trebao obuhvaćati i kardiološku obradu,i to bi trebalo biti apsolutno najnormalnija stvar. To što smo mi siromašno, odnosno pokradeno društvo, je drugi problem.",0,21660487,0.3923949788464063,608680
Ti lupetaš ka i Papa. ,1,21599785,0.3902364565295299,607297
Bitno da su slobodni,0,21597501,0.3879712786354362,607285
Sad imamo S-300.... :),0,21685271,0.3877646077042684,609023
E neka si se ti nama pojadao.,0,21626490,0.3872870008905907,607922
moze se i udisati,0,21650034,0.383834409412119,608440
"@čoviksjuga
Ti si ih puno nabrojao, zato sam ironično napisala da je najbolje da Liverpool proda sve igrače!
Do skoro nitko nije imao dobro mišljenje o Deji! Samo ga se u zadnje vrijeme hvali, a ti sad nešto spominješ da više nije dobar u nečemu u čemu je bio dobar?!? Jednom pljujete po nekom našem igraču, onda ga uzdižete u visine, nitko bolji od njega, a već sutra ga opet pljujete, nema goreg od njega! Ja zaista takve kao ti ne mogu shvatiti!",0,21638388,0.382496106996987,608094
kolika im je ta ustedjevina onda?,0,21649942,0.3803580082478405,608307
Se ukenjo?,0,21643714,0.3798958219793117,608335
voli  brk hehe ,0,21604212,0.3791391404554844,607416
Hdz je ponosan covica,0,21644665,0.3790814109971919,608363
Naporni ste sa Srbima,0,21670025,0.3789555997860708,608816
...i da nisi derpe,0,21656372,0.378604451974088,608310
"guistizia, kak ste, zašto ste bijesna?",0,21627846,0.3781572766736133,607965
Jel se Komšić oglasio?,0,21684799,0.3777603443381601,609130
Zar ti doktori jos rade...,0,21608931,0.3776212228578125,607332
Ja već nekoliko puta napisao 24časa.rs i svaki puta dobio žuti :D,1,21682033,0.3764074433069431,609113
i jos mi sjekira ne zvuci kao tupi predmet..,0,21632635,0.3749285299092103,608049
To su posla suncokreta,0,21686519,0.3743133837293919,609130
ti si debakl,0,21598432,0.3742409433685134,607309
ide im bežanje,0,21641291,0.3734175367957323,608262
Ma pusti sdrpovce. To je jedno što još mogu.,0,21649077,0.373242417558278,608366
Lijepo neka. ,0,21604169,0.3726728691213725,607447
ko o čemu...,0,21647531,0.3722587883862934,608358
fali njemu malo vise od ''kao'',0,21683023,0.3722280099336251,609103
"mr_juzbasic@ Mene samo čudi kako se Ti održavaš, zarTi nije preveliki rizik živjeti ovdje ili je ustaška kuna ipak opravdanje za sve?",0,21611345,0.3715561525543563,607614
"poštenjak1@ -----Rezultat njihovog rada od onda do danas je da u Slovačkoj pogone imaju Jaguar Land Rover, VW, Peugeot, Citroën i Hyundai,,,,,,Sva je prilika da a dolaze i Mercedes i Subaru,,,,. Polaris, Domino Machine,, dolaze sigurno. U Slovačkoj imaju pogone i druge velike strane tvornice poput Samsunga, US Steel, Sony, Whirlpool.......U Slovačkoj naravno da ima i široj javnosti i manje poznatih domačih i stranih firmi koji normalno rade i ljudima plače isplacuju. Plača tvorničkih radnika sss otprilike; domace firme i SAMSUNG 700-900 eura, KIA 900 -1100, VW - 1100 do 1300,,,,,itd,,Plače redovite, cijene negdje tu ko i u Hrvatskoj,,,, Sad pitanje za tebe. 24 godine su prošle od kraja Domovinskog Rata. 21 stolječe je počelo prije 18 godina i 7 dana. Tko ili što je spriječilo hrvatske vlade da ili u 24 g ili u 18 i 7 dana naprave ono što su slovačke vlade napravile od 1998?",0,21629481,0.3708593025968126,608002
zrtveno janje..,0,21655667,0.3707606405841274,608577
Pih.. nula bodova,1,21618297,0.3707567797085601,607772
Moze malo i jezik ukljucit.....,0,21681295,0.3707158476434034,608351
Zato i je manekenka,0,21595412,0.3698862341483288,607185
Volio bi vidjeti komentar od pesoljubca.,0,21633867,0.369858888157778,607994
kako je lepo biti glup ,0,21677514,0.3696914331502814,608930
Pa jeste li vas dvije ikad u stvarnosti vidjele kravu?,0,21670837,0.3695540423336681,608476
Dobro si to reklat😉,0,21615668,0.3690861597670201,607569
A kako pa lopovi naravno,0,21633423,0.3688696466718618,607873
oni su kauboji ko i ja render,0,21673391,0.3688161790700957,608892
Pa o tome i pricam....,0,21616619,0.3686225599199876,607671
"amun6 Ma kakvo dobro primanje? Kao prvo svatko živi od svoga rada, ako netko ima državljanstvo jedne države, nemaš ti njega šta dobro primati, tvoje je ono što ti imaš i ništa drugo. Neki su se umislili da je njihov zrak i zemlja, i nema na to pravo nitko osim njega. Svatko je dužan poštivati zakon i pravila države. A kako se  dobro primaju Hrvati vidi se po komentarima, Zagorac mrzi Dalmatinca toliko da mu pišti iz ušiju, a nije ni s druge strane bolje. Hrvate iz dijaspore ne mogu smisliti, a za Hrvate iz BiH ne treba uopće ni spominjati. Problem je što je većina domicilnih Hrvata limitirana, oni su čuli da su Bosanci glupi i drže se toga kao pijan plota. Ustvari ljudi su i te kako bezgranični, teško je vidjeti nekoga iz BiH da se nije dobro snašao u HR. a to najviše ne mogu podnijeti Hrvati USPJEH! ne smiješ biti uspješan, jer ti si za njega glup kako možeš biti uspješniji od njega. Ostavite se tih i takvih gluposti. Za mene je svaki Hrvat isti, da li živi na Marsu, u Hrvatskoj, Argentini, Australiji ili BIH.",0,21611242,0.0024891465436667,607394
"preporuka o pranju zubi je najveća budalaština koju su nam doktori prodavali. Prao sam zube na njihovu preporuku i uvijek imao karijesa i slabe zube. Sad ih isperem 1-om dnevno prije spavanja reda radi i nikad jače i zdravije zube nisam imao. Promjena prehrane čini razliku, a ne pranje zubi. ",0,21671170,0.002014982746914,608436
potpuno se slažem...,0,21597292,0.0015118193114176,607191
Drop dead,0,21662969,0.0011885496787726,608752
"Odlična utakmica West Ham-a, potpuno zaslužena pobjeda.. Liverpool jedva..",0,21667976,0.001153357909061,608824
Možda meni prijatelju 194cm.,0,21655782,0.0011310750851407,608565
Svaka cast. Cijenim ovakve ljude.,0,21659001,0.0010884756920859,608626
"Robi je spadao u top 10 definitivno, to je super uspjeh i HVALA mu.",0,21668810,0.0010531453881412,608818
Ma kakogod..😋,0,21630995,0.0009384477161802,607608
"Svaki muškarac (osim ""onih"") više od glume voli žene ali i sve žene (osim ""onih"") vole više glumce nego nas ostale. Lako tako. ",0,21613695,0.0008714740979485,607574
"...a slušaj..., dečko je priveden u lancima zato što je odvalio šamar i vratio napad na sebe i uzastopno maltretiranje. Prije toga je bio razapet u javnosti zahvaljujući prvotnom lažnom tekstu upravo ovog medija. Nitko mu se ni ispričao nije.",0,21631115,0.0008601508452557,608016
Ako ga nisi poznavala ne sudi,0,21631192,0.0008601128938607,599956
Hekatu ste zaboravili? ;),0,21668304,0.0008567173499614,608787
"Duvnjak je već godinama NAJBOLJI 
naš igračč što tebi vrijedi to govorit kad se  očito ne razumiješ u rukomet, to je kao da kažeš u nogometu da Modrić nije naš najbolji igrač, ista stvar",0,21659517,0.0008540672133676,608579
Ericcaetman: čuli smo i prvi put. ,0,21604065,0.0008184613543562,607434
Mr ali vas nisu primili kad tako pises lp,0,21624296,0.0007919010822661,607816
Mi cesto pogledamo utakmice i svaki put isti osjecaj srica suze radosnice nesto predivno a sam docek a sta rec nego neopisivoo lp,0,21593567,0.0007637463277205,607193
Kalav klosar mater ti jebem.ostavit djete radi supruge ja bo tebe bacio s balkona,1,21591585,0.0007567778229713,607166
"Na ovom portalu srbi majstori u porazima, a HRVATI u pobjedama, dalje znate.",0,21669346,0.0007531319279223,608849
Šok i vjeverica!!,0,21596281,0.0007473648292943,607258
idu u pritvor na 30 dana...a onda ih puste..,0,21642152,0.0007140683592297,608300
"Ad stjena 01 ili ti ga
 grotta
Tko s vragom tikve sadi o glavu mu se obijaju. ( narodna poslovica).",0,21630728,0.0007057978655211,608012
"Livada bez ijednog cvijeta i  nijedne travke ,",0,21604257,0.0006812888896092,607449
"Satrat monstruma, nema druge.",1,21640625,0.000676555733662,608187
Ja mislio da kontas dobro Kume..Napisacu ti sutra tamo..😊,1,21607101,0.0006621411303058,607038
"Umjesto knjige ""Kako se kalio čelik "" sada , kako se zaglupljuje narod. Uvezu sav primitivizam sa zapada. ",0,21594385,0.00065696897218,607141
"Kaj hrvati nemreju sexat,sve odu na istok.",0,21609405,0.0006132195121608,607554
"@njuska, razumijem zasto to mislis(neobrazovaje i necitanje ostalih komentara pa bi mozda shvatio kontekst ;), ovdje se radi o mladoj, obrazovanij zeni u svom podrucju rada i uspjehu, uspjehu na temelju truda/obrazovanja/rada...sto je u ovoj prici za porugu? Slusam?",0,21631728,0.0006102742045186,607267
"Strasno!!!. Da netko nekome opsuje majku na utakmici. Ne mogu vjerovati. Ahahahaha kakvi se clanci sve objavljuju po ovim portalima, neces ti velike stvari jedan igrač psuje drugome. Pa jel postoji jedna utakmica u povijesti nogometa bez ijedne psovke?",0,21678737,0.0006100442260503,609025
"Uvrijede necu ni komentirati, govore dovoljno o tebi. Evo da ti ja odgovorim na pitanje koje si uputio josicu i vlasnici firme izvodjaca. Ne bi slao svoju djecu na skelu jer se skoluju da takve poput tebe salju na tu istu skelu. Sad krkane furaj po parizer.",1,21609328,0.0005854336777701,607537
"@ grbavo drvo: auuuuuuuu, svaka cast :) vi stigli na blesimetru 200 , nevjerovatno progresivno  :) ",0,21663177,0.000570717267692,608519
Ti si zaista toliko glup ili? Kako ces ocistiti 3 metra snijega? Nabijem ti m.... i lopatu,1,21642686,0.0005662006442435,608263
"Sudstvo rak rana države,nasilnici se oslobađaju,ljudi iseljavaju .... a ti bi zabranio pušenje?! Ljudi cigare kupuju svojim novcem,štetno,ali ipak daju svoj novac.Onda možeš i predložit da se daju poticaji na sadnju duhana. Božo bio si simpatičan u početku,oprosti,ali lupetš gluposti. Da se nisi napio negdje na dočeku?",0,21595034,0.0005587326013483,607211
Pa i ja mastam. Kad mi dodje da prebrzo svrsim odmah mastam o punici. Ali onda se desi da mi trenutno padne.,0,21613038,0.0005569208879023,607593
"... ""29,5 bilijuna kuna"" ... ... impresivno ...",0,21616050,0.0005492301424965,607471
"Sretan Bozic braćo Srbi, Mir Bozji, Hristos se rodi !!! Svi smo Mi Vlade Divac !!!",0,21652673,0.0005484736175276,608520
Da ima obraza dao bi ostavku i jos ovakva smeca skupa kupiti a mogli smo pet novih aviona kupit sramota,0,21603639,0.0005206399946473,607433
Za koga se skida i kome pokazuje svoje tijelo? Pa zar joj nije dovoljno ima partnera i dijete i lijep život! ,0,21654225,0.0005123883602209,608526
"... i najzgodniji
",0,21640140,0.0005112759536132,608138
Ales ako ne znaš pravila rukometa nemoj se javljati.Pod broj jedan u rukometnoj utakmici se može dati tokom utakmice samo 3 žuta kartona koja se najčešće dodjeljuju u prvih dvadesetak minuta utakmice.,0,21646262,0.0005023705307394,608285
"Ne,trebao bi kao dobar Hrvat glasovati za srbojugoslavene,hehehe!",0,21638466,0.0004948590067215,608152
Ovdje su svi izgleda bezprijekorne ljepote i izgleda..isklesana tijela..mladi..,0,21591303,0.0004917156184092,607143
"Svaka čast , skidam vam kapu . Ja se ne bi usudila.",0,21591707,0.000489673926495,607161
10% od te cifre moglo je rijesiti njihov problem trajno,0,21598437,0.0004882717912551,607198
"ne znam dali si bio u ratu ako si bio onda da jesi, ako nisi bio tada sada jesi, vjerovatno imas PTSP, zasto? zapitaj se zasto? zasto si gledao kako ti prijatelji ginu pred ocima, mozda i sam bio ranjen, ostao bez nekoga, zasto? da bih sad imao ime na papiru Hrvatska, da bi vladajuci mogli krasti, mozda je tebi onako solidno dobro ako imas braniteljsku penziju, mozda i nemas mozda nesto i radis, a 500000 pobjeglo van, za to si se borio, ako je to tebi OK, onda u redu necu se raspravljat, ali iskreno za mene su svi budale i ludjaci ali svi koji idu u rat ovi sto idu napadat su puno vece budale od ovih sto brane, pa nebi ostao ni minute u zaracenom taman imao 4 trokatnice i 10 auta i 18 traktora, samo bih pokupio obitelj i bjezi van, a budale neka se bore, ali shvacam nismo svi isti, nekima je vazno ovo sto meni niti malo nije vazno klanjanje zastavi i himni. Ne nije mi palo na pamet da bi od nega mogli trazit spiskove jer kad bi ti i svi ostali malo bolje razmislili mozda bi shvatili da mozda pupovac ili vucic uopce spiskove nemaju, jer su hrvatsku napali srpski dobrovoljci, oni najveci ludjaci i ubojice, pa cisto sumnjam da su oznacavali grobove i njihove lokacije, takvi su isli da ubijaju a ne da prave zapisnike o mrtvima, mozda ako neki takav ubojica ima ziv pa bi mogao reci di je zakopao tijela pa ajde, ali da vucic ili pupovac to imaju, oh, malo razmislite a ne pricat napamet.",0,21725226,0.0004866617382504,609957
Nesmiju kupit mig neda nato,0,21677993,0.0004830779216717,609023
Pošto najmlađe dijete njegove majke ima i Hrvatsko državljanstvo jel dobiva i dječji doplatak iz Hrvatske ili samo naknadu što se Dragičević borio u Hrvatskoj i ubijao Hrvate?,0,21596430,0.0004819536115974,607218
"nijetebriga, uključi malo mozak. Ta rupa nije nastala sama od sebe . Logika govori da se prvo otkrije uzrok zašto je došlo do urušavanja . Tada se to sanira a tek na kraju se rupa zatrpa i asfaltira. Tako se to radi u gradovima gdje takve poslove rade stručni ljudi a ne hohštapleri kao u Zagrebu.",0,21616204,0.0004794757987838,607732
Glavno da sam ja popil žuti kaj sam napisal istinu jbg aj bok,0,21603216,0.0004777272988576,607329
"meni to njeno prenemaganje ide pod onu: ""vidla žaba da konje potkivaju, pa i ona digla nogu""   :)))",0,21594948,0.0004775420238729,607202
