id,content,label,score,article_id
21642253,Haha a vidi sponzoruse se ujedinile.. Kladim se da je i nju silovao,1,0.0014789821580052,608261
21669949,"Popusite mi kurac obojica, samo se dogovorite kojim redom cete !!’",1,0.0010681629646569,608849
21590915,"
Bole top: Daj broj telefona i ne zezaj se . :-P :-))))",0,0.0007123186369426,606451
21640287,"Jeste, lijepa je..no to ništa ne znači",0,0.0006573789287358,608218
21647840,Sto normalan coijek koji se i malo razumi u nogometnu igru moze komentirat na ovako nesto?,0,0.0006271805614233,608389
21605968,"ti si najobični hrvatski mitoman, živi dokaz zašto hrvati svršavaju na srpske kulturne proizvode kao cajke i sl i zašto su veliki hrvati kroz povijest kao tuđman npr bili srpske sluge jer neke velike razlike između vas i srba nema, za vas (i jedne i druge) istina je ono što je glogov kolac za vampire.",1,0.0006194066954776,607044
21610659,U rijecniku pored rijeci korupcija stoji rijec hrvatska...isto tako i obrnuto.... ,0,0.000617638870608,607630
21644344,"Donosim 86 dolara na sat radeći od kuće. Bio sam šokiran kad mi je susjed rekao da je prosječno $ 95, ali vidim kako sada radi. Osjećam toliko slobode sada da sam svOJ šef.

--------------->>>> www.WebJob33.Com",1,0.0006008401396684,608280
21625779,Jebo te on,1,0.0005874537746421,607863
21653064,Šmrc šmrc ako tako nastavite dočit će do Hrvatskog dišpeta pa ćemo osvojoti EP i još koji put biti u finalu SP pa ćete još više plakati.,0,0.0005706334486603,608389
21650796,Zatvor,0,0.000567675451748,608463
21611829,"Ufff ovo nije ni crni, ovo je garavi humor ",0,0.0005655357963405,607646
21654313,"Izabrali su ga Hrvati,a ne Sejdine pristaše iz Teherana.",0,0.0005483012646436,608545
21652276,"Toga sam se bojao. Sad će svaka fufa misliti da je nedodirljiva, kao da si i ovako nisu previše maha uzele, mogu vrijeđati druge, mogu širiti laži o drugima, mogu namještati drugima razne gluposti, mogu varati dečke ili muževe, kad i sa kime požele, a ako povisiš glas nakon svega na nju, poslat će te na robiju.",1,0.0005475454381667,608518
21668442,jel medo:)),0,0.0005464417045004,608334
21588589,Tribunjski Magarac rice.,0,0.0005200181622058,607096
21669067,Ova je posaugala čitavu jedan bataljon ... I sad se nekome ruga da igra ko pi*ka hahaha ,0,0.0005175161059014,608820
21629831,Tu je vidljiv da je nesto vec bilo izmedju njih dvoje  zato ga izbjzgava,0,0.0005078227841295,607962
21678517,Novinaru jadni! Pelješac nije otok nego poluotok!,1,0.0005058187525719,608996
21687940,"Dobro nam došli u Hercegovinu,braćo!",0,0.0005036178044974,609260
21669806,onom na kraju prvog poluvremena,0,0.0004697398107964,608849
21592897,"Tvoja se mama sigurno prepadne kad god tebe vidi, 1307",0,0.000457246787846,607143
21589181,Pola žlice mljevenog papra !?Mislim da je to previše !?,0,0.0004460634372662,607041
21593096,Jeli to on gradonacelnik Zagreba ili napustenih životinja,0,0.0004234653315506,607180
21623884,hebo nas sve pas ako ste vi normalan portal,1,0.000417413044488,607892
21600295,"Za danasnje vrijeme moze se reci da je prerano. Steta stvarno, meni jedan od najdrazih nasih glumaca. :(",0,0.000409607309848,607359
21622030,"Čekaj malo šta se ne kaže buket sa toliko i toliko ruža,nego cijena?Kako seljački,pa šta je ovo?",0,0.0004064646491315,607815
21593137,"Zasto ti svi ljudi iz BIH imaju taj komplex isti? Covjek ne moze ne spomenut svaki put ljude iz BIH, branitelje itd., sorry ali tome nije mjesto u sportu. Dns slusam, frajer opet melje o ljudima iz BIH, nek neko ne shvati to krivo niti protiv ljudi iz BIH nesto, al zamisli da sam trener BIH i svako malo govorim hvala Hrvatima, da nema Hrvata, da nema ovo, da nema ono.. Ljudi bi me poceli pljuvat",0,0.0003975634463131,607193
21621971,vepar pozvao vatrogasce?,0,0.0003971978148911,607800
21637246,"Mali je samo napravio glupi post na f.b. i nista vise, nema tu nikakve kaznene odgovornosti. Amen.",0,0.0003865125472657,608183
21724242,"Nemojmo dizati tenzije, ajmo prešutjeti sve da nebi neki opet bili ugroženi.........",0,0.0003786326269619,609957
21684645,majstor ide na natječaj kako bi dobio posao popravka 20 m ograde i zamjene ventilatora u wc-u i mora priložiti garanciju banke za ozbiljnost ponude. kako to da vlada koja u ovom momentu plaća milijunske garancije za uljanik isto nije tražila od izraelaca??? ,0,0.0003737581137102,609179
21659709,"Ne znam, ne može netko recimo nositi uniformu policajca, a ne biti policajac. Ili bilo što drugo. Tako i ovo. Ako nešto počinje sa ciljem da se prevari drugog čovjeka, a sebi i za sebe priskrbi bilo kakva korist, meni tu ništa ne može biti dobro. Istinska milost kroz čovjeka to nikada ne bi radila osim ako je uzurpirana od onog drugog u nama.",0,0.0003635397006291,608354
21599729,"Izrađujem više od 7 tisuća dolara mjesečno radeći skraćeno radno vrijeme. Čula sam da mi drugi ljudi govore koliko novca mogu zaraditi na internetu, pa saM odlučio da ga pogledam. Pa, možete početi ODMAH.

➨➨ ➨➨ WebJob33.Com",1,0.0003584634105209,607346
21593401,Al za utjehu ti ostaje sto ne gubis na cijeni auta abnormalne tisuce eura svake godine zar ne?!,0,0.000348157598637,607042
21606256,Ma tražiti se svaki dan . :-)))),0,0.0003460050793364,607038
21636850,Mihic nemoze nista pored Strleka i Mandica...Mandic igra halfa u obrani dobro...A za Sipica se slazem,0,0.0003457854909356,608176
21630018,ne stoji joj dobro,0,0.0003430481592658,607887
21637513,ok  no probemo,0,0.00033782623359,608059
21598935,"Aja, ne sjecam se vise sta je pisalo🙃 ali nitko bitan kad ga nema vise.",0,0.0003350882616359,602498
21671593,Ponekad smrt zna biti lijepa.,0,0.0003325583820696,608877
21604544,Satrali ste nas s tim rs spodobama,1,0.000328672962496,607476
21606854,"nije.gol.skužajte
",0,0.0003280208038631,607494
21589471,"Svi Automobili su odlični,ako su novi,,a sve ostalo je Smeće,,,Kupujte samo Nove Automobile i nećete imati briga barem 5 godina.Novo je Najbolje !",0,0.0003259070217609,607042
21598483,al ce biti nezadovoljnih ''partnera'',0,0.0003247823624406,607272
21628729,"P aa između ostralog ""za dom spremni"" koristili su borci u domovinskom ratu i to pripadnici HOS-a.............1991-1995 to nikom nije smetalo ...Sada to odjednom Orjuni i UDBI smeta..... ne govori nitko nikad o pozdravu iz NDH nego je on uvjek u kontekstu domovinskog rata. Etio sa zvijezdom na čelu su partizani""oslobodili ""državu 1945 godine ...sa zvijezdom na čelu su JNA razarali Vukovar, Dubrovnik, Škabrnju, Liku,Slavoniju , raketirali Zagreb ....pa dan danas imamo spomenika po Hrvatskoj sa petokrakom ....zašto ne ""urušimo"" sve te spomenike ............... zato što se odnose na razdoblje antifašističke slobode.........isto tako ne treba skrivatio i rušiti spomen ploče pripadnicima HOS-a iz domovinskog rata a na kojima piše njihov pozdrav................. Zašto nebismo imali ista mjerila za sve.......... ",0,0.0003208114649169,607779
21655068,Ne razumijem smisao kupaćeg kostima na snijegu?? Kupaci - valjda za kupanje,0,0.0003201272920705,608546
21612778,WOOOOW!!!!,0,0.0003179845807608,607630
21650786,Ugroza,0,0.0003159805492032,608439
21602771,Cipelarenje covjeka na podu bi trebalo gledat kao pokušaj ubojstva. ,0,0.0003138464526273,607383
