id,content,label,article_id,score
21628001,Ajde molim te. Da ga ispravi bilo bi 200 komentara a svi bi nešto pljuvali.,0,607980,0.3499896517485258
21626248,Tvoji povampireni partizani klali su i 45. i 90. ali na tvoju žalost neće više.,0,607742,0.3366445988316116
21602737,"Minimalac ste stvarno digli..svaka cast..sto ga niste digli na 4000 kn a poslodavcima napravili proporcionalnu olaksicu . 
Koja je to olaksica za poslodavce ..smanjili doprinos sa 17.2 na 16.5 a uveli drugi..sramota .
Zasto se vi u saboru i vladi ne hranite mrvicama .. sto niste svoje place i place saborskih zastupnika smanjili u ime tih jadnih minimalaca . To je sve preee malio ..ljudi nam odose i nece se vratiti ..  
Ovo je sve pre lose da bi bilo slucajno ?! 
Mozda i trebamo svi otici ?",0,607382,0.332895198108984
21670256,Otrijezniš se dok čekaš.,0,608853,0.3229811990192333
21588957,"ko wc papir, povučeš jednog i drugi već ide za njim...",0,607013,0.3169786376834239
21657144,"A!? Uskličnik pa upitnik,vrlo inteligentno.",0,608568,0.3140652654947137
21593750,Ti bi da je i lijepa i pametna.,0,607202,0.3128974107685274
21604187,Ništa čudno od izdajničke partije i vlade Hrvatske.,0,607373,0.3128915464717058
21605706,i pijan pametnije reče od većine triznih...,0,607493,0.3128384798700651
21605687,"zeljkec,uzmi snickers...",0,607415,0.3114259848140059
21674670,"Uglavnom Modić dao gol, a vi od toga imate k. Tako vam i treba hlebinci. ",0,608928,0.3112847446113032
21607390,Do svoje tridesete mogo sam špricat dvaput bez da sam ga vadio van .,0,607248,0.3108104919145765
21598208,Pa makar i u vlastiti džep.,0,607272,0.3105702589806228
21620072,šta fali saabovim gripenima? puno jeftiniji a ima dijelova,0,607751,0.3090889535901421
21623925,"Nije, samo usnama mrdao.",0,607855,0.3087986578938864
21677682,Jos nam samo nadi neku budalu koja ce raditi za nas .,0,608957,0.303583970285267
21612922,"Rađe sam kruha gladan nego sa njima imati posla.
",0,607642,0.3032076175569368
21623078,Budući Daruvarac...,0,607832,0.3011387593076609
21625079,@bedak11 ti si poremećen.,0,607900,0.3011212308677654
21627241,Meni nece pomoci jer ja nisam faca ko ovi kojima je izgorjela kuca.Da sam na naslovnici novina odmah bi mi tisucu ljudi pomoglo.Ovako mi nitko nikada nebi pomogao.Licemjeri.,0,607958,0.2993696733917736
21591498,Što radi fotelja na otvorenom balkonu   gdije žive mala djeca !?,0,607166,0.2978243034318311
21651391,Preniska kazna.,0,608474,0.2977597726507545
21621464,Nakaradna politike. Kralj je bio za slogu i zajednistvo svih juznih slavena i odbio je stvaranje velike Srbije sto mu je Londonskim ugovorom ponudjeno.,0,607742,0.2977584337558572
21603669,Ili jeftinije kakva im je cijena. ,0,607382,0.2974474691326556
21673429,za koji dan budemo opet pouke izvlacili!!! svi nam budu krivi,0,608908,0.296970896123562
21662009,"Koliko se ja kužim u lopovluk(a kužim se) obično  se ugovor za mobitele potpisuje na tuđe ime, ali u svoju korist.",0,608696,0.2967408927859518
21688810,Prijatelju ili smo ti i ja budale ili ih ima previše koji dijele minuse.,0,609097,0.295870795543041
21589743,Baš ću probati...sjećam se da je moja mama vosak skidala tako da je stavila bijeli papir preko stolnjaka i vrućim glačalom prešla preko toga...,0,606682,0.295586005414136
21640358,"Najveća glupost ova VAR tehnilogija, uništavaju nogomet!",0,608237,0.2940620064981343
21599408,"Koje su to gluposti.Pa imate usta i Bogu iznesite sto vas muci.Samo je Isus posrednik između nas i Boga.Nitko više.Piše vam u Bibliji.Kao Bog će nekog svećenika čuti,a mene ne?Nemojte se zavaravati.Sve vam u Bibliji piše.
",0,607191,0.293955437936957
21626051,A sto se Rakitica pita hoce li trener ostati ??? Koji glupi naslovi !!,0,607923,0.2939061689211918
21593920,"Zeljko,jel po tebi hdz ili neki njegovi clanovi ikada u povijesti sto ukrao,okoristio se,ili napravio stetu hrvatskoj?",0,607153,0.2937749789823971
21598495,Ionak si ustaski licemjer..,1,607297,0.2937644107944517
21624781,"Bit umjeren u hrani,tjelovjezba..Nebi mogla zamislit zivot bez speka☺sto ne znaci da imam viška😆To brojanje kalorija bi mi bilo preveliko opterecenje..Ali kad farmerice nedoBog nemogu zakopcat znak je za uzbunu..",0,607816,0.2935310588975006
21602585,Kako definirati politicare ''vjernike''? U nas svaki ljubi oltar. ,0,607297,0.2934767751945644
21650179,"Samo se neka ovaj uhljeb od ministerića butković ne petlja Kinezima u posao, bez njega će sve puno bolje i kvalitetnije biti napravljeno, a on možda nanjušio da bi se mogla zgrabiti kakva lova u mutnom.",0,608435,0.2934540166734069
21653500,na temelju čega se to naziva četnički dernek?!?!?!? na temelju toga da je to jedino mjesto koje je protiv Muslimana gdje je jedina nada nas Hrvata Herceg Bosne. a kada neki mediji nazovu oluju ustaškim dernekom onda isti ovi mediji grakču. sramite se. ,0,608535,0.2933738303243495
21603520,Ne sekiraj se komšija nema bre ultimatima. Samo ugovorene obveze.,0,607433,0.2926522948982132
21653176,"Ne, za sad samo plasticne vrecice duzim.",0,608520,0.291449283395479
21640989,lol evo jos jedna zeljna paretine. ,0,608261,0.2911125259646063
21597736,"Uvesti porez na vjernike.Naplacivat svakom iznos za ulazak u crkvu.Pa da vidimo te ""vjernike"".Neki malo zesci licemjeri bi cak platili neki sitni iznos da se pokazu u crkvi.",1,607297,0.2905595451717249
21611139,"Procitao sam ovlas dva tri clanka, pa dijete u drugom razredu osnovne skole nema toliko gresaka. jeste otpustili lektora ili koji kuraber?",0,607631,0.2898605098690366
21672220,Voziš organiziran gradski reli?,0,608867,0.2898207141875877
21642509,Željko aj nemoj se sramotit više molim te...,0,608311,0.2896718411340888
21644116,Nagrabusio je ako ga dohvati Sofijin mužić,0,608279,0.2894964611730152
21646444,Mislim da je to sve primitivizam. Od neukog i primitivnog nemreš niš pametnog čut. ,0,608263,0.2885552910100595
21670004,Moja baba ih drži više u čaši nego u ustima da se ne pokvare.,0,608436,0.2885198904152993
21639133,Lupetaš ti kao i on.,0,608060,0.2883918897958161
21662997,Ma mars u picku materinu. Admine blokiraj ovo vise,1,608756,0.2880335369947561
21666740,A ovo da mi ga glođete je čisto meni za dušu da ispunom.,0,608787,0.287885170953759
