id,content,label,article_id,score
21668098,kaj si ga cinkal?,0,608777,0.4032336904148762
21592878,Da si htio..skočio bi,0,607166,0.3871090810190616
21597010,wawrinkina ku...a,0,607254,0.3652050616995526
21668708,Da da u pravu si.. ,0,608245,0.3645362738026178
21594445,Kao da je od m u d a. sasivena,0,607143,0.3600225283370468
21617769,"Medvide ,javi se.",0,607752,0.3585800532769495
21655794,"Ja imam 1,93 i iskreno sladje su mi nize zene ;)",0,608565,0.3582473226955658
21758575,Treba ih je.at redom,1,610769,0.3579543499202345
21604299,"Love mu neće falit, stepenica No.1. Ostatak mater i ćaća će napravit od njega...presmjesne mi ove nađak babre. Teško ovo analizirat?!",0,607317,0.3558568867506472
21591697,Da sam bar ja ovakav papucar..,0,607097,0.3524562171212593
21619158,Pa dva dnevno.. Onda menjam,0,607579,0.3523314642094207
21643761,"On negradi BIH neko ju potkrada.
",0,608275,0.3508423975178158
21638425,Hahaha.. nisi ponorila jel 😁,0,607556,0.3494968814786338
21639900,"jackal, nemoj da se odričeš tvoje federacije i tvojih islamskih bošnjačkih cvijetića.",0,608100,0.3475009503224266
21655600,Ko intebe a,0,608416,0.3473915445659079
21633356,a jos ih ima ko kineza,0,607885,0.3472869575092767
21679093,"Eto nam braca siptari.,",1,609033,0.346457452332062
21642734,"eee, ali u alpama.",0,608263,0.3463014602822164
21593271,Dobre su samo za jeb....,1,607141,0.3442748723587221
21631991,Jeste dosadni vi preobučene komunjare. ,0,608065,0.3436583076753562
21641194,"ahaha.kad,tipasalo.onda.ti.je.valja",0,608261,0.3429764836762108
21627202,škver evo i plus kad si i ti konačno spreman.,0,607873,0.3427639475686611
21623683,Zove se Cedomir! Pametnom dosta.,0,607848,0.3427351118315948
21645613,visoko - jasno ti je da karikiram i šalim se ?,0,608366,0.3408997305227708
21613489,ukokati ga kad zaspe.,0,607666,0.3391103524728712
21640363,A mogla joj je klitać polizati,0,608115,0.3378603039128786
21653396,Znas da bi ti javio..😉,0,608205,0.3369904912397624
21602436,.... Taritaš taritaš...,0,607382,0.3368279983040392
21668240,Zašto mi dišite na PARKERA! Tj. tArAbA. ,0,608787,0.3364992954559943
21622147,pa di baš u stup..,0,607841,0.3359484248933688
21646865,Aaaaa psmtr,0,608205,0.3354589469720117
21589083,Misevi se sakrili,0,607082,0.3338011788437575
21596601,Što je to sujeta ? Dotepenac u HR.....,0,607241,0.3326048910516223
21701523,Vjerodostojno.Zna se.,1,609543,0.3315000344563836
21591906,Petarde pukle prerano.,0,607144,0.331240520586053
21599537,Svi jedu špeka samo Modrić Luka...,1,607311,0.3296776236213274
21636001,"Tata je sad najoštrije osudio ideologiju svoga ispridka. Pa kaj sam ga ja hranio takvim materijalima i tekstovima, ko odgaja svoju djecu ako ne njihovi roditelji. Pljuc.....",0,608139,0.3295426112303857
21671980,Mare slj vikend superkombinacija lp,0,608871,0.3289639664050026
21633525,Indira Levak Sierković Vakula. ,0,608029,0.3288934645764403
21622677,"Ah kako ste glupi, nevjerojatno. Ne može se ovcama ništa objasniti.  
",0,607794,0.3285139723928476
21631176,Dobro koji k*rac vise,0,608062,0.328103870242637
21627980,Ako ga ne pozdravis kad zavrsis onda te gađa govnima...,0,607985,0.3280208656231661
21682437,"Dovoljna je činjenica da još dan danas u gradu heroju Vukovaru postoji segregacija, a od strane samih srba. Pametnome dosta.",0,609091,0.3278941036655963
21644700,Treba pitat onog jadnog kineza.,0,608246,0.3274134028757841
21668373,"Njegov prosjek je 5 komada u mrezi tako da je ovo dobro...
Ocajan golman...",0,608826,0.3272152755726922
21641755,Hahahahahaha čuj ovoga bisera .A tko je to ih hadezeja izvršio kaznu zatvora da čujem ?,0,608277,0.3268628283903824
21610676,"misko243, gluplji primjer nisi mogao pronaci? Dijete od 4 godine ce citat plakate😂",0,607587,0.3257750696000128
21625445,sever...sindikalni njonjo...,0,607916,0.325688820016009
21623692,pa ovi što prosvjeduju i žele da ih europa gnjete,0,607787,0.3256630371725121
21662821,Jasta tudjim k... 😜🤣🤣🤣,0,608212,0.3255604569127251
