id,content,article_id,score,new_label
21688798,Gluposti !,609201,-1,0
21596258,Židov šta češ očekivat od tih prevaranata.,607249,-1,1
21659969,"voli i tebi hrvat, živilo bratstvo i jednistvo, pusaaaaaaaaaaa",608682,-1,0
21660775,Jovan@ pojest ce te mrznja uznutra i van tijela🙄,608682,-1,0
21672576,"Opet ovi o smrdiji ,užasno !",608877,-1,1
21591122,Stari neiživljeni bedaci. A možda i teroristi kojima je grunulo prije vremena.,607144,-1,1
21591434,baš,607106,-1,0
21592024,Ovaj njen izgleda ko da je pojeo cesalj pa se zaglavio u ustima😀,607106,-1,1
21594618,"Pametno , čekali da ostari pa ga uhitili , ajde ti hvataj 25 godišnjeg mafiozu..",607213,-1,0
21595919,Ne znam koga zanimaju ove vjesti u Hrvatskoj !!!!!!,607218,-1,0
21596086,Ne samo migracija nego  suchen privilegierte CDU CSU SPD GRÜNE i njihovo vodstvo na celu sa babetinom Merkel,589150,-1,1
21596166,"stari mudrac@ Sve sto u Hrvatskoj ne vrijedi od korupcije do nepotizma (uhljebljivanja) po stranackoj osnovi, ima korijene u komunistickoj Hrvatskoj. Neces mi valjda reci da tamo (SFRJ-SRH) da bi tamo dobio bolje radno mjesto, stan, stambeni kredit,,,,,, pa cak i upis na fakultet i malo bolji tretman u bolnici nisi trebao imati partijske veze ili nekoga podmicivati? I da onda nije bilo sirotinje? Dokaz tome je gdje bolji da su ti Hrvatine po profesiji i tajkuni niknuli i zanat ispekli bas dok im se stranka zvala Savez Komunista Hrvatske.",607210,-1,0
21596337,"Procitaj tamo drugi clanak iz njemacke, kako je njemac RUSKOG PODRIJETLA izboo napravio to i to i zapitaj se zasto ovde toga nema",607221,-1,0
21620508,Jenbivjetri na vlasti nisu ništa kupovali 20 god i sad najednom treba 12kom F16!? Da su svake druge godine kupili po 1 danas bi ih imali 10!? A da ne računam ako bi kupili po dva ili jedan svake god. Na eskadrili bi nam zavidjeli i ameri!,607751,-1,1
21596843,još dugo vrimena će migovi probijat zvučni zid iznad slavonije...,607272,-1,0
21597207,piši na hratskom u hrvatskoj!,607272,-1,1
21597620,"Georg_2,a Biserka? Pa keramičarka, pa udomiteljica kerova, pa navijačica iz svlačionica, pa...... Ma ima štofa koliko hoćeš samo mi se ne da pisati.
Ajde desničari idemo, udri po  minusima.",607272,-1,0
21598003,Eto on upute dijeli dok se skriva iz zlata i vatikanskih banaka. Bas imate koga slusat i kome se divit. Masoncina.,607297,-1,1
21598004,"Što veći fuflavac, više je na kadrovskoj listi HDZa nakon Sanadera Onog Bačića ni Bog ne razumije. A Karamarko je trbuhozborac i još nastavnik ( opet bez staža u struci).",607272,-1,1
21598303,pokvaren i lud svijet prema tebi nije zasluga kršćana... hmmm. baš suprotno,607297,-1,0
21599514,Mogao bi ih Tramp i uzorat !!,607335,-1,0
21600445,"Sa tim ""krntijama""Izraelci gospodare nebom na bliskom itoku!",607272,-1,0
21602175,"Kako  je taticarska sekta uzrujana !!! Pa napavite Referendum "" Dalmatinci van iz reprezentacije"", ovako samo licemjerno lupate gluposti !!! Uupssss... i Livakovic je Dalmatinac, i Vrsaljko, I Perisic......",607351,-1,1
21603404,"Kod nas bi se da je to ucinio branio sa slobode i cekao nekih 37godina da mu pocne sudjenje,a ako ima clansku iskaznicu hdz-a onda bi doslo do kompletna SINKOPE od sudova pa nadalje i bio bi slobodan covjek.",607421,-1,1
21657721,Ko te bippppp kad ti materijalno iznad svega,608563,-1,1
21656687,"Sve su to kriminalci pod zastitom znacke i drzave.
Od njih sav kriminal i kece.",608563,-1,1
21655572,obavezno oko kuće kamere u kući utoke...,608509,-1,0
21652350,Tko je kriv sto ona sa 18 godina bula sa likom od 41 ?,608518,-1,0
21624785,"A jesi bedast, mogao si propovijedati i karindžati, kao i svi ostali....",607899,-1,1
21664843,Zato sto im netrebaju za drzanje vlasti ko kod nas hdzu i sdpu,608722,-1,0
21620009,"A i Hrvati su bjezali od njega.. jesam, zahvaljujuci drugu Titu.. istinskom heroju, samo nije odradio posao do kraja sa defasizacijom",607742,-1,0
21600192,Kaj bu od njega za koju godinu?? Ili probisvjet ili Daruvarac 2.,607323,-1,1
21611103,Rubigo ne😁 😂😂😂,607038,-1,0
21611212,Mašala Voltaire... Ne trpim ja nikog ko mi na put stane... Jbg žensko,607038,-1,0
21611530,"Haha, ili za dekoraciju ili to što kažeš, jedino što pravoslavci nemaju Advent.",607652,-1,0
21613334,"Izrađujem više od 7 tisuća dolara mjesečno radeći skraćeno radno vrijeme. Čula sam da mi drugi ljudi govore koliko novca mogu zaraditi na internetu, pa sam odlučio da ga pogledam. Počela sam raditi i potpuno promijenila svoj život.

ići====>>> www.WebJob33.Com",607642,-1,1
21627106,Prezime.... Bandicevci,607958,-1,1
21628734,Jeli obiteljsko nasilje vrhunac izvjestestavanja i dogadanja u Hrvatskoj?Moramo to malo vise pojacati da se sve ne svodi samo na obiteljske svade.Bit ce svega ubuduce ovdje u ovom malom raju.Drugacije nemoze.,608016,-1,0
21628774,"Hebiga, devet promasio pa tek desetim sam sebe pogodio.",607998,-1,0
21628869,"to neki novi drustveni trend, mlačenje žena..? uskoro ce se poceti na fejsu naslikavati s izmlačenim zenam.",608016,-1,0
21630602,Uzorni nego kak. Cigan do cigana + Jopa = Pitomača.,607996,-1,1
21630728,"Ad stjena 01 ili ti ga
 grotta
Tko s vragom tikve sadi o glavu mu se obijaju. ( narodna poslovica).",608012,-1,0
21631858,A te koje idu s umjetnim trepavicama na more valjda paze i ne moce glavu 🤔,607267,-1,0
21645547,"Nebi ga taknula daljinskim, kako je ruzan!!!!! Sta je bilo toj sirotoj djevojci da se zaljubila u ovakvog monstruma!? 🤮🤮🤮🤮 fujjjjjj",608365,-1,1
21645930,"Ajd ne laži i ne muljaj, već i vrapci znaju s čim se baviš !",608349,-1,1
21647594,Bit ce da je tako al gradani bi sad trebali stat uz nju,608384,-1,0
21649107,bula  užarena  atmosfera  i  toku  su  transferi  ...igrača  i  peneznjača... zbog  penez  došlo  do  usijanja  atmosfere  i  zapaljenja  sriropora  u  krovištu  i  unutar  prostorija...a  odma  dobro  dođe  za  poćistiti  ostatke  korupcje  i  ostalih  maverzacija  po  klubovima...,608411,-1,0
21649906,Kod nas ne smiješ braniti svoj privatni posjed...da ih je koknul morao bi robijati.,608441,-1,0
21650223,Hahaha Horvat...😂😂🤣,608441,-1,0
21604541,"Iz plemena ""smrdljiva čarapa""",607475,-1,1
21627908,Lep ko greh.,607980,0.402072097,1
21633212,Eto ja ću te pamtit po dobroj guzi ako je to ok za tebe.,608072,0.401791453,1
21645079,Vidi pristaše šta im prstići lupaju minuse!,608366,0.401746493,0
21653842,I tebi sretni Ahmici i Srebrenica.,608545,0.399014841,1
21610373,Da i dodje nisam luda to slusati.,607607,0.39883245,1
21622496,Uzmi ih ti ,607845,0.398007689,0
21596713,"mos si mislit,kak da nisam probal",607191,0.391022785,0
21607363,pitaj mamu svoju.,607415,0.386315757,1
21609031,..Vala mudro besjediš..,607038,0.386073274,0
21592874,"Kaj zbilja,ti si ....",607169,0.382133587,0
21648024,Trebo to dobro maznut,608207,0.382013524,1
21599413,Kako siješ tako žanješ.,607340,0.381908337,0
21675854,I tata bi sine...ali nesmijem!,608934,0.379382688,0
21631846,Mrgudu je dala da ga oraspolozi ;),608050,0.378984049,1
21598321,onda nije niš' čudno da smo takvi majmuni,607204,0.378573292,1
21613380,Dosadni ste vec !,607687,0.377757369,0
21644584,Taj bi daleko dogural u hdz-u,608354,0.377358348,1
21608452,Pa obukla sam cipele😂😂😂,607038,0.37732672,0
21641339,Ti nista ne kuzis jer si pameti kao i Pernar.,608266,0.376364715,1
21615942,"Imaš ti kakav argument, pored ad hominema? Ili si samo triggered pa bjesniš",607655,0.375635472,0
21623862,"Ajmo jedan glupi članak, nismo dugo",607892,0.374976523,1
21611332,Nisam te to pitao. ,607600,0.374463457,0
21642671,Ko i bratu od dotične kopira njega valjda,608282,0.374156688,0
21645018,go zaštitar go u bosnu ,608360,0.373807926,0
21619685,yebate treba tu prdu napunit😂,607713,0.372790315,1
21593763,I karas li ista? ,606729,0.37273314,1
21599842,"Ma nema ti više dobrih, a slobodnih😢",607234,0.37058342,0
21628186,pa već su otišli svi koji nešto vrijede ostali samo hdz domoljubni uhljebi i penzići.,608002,0.36989179,1
21639180,"Ne znaš ti ni pričat ,kamoli novce izrađivat ",608211,0.369613842,1
21611666,ti si uspjesan,607389,0.368783111,0
21652067,cuj ovog sto izmislja haha kakve kazne su to oni platili?,608428,0.368664113,0
21672145,"I ti isto, Ajmo uže pod vrat",608890,0.368345723,1
21723441,pa pernar je to omogucio kaj se cudis,609953,0.368063136,0
21632007,Čačić pa reformist ma dajte. ,608053,0.367377238,0
21589427,Hvala  lijepa i tebi.,607117,0.367205567,0
21659034,Ashley sad ga fino dudlaj.,608498,0.367191361,1
21619596,Joj daj ne seri treba ga maziti sa perom,607783,0.366822342,0
21643614,A lako budaletine kakvi smo mi Hrvati nadmudriti.,608195,0.366565451,1
21671272,super..napokon ce se podici kvocjent intelugencije nase policije,608863,0.365997991,1
21593301,Jako si pametna!,607143,0.365509846,1
21612178,"Šuti, osta ti bez posla.",607673,0.365317445,0
21616218,Nista seta se po Sl. Brodu pije kavice i tak ,607720,0.365129863,0
21624632,Ajde stetno mu bilo,607899,0.365090452,0
21628450,Malo si se zaje... Nauči prvo nešto a onda budi smiješan.,608002,0.364518584,1
21625339,Kako sijes tako žanjes...,607880,0.364202541,0
21589881,garava rasol i pusa stižu.,607018,0.363411942,0
21656798,Kolko platiš tolko dobiješ,608416,0.363402644,0
21673756,baš....šta je sve ovaj odbranio a Loris popusio onakav gol,608918,0.363341018,0
21638586,Keba je Sevku obradio...,608211,0.362813685,0
21612119,Juzba znaci sale mutavi ti je idol?,607675,0.362613219,1
21674196,Elmatador imas pravo al nemoj zaboravit da je messi igro se neymarom i suarezom gdje nije trebo tolko zabijati dok u realu na ronalda je isla svaka lopta ,608923,0.002172001,0
21609577,Zna da je muškima najnapetija ☺,607477,0.001753442,0
21652976,"dok ima šoldi , očito misli da more imati sve ča mu padne na pamet,,,",608487,0.001693461,0
21654657,Krupa jos ti je Komsic predsjednik 😌😂😂😂,608545,0.001081811,0
21639272,"31?? Izgleda 10 godina mlađe! ...što reći, lijepa je.",608112,0.000991217,0
21667641,"Sve to stoji ali meni osobno to nisu iste vrste hladnoće. Na buri mi je zima, imala sam uvijek problema sa ispucalim ustima i rukama, i to je hladnoća od koje se ne možeš ugrijati. Ali ova hladnoća na minusima me boli, i kad kažem boli doslovno boli. Izađem van bole me ruke, glava i lice i doslovno se moram obući od glave do pete da sutra dan ne izgledam kao da sam pretrpila opekline 2 stupnja. ",608632,0.000971941,0
21625154,"Za jutarnji , baš nemam vremena . :-))))",354336,0.000889982,0
21623972,Haha pa kako nije prošlost? :) Pobjegao je u Hercegovinu i više se nikada neće vratiti u Hrvstsku. :),607766,0.000782572,0
21618397,Mihic pa da im i nacrtas ne bi pomoglo.,607779,0.000752019,0
21646300,sti rat nije unistio to su politicari odradili,608356,0.000740217,0
21607475,"Ušutkao si posao, sad zašuti i ti!",607497,0.000716316,0
21625929,"prvi hrvatski predsjednik bio je Vladimir Nazor...povijest nije počela 1990. ni povijest svijeta, ni Hrvatske, iako to, očito je, mnogi misle...",607913,0.000702864,0
21620207,"ugovor o podstanarstvu, jel to ...,,što imao sve sam proćardao,,...:))",607707,0.000688466,0
21618492,Ako je bila kao političarka onda su je kao takvu i ocijenili. Neznam šta tu nije jasno.,607779,0.000670543,0
21608762,"Na ovakav način poslovati znači nadati se da će netko nekom nešto odobriti. To se tako u ozbiljnom poslovnom svijetu ne radi. Izraelci su taj papir trebali imati kad su se javili na natječaj. A ne obećati da će odobrenje dobiti. Naravno da je nastala šteta. Propale su dvije godine nečijeg rada-nerada. Za te dvije godine ti koji su ovo radili bili su i plaćeni. Nisu radili svoj posao, nego ovaj posao. MIG-ovima ističe rok tranjanja., U stvari je već istekao. Izgubit će se opet nove dvije godine na poništenje, novi natječaj, odabir, žalbene rokove, implementaciju... I ti kažeš da nikakve štete od ovakvog načina i natječaja nije bilo?",607433,0.000664967,0
21621796,ju šelnot pas,607510,0.000662111,0
21624260,Pčela😂😂😂😂😂aaaaaaa,607556,0.00064964,0
21614281,Trulež od Mosta nikako da shvati da su ispali najveci papci u povijesti Rh.. I nikad necu zaboraviti izraz lica onih ološa što ih je pred kamerama javno Plenki otreso kao gnoj s cipela.. Niste nista bolje ni zasluzili!,607704,0.000635868,1
21619788,Heba vas Davor vise.,607794,0.000633755,1
21605105,"zasto? ne znam stvarno, zanima me ",607354,0.000632282,0
21640560,Mislim da je zvona1111 moslio/a vantjelesna oplodnja,608218,0.000621842,0
21626254,suncemojemalo,607929,0.000617936,0
21659145,Admine zasto brises komentare? Da i ti nisi mozda derpe?,608604,0.000615673,1
21597152,T,607282,0.000604309,0
21659472,..Ja ne znam..ja ne znam..gukni plavaa@..,608265,0.000604229,0
21660892,I plastična kraljevna...,608611,0.000603743,0
21616434,To je rupa za one koji su ispod kamena dopuzali tu u Zg. sad je vrijeme da se i vrate kući...,607732,0.000595982,0
21723632,InternetRevolucija:financiraju se svi pa zasto onde nebi oni,609953,0.000592744,0
21615566,"Izrađujem više od 7 tisuća dolara mjesečno radeći skraćeno radno vrijeme. Čula sam da mi drugi ljudi govore koliko novca mogu zaraditi na internetu, pa sam odlučio da ga pogledam. Pa, sada počinjem s ovim poslom i potpuno mijenjam svoj život.

Posjetiti......>>>>>> www.WebJob33.Com",607702,0.000571325,1
21609874,"haha do nedavno glumila veliku domoljupku, vjernicu, sljedbenicu željke marić a sada ovako",607554,0.000565679,0
21599828,"Eto ja kao i obično naiđem na ovaj ""naš"" portal.I odmah moram prići bliže .Daklem' koji ste vi kokošari,bijednici i polupismeni kretenikusiOvo se odnosi na 99 % komentatora 24 časa-.časa. Jer niko koji je najmanje srednju poljubio i snjom se se rasto',ovdje nema što raditi,osim ""gazda""koji se zajebavaju i onih koji su u mirovini ili se za nju pripremaju.Daklem kretenikusi manje pišite ,više radite i malo promišljajte budućnost!",607272,0.00056281,1
21669473,"trebala bi biti bar druga...po cemu, porazu... Ako su bodovno jednaki sa Rusima broji gol razlika na kraju.?.Kako god da bude, ako zavrse na cetvrtom mjestu je ok..",608849,0.000561743,0
21667279,"Njih pekla savjest,prvo moras posjedovati ljudsku dusu da imas savjest...pa vidis oni i dalje trolaju jedno te isto,a sad im se jos pridruzil Covic....ja tu nista nerazumijem...a nase se optuzuje za zlocine...nije sad ni Krsticevicu lako jedno zlo nedolazi samo... jos kad nisi kriv a banda te optuzuje!",608766,0.000558475,0
21631370,mozete mozete 😂,607968,0.000557559,0
21592148,Lijepo piše: Slike i podaci koje je snimila počet će stizati na Zemlju kasnije u utorak.,607178,0.000553481,0
21667024,"@stiv: istina, moj kiks. vrijeme prebrzo leti. što se same trampe tiče, butler će ih skupo koštat jer su dali 2/3 tzv ""the processa"" a dobili su napuhanka koji se već dvaput s brettom posvađo, a s embiidom je isto upo u verbalni okršaj. samo čekaj da eskalira. a cov i homie su im puno, puno više davali u obrani i generalno više doprinosili timskom radu",608771,0.000548808,0
21639501,"Po nogometnim pravilima dozvoljena je visina trave do max 3 cm. Ako je bilo u tim gabaritima onda je sve bilo OK. Istina je da niža i vlažnija trava omogućuje brže klizanje lopte po tlu. Neka Klopp uzme škarice i doma nek ošiša travu onako kako bi njegova glava izgledala bez presađivanja kose, pa će doma sve pregaziti...",608045,0.000546545,0
21602278,"Točno tako svanuće, nekada se od svog rada moglo živjeti, i na kredite graditi kuće. Da ne pričam o mirovinama, nekada su uzimali 10 najpovoljnijih godina za mirovinu, danas ti uzimaju cijeli radni staž, da bi ti mogli dati najmanju moguću mirovinu. Da, makar to neki ne priznali, bolje smo živjeli u omim vremenima, dostojanstvenije, i nitko se nije hranio u pučkim kuhinjama ni skupljao boce kao danas.",607315,0.00054349,0
21629447,Da nije on tata od malog Oskara?,608017,0.000536467,0
21647002,Kada se nekom treba vratiti lova onda drzava trpa u zatvor a kada lihvari ovrsavaju za par stotina kuna onda im drzava jos i.pomogne preko fine,608349,0.000536007,0
21666149,"Pa to je normalno da traze, ali bi si covje trebao naplatiti posao ako je vec i potreban, obavezan, ja stojim kraj njega i vidim sta radi, ",608192,0.000534814,0
21666131,Fanovi??  Ajoj,608382,0.000527886,0
21609180,Da bar je zdravija je bila nego ove bolestine sto promicete sada.,607587,0.000509136,0
21633944,"zato vrijedi pravilo da se uvijek treba nakašljati kad dolaziš doma, time izbjegneš neugodne situacije",607998,0.000506695,0
21640291,ma sve je to isto kad ugasiš svijetlo hahah-ja opet kazem-dok se drugom desava onda je to osuda samo takva-al kad se to desava nama onda eto to je dobra kusnja!,607969,0.000501213,0
21676322,zar ponovo TI odabireš avione?????? jpm!!,608969,0.000500899,0
21652955,"Izgleda ko pljunuti TITOV  činovnik a zapravo znamo da TITOISTI i danas vladaju samo su se sakrili iza drugih kaputa, njih je nekih 80% u HDZ-u što je ujedno i razlog što e toliko bore za Pupovca i ekipu a SDP ima ostatak šljama!",608535,0.000498755,1
21597186,Eto bedak s kim si ti usa u raspravu. Mali balonja od 13god. A mene smatras dosadnin jer iman argumente i ne pisen da cu te pribit priko interneta,607156,0.000497441,1
21653821,Uskoro HRHB sa glavnim gradom Mostarom!,608545,0.000496949,1
21595084,Da bruto,607184,0.000496039,0
