id,content,label,article_id,score
21593772,"judita, važno da je tebi Minea ljepotica :)))",0,607143,-1
21599222,"Odlična usporedba. Onda znaš ako je to tako, koliko su duboku u dupetu ",0,607318,-1
21588566,Biti ćemo jedna od najrazvijenijih i najbogatijih država Europe i svijeta veli precjednica,0,607013,-1
21595004,Napadač 62 godine pobjegao!!! A šta uopće radi u kafiću sa 62 godine!!!!,0,607221,-1
21614376,"Kladim se da će vrane opstati,...one saborske i vladajuće.Dobitak 100% za njih.
A ovce ostaju ovce.Također 100%-tni gubitak.",0,607655,-1
21608835,Ludilo,0,607450,-1
21591557,Bajke za naivne i laku noč.😊,0,607115,-1
21606788,Mislio sam da je pokojna Dolores bila samo Dikanova. ,0,607502,-1
21655015,Ajmeе čemu vrjeđanje ostalih komentatora btw pa kaj ti čitaš hahaha ja sam tu samo radi komentatora aj bok,0,608509,-1
21724999,"Opet naslov ""Pernar dao"" pa dajte više se saberite",0,609953,-1
21664750,njen bivsi muz je vjerojatno bil sretan kaj se se na relatvno jednostavan nacin rijesio rave,1,608745,-1
21597924,Ovo je izjavio Bog te pitaj kada...Ali eto vijest...,0,607297,-1
21634307,Pravi razlog napada na njega je taj sto je izasao u javnost sa time da su cijepiva štetna....,0,608077,-1
21625015,"Evo, sve čekaju u redu.",0,607771,-1
21641357,tko promice lopovluk takodjer,0,608277,-1
21677418,ti vidim cijelo vrijeme lažiraš slovo ć,1,608996,-1
21663680,sta ce lapača ,0,608634,-1
21634956,"Bidan glupica, biće usamljen.",1,596193,-1
21594970,"pušim ,pijem ,ne vježbam previše , pod stressom al buraz stoji i diže se i dalje",0,606729,-1
21596192,Hrvat s putovnicom ubo Hrvata...,0,607221,-1
21635517,"da sam se ja na istom mjestu pokakao sigurno bi me snimili,jer u odnosu na kamion govno je veliko",0,608129,-1
21600150,Kad dobiješ platu ? :-))),0,607248,-1
21608143," More mala anketa, ovak uz drugu kavu, ili za razbodjivanje onima koji su se sad probudili? Pretpostavljam da moze, pa evo je.......... Koliko vas misli da izvjestan broj ljudi u RH u politicke strake ulazi zbog A) Svjetonazora, ideologije ili zelje da se na taj nacin, svojim djelovanjem pomogne hrvatskom narodu, gradjanima RH H i u konacnici Hrvatskoj. B) 1.Zbog napredovanja u poslu za vec zaposlene u drzavnoj sluzbi 2. Dobivanja posla u drzavnoj sluzbi 3. U slucaju da je neko poduzetnik bilo koje branse, zbog stjecanja veza potrebnih za lakse i nesmetanije poslovanje (veza na poreznoj upravi, carini, medju inspektorima,,,,,,) ",0,607540,-1
21614832,Nesreća vodi ovu zemlju...,0,607655,-1
21624626,interesantno tolika frka za psa...a niko da digne frku za pobijene maljevima žene djeca što su poubijali partijci zbijeg pred frontom u sloveniji...jadnih li ljudi što umreše uzidani živi u rudnike...oćito ljudima više vrijedi život psa nego hiljade pobijenih ljudi od strane partije...samo pas i vlasnik znaju pravu istinu...a da ga ubije veterinar otrovnom injekcijom onda nije jadan bespomočan pas...ubijanje je ubijanje ni jedno nije dobro...,1,607880,-1
21595640,Sve je u oku posmatrača . :-)))),0,607040,-1
21650809,"A koji su tvoji Da su danas izbori za koga bi glasao? Samo mi nemoj reći za nikoga, jer onda nemaš pravo ni solit pamet ljudima ovdje i govorit populističku mantru""svi su isti"".A sigurno i druge nazivaš populistima.",0,608458,-1
21680427,"Opet Međugorsko čudo? Jaoj, izgubit cemo opet. ",0,609080,-1
21670115,"Koliki je normalan kalibar penisa može netko reći od žena na portalu ? Koliki je mali , pa srednji itd ..",0,608212,-1
21662976,Zašto bi tebi celibat bio trn u oko. Ja nisam svećenik??,0,608519,-1
21648025,Prije će umrijeti zbog našeg zdravstvenog sustava i lječnika nego zbog Pernarovih savjeta!!!!,0,608350,-1
21606757,"Izraelci nemaju F16 koji nije dorađen tako da sigurno nisu tražili pismo da mogu nuditi nešto što ni nemaju. Pošto su nakon Hrvatske još neke zemlje bile zainteresirane za Barake vjerojatno se radi o čisto ekonomskim motivima Amera. Izrael ima stotinjak F16 koje sada neće moći nikom prodati, a da su ih prodali Ameri bi imali potencijalne gubitke od neprodanih svoji preko 10 milijardi. Progutali bi oni prodaju tih 12, ali preko 100 je već prevelika cifra.",0,607373,-1
21635941,"to ne moraju tražiti, to se zna...",0,608129,-1
21608855,"Nažalost nekada to završi ovako. Ovo definitivno nije ubojstvo i nije sa namjerom. Ovo se može dogodit i od običnog šamara. Udarac glavom u beton je priču pretvorio u tragediju, nesretan slučaj. Neznam detalje i razlog udvaranja ali 15 godina zatvora je puno puno prestroga kazna. Nije ga dodatno udarao na podu i pokušao mu je pomoć nakon svega, tako da ovo je nesretan slučaj a nikako ubojstvo",0,607576,-1
21620516,"Nova linija a zvučnici ostali isti!!

",1,607796,-1
21667096,"Nema pojma???? Zato radi tamo. Kaj misliš da im mijenja kante za smeće? Ne pričaj gluposti. Hvala bogu da država plaća visoko obrazovanje, pa ipak je on Hrvat i rođen je u Hrvatskoj. Zar želiš zatupljenu i glupu populaciju? Rađe ću plaćati porez za obrazovanje ljudi nego kupnju avionskog smeća, iako se mene ništa ni ne pita",0,608787,-1
21673924,hahahahahaha...gdje ti nije bilo loše??? hahah :P :P ,0,608517,-1
21647404,Ja isto. Jesu li to i naši “avioni” glumili u filmu ma kraju? Baš ih je bilo par za izraelskom zastavom,0,608381,-1
21620062,"Opa sad sam vec srbin, ne komunjara😂",0,607801,-1
21592932,"Jel se to onda zove ""demokracija i sloboda"" ili želite reći da u Dubrovnik može samo elita..sutra nas očekuje rampa pred svakim gradom...",0,607124,-1
21610072,Samo su im raznjeli sjedište.,0,607577,-1
21664050,Zar u Hrvatskoj/regiji/svijetu nema važnije vijesti od ove!? Čisto onako pitanje uredniku.,0,608745,-1
21640863,"No vratimo se temi.Silovane Hrvatice se stalno srecu sa Srbima,koji su ih silovali i sute...Zasto?I njihovi muzevi i braca isto sute...ne smeju poisnuti...",0,608186,-1
21654625,"Nadam se da će ih naša policija uhvatiti,  ali za tako sitan novac će dobro robijati, jer krnje ugled lopovima i kriminalcima koji kradu i pljačkaju na stotine milijuna.",0,608509,-1
21633606,"Vodstvo PL nije moglo dozvoliti reprizu iz prošle godine kada je sve bilo riješeno prerano, ali bez obzira na to Liverpool sve drži u svojim nogama kao i prije nekoliko godina kada su se sami "" poskliznuli "". Neka pripaze da im se ove godine ne dogodi isto !",0,608045,-1
21665783,konačno normalan komentar,0,608785,-1
21684590,Šta ti lupetaš!!!! Ostavi se komentara Izpadaš Glup !!!! Ismijavanje u rundi te prati !!,0,609130,-1
21627302,"Poništen gol za 1-0 Getafeu nizašto nikakav faul ono nije u napadu, niti je lopta išla tu gdje je kao bio faul.",0,607923,-1
21775170,"Hasanbegović, Bujanec, Đakić i ostali ortodoksni ustaše... čitate li?",1,610833,-1
21678068,"Ako je izgovorio ovo što je u naslovu, tek sad treba se zabrinuti.",0,609023,-1
