id,content,label,article_id,score
21688798,Gluposti !,0,609201,-1.0
21596258,Židov šta češ očekivat od tih prevaranata.,0,607249,-1.0
21659969,"voli i tebi hrvat, živilo bratstvo i jednistvo, pusaaaaaaaaaaa",0,608682,-1.0
21660775,Jovan@ pojest ce te mrznja uznutra i van tijela🙄,0,608682,-1.0
21672576,"Opet ovi o smrdiji ,užasno !",0,608877,-1.0
21591122,Stari neiživljeni bedaci. A možda i teroristi kojima je grunulo prije vremena.,0,607144,-1.0
21591434,baš,0,607106,-1.0
21592024,Ovaj njen izgleda ko da je pojeo cesalj pa se zaglavio u ustima😀,0,607106,-1.0
21594618,"Pametno , čekali da ostari pa ga uhitili , ajde ti hvataj 25 godišnjeg mafiozu..",0,607213,-1.0
21595919,Ne znam koga zanimaju ove vjesti u Hrvatskoj !!!!!!,0,607218,-1.0
21596086,Ne samo migracija nego  suchen privilegierte CDU CSU SPD GRÜNE i njihovo vodstvo na celu sa babetinom Merkel,0,589150,-1.0
21596166,"stari mudrac@ Sve sto u Hrvatskoj ne vrijedi od korupcije do nepotizma (uhljebljivanja) po stranackoj osnovi, ima korijene u komunistickoj Hrvatskoj. Neces mi valjda reci da tamo (SFRJ-SRH) da bi tamo dobio bolje radno mjesto, stan, stambeni kredit,,,,,, pa cak i upis na fakultet i malo bolji tretman u bolnici nisi trebao imati partijske veze ili nekoga podmicivati? I da onda nije bilo sirotinje? Dokaz tome je gdje bolji da su ti Hrvatine po profesiji i tajkuni niknuli i zanat ispekli bas dok im se stranka zvala Savez Komunista Hrvatske.",0,607210,-1.0
21596337,"Procitaj tamo drugi clanak iz njemacke, kako je njemac RUSKOG PODRIJETLA izboo napravio to i to i zapitaj se zasto ovde toga nema",0,607221,-1.0
21620508,Jenbivjetri na vlasti nisu ništa kupovali 20 god i sad najednom treba 12kom F16!? Da su svake druge godine kupili po 1 danas bi ih imali 10!? A da ne računam ako bi kupili po dva ili jedan svake god. Na eskadrili bi nam zavidjeli i ameri!,0,607751,-1.0
21596843,još dugo vrimena će migovi probijat zvučni zid iznad slavonije...,0,607272,-1.0
21597207,piši na hratskom u hrvatskoj!,0,607272,-1.0
21597620,"Georg_2,a Biserka? Pa keramičarka, pa udomiteljica kerova, pa navijačica iz svlačionica, pa...... Ma ima štofa koliko hoćeš samo mi se ne da pisati.
Ajde desničari idemo, udri po  minusima.",0,607272,-1.0
21598003,Eto on upute dijeli dok se skriva iz zlata i vatikanskih banaka. Bas imate koga slusat i kome se divit. Masoncina.,0,607297,-1.0
21598004,"Što veći fuflavac, više je na kadrovskoj listi HDZa nakon Sanadera Onog Bačića ni Bog ne razumije. A Karamarko je trbuhozborac i još nastavnik ( opet bez staža u struci).",0,607272,-1.0
21598303,pokvaren i lud svijet prema tebi nije zasluga kršćana... hmmm. baš suprotno,0,607297,-1.0
21599514,Mogao bi ih Tramp i uzorat !!,0,607335,-1.0
21600445,"Sa tim ""krntijama""Izraelci gospodare nebom na bliskom itoku!",0,607272,-1.0
21602175,"Kako  je taticarska sekta uzrujana !!! Pa napavite Referendum "" Dalmatinci van iz reprezentacije"", ovako samo licemjerno lupate gluposti !!! Uupssss... i Livakovic je Dalmatinac, i Vrsaljko, I Perisic......",0,607351,-1.0
21603404,"Kod nas bi se da je to ucinio branio sa slobode i cekao nekih 37godina da mu pocne sudjenje,a ako ima clansku iskaznicu hdz-a onda bi doslo do kompletna SINKOPE od sudova pa nadalje i bio bi slobodan covjek.",0,607421,-1.0
21657721,Ko te bippppp kad ti materijalno iznad svega,0,608563,-1.0
21656687,"Sve su to kriminalci pod zastitom znacke i drzave.
Od njih sav kriminal i kece.",0,608563,-1.0
21655572,obavezno oko kuće kamere u kući utoke...,0,608509,-1.0
21652350,Tko je kriv sto ona sa 18 godina bula sa likom od 41 ?,0,608518,-1.0
21624785,"A jesi bedast, mogao si propovijedati i karindžati, kao i svi ostali....",0,607899,-1.0
21664843,Zato sto im netrebaju za drzanje vlasti ko kod nas hdzu i sdpu,0,608722,-1.0
21620009,"A i Hrvati su bjezali od njega.. jesam, zahvaljujuci drugu Titu.. istinskom heroju, samo nije odradio posao do kraja sa defasizacijom",0,607742,-1.0
21600192,Kaj bu od njega za koju godinu?? Ili probisvjet ili Daruvarac 2.,0,607323,-1.0
21611103,Rubigo ne😁 😂😂😂,0,607038,-1.0
21611212,Mašala Voltaire... Ne trpim ja nikog ko mi na put stane... Jbg žensko,0,607038,-1.0
21611530,"Haha, ili za dekoraciju ili to što kažeš, jedino što pravoslavci nemaju Advent.",0,607652,-1.0
21613334,"Izrađujem više od 7 tisuća dolara mjesečno radeći skraćeno radno vrijeme. Čula sam da mi drugi ljudi govore koliko novca mogu zaraditi na internetu, pa sam odlučio da ga pogledam. Počela sam raditi i potpuno promijenila svoj život.

ići====>>> www.WebJob33.Com",0,607642,-1.0
21627106,Prezime.... Bandicevci,0,607958,-1.0
21628734,Jeli obiteljsko nasilje vrhunac izvjestestavanja i dogadanja u Hrvatskoj?Moramo to malo vise pojacati da se sve ne svodi samo na obiteljske svade.Bit ce svega ubuduce ovdje u ovom malom raju.Drugacije nemoze.,0,608016,-1.0
21628774,"Hebiga, devet promasio pa tek desetim sam sebe pogodio.",0,607998,-1.0
21628869,"to neki novi drustveni trend, mlačenje žena..? uskoro ce se poceti na fejsu naslikavati s izmlačenim zenam.",0,608016,-1.0
21630602,Uzorni nego kak. Cigan do cigana + Jopa = Pitomača.,0,607996,-1.0
21630728,"Ad stjena 01 ili ti ga
 grotta
Tko s vragom tikve sadi o glavu mu se obijaju. ( narodna poslovica).",0,608012,-1.0
21631858,A te koje idu s umjetnim trepavicama na more valjda paze i ne moce glavu 🤔,0,607267,-1.0
21645547,"Nebi ga taknula daljinskim, kako je ruzan!!!!! Sta je bilo toj sirotoj djevojci da se zaljubila u ovakvog monstruma!? 🤮🤮🤮🤮 fujjjjjj",0,608365,-1.0
21645930,"Ajd ne laži i ne muljaj, već i vrapci znaju s čim se baviš !",0,608349,-1.0
21647594,Bit ce da je tako al gradani bi sad trebali stat uz nju,0,608384,-1.0
21649107,bula  užarena  atmosfera  i  toku  su  transferi  ...igrača  i  peneznjača... zbog  penez  došlo  do  usijanja  atmosfere  i  zapaljenja  sriropora  u  krovištu  i  unutar  prostorija...a  odma  dobro  dođe  za  poćistiti  ostatke  korupcje  i  ostalih  maverzacija  po  klubovima...,0,608411,-1.0
21649906,Kod nas ne smiješ braniti svoj privatni posjed...da ih je koknul morao bi robijati.,0,608441,-1.0
21650223,Hahaha Horvat...😂😂🤣,0,608441,-1.0
21604541,"Iz plemena ""smrdljiva čarapa""",0,607475,-1.0
21627908,Lep ko greh.,0,607980,0.4020720973843425
21633212,Eto ja ću te pamtit po dobroj guzi ako je to ok za tebe.,0,608072,0.4017914525668316
21645079,Vidi pristaše šta im prstići lupaju minuse!,0,608366,0.4017464927974052
21653842,I tebi sretni Ahmici i Srebrenica.,0,608545,0.399014840941947
21610373,Da i dodje nisam luda to slusati.,0,607607,0.3988324504175402
21622496,Uzmi ih ti ,0,607845,0.3980076887229909
21596713,"mos si mislit,kak da nisam probal",0,607191,0.3910227845241875
21607363,pitaj mamu svoju.,1,607415,0.386315757337918
21609031,..Vala mudro besjediš..,0,607038,0.3860732736182444
21592874,"Kaj zbilja,ti si ....",0,607169,0.3821335870170652
21648024,Trebo to dobro maznut,1,608207,0.3820135241127284
21599413,Kako siješ tako žanješ.,0,607340,0.3819083366188907
21675854,I tata bi sine...ali nesmijem!,0,608934,0.3793826876808122
21631846,Mrgudu je dala da ga oraspolozi ;),0,608050,0.3789840490589917
21598321,onda nije niš' čudno da smo takvi majmuni,0,607204,0.3785732921824561
21613380,Dosadni ste vec !,0,607687,0.3777573694576799
21644584,Taj bi daleko dogural u hdz-u,0,608354,0.3773583478869721
21608452,Pa obukla sam cipele😂😂😂,0,607038,0.3773267195810819
21641339,Ti nista ne kuzis jer si pameti kao i Pernar.,0,608266,0.3763647145243199
21615942,"Imaš ti kakav argument, pored ad hominema? Ili si samo triggered pa bjesniš",0,607655,0.3756354718755055
21623862,"Ajmo jedan glupi članak, nismo dugo",0,607892,0.3749765231294407
21611332,Nisam te to pitao. ,0,607600,0.3744634571795257
21642671,Ko i bratu od dotične kopira njega valjda,0,608282,0.3741566881402836
21645018,go zaštitar go u bosnu ,0,608360,0.3738079259713575
21619685,yebate treba tu prdu napunit😂,0,607713,0.3727903150660881
21593763,I karas li ista? ,0,606729,0.3727331399706733
21599842,"Ma nema ti više dobrih, a slobodnih😢",0,607234,0.3705834198568004
21628186,pa već su otišli svi koji nešto vrijede ostali samo hdz domoljubni uhljebi i penzići.,0,608002,0.3698917904274273
21639180,"Ne znaš ti ni pričat ,kamoli novce izrađivat ",0,608211,0.3696138420600314
21611666,ti si uspjesan,0,607389,0.3687831111654681
21652067,cuj ovog sto izmislja haha kakve kazne su to oni platili?,0,608428,0.3686641126715776
21672145,"I ti isto, Ajmo uže pod vrat",1,608890,0.3683457225989607
21723441,pa pernar je to omogucio kaj se cudis,0,609953,0.368063135838754
21632007,Čačić pa reformist ma dajte. ,0,608053,0.3673772377542194
21589427,Hvala  lijepa i tebi.,0,607117,0.3672055667032902
21659034,Ashley sad ga fino dudlaj.,0,608498,0.3671913606174712
21619596,Joj daj ne seri treba ga maziti sa perom,1,607783,0.3668223416606607
21643614,A lako budaletine kakvi smo mi Hrvati nadmudriti.,0,608195,0.3665654511097727
21671272,super..napokon ce se podici kvocjent intelugencije nase policije,1,608863,0.3659979911469245
21593301,Jako si pametna!,0,607143,0.3655098463972254
21612178,"Šuti, osta ti bez posla.",0,607673,0.3653174450890388
21616218,Nista seta se po Sl. Brodu pije kavice i tak ,0,607720,0.3651298629584152
21624632,Ajde stetno mu bilo,0,607899,0.3650904519915146
21628450,Malo si se zaje... Nauči prvo nešto a onda budi smiješan.,0,608002,0.3645185840144426
21625339,Kako sijes tako žanjes...,0,607880,0.3642025414605732
21589881,garava rasol i pusa stižu.,0,607018,0.3634119421022039
21656798,Kolko platiš tolko dobiješ,0,608416,0.3634026436591076
21673756,baš....šta je sve ovaj odbranio a Loris popusio onakav gol,0,608918,0.3633410176133074
21638586,Keba je Sevku obradio...,1,608211,0.362813684891796
21612119,Juzba znaci sale mutavi ti je idol?,0,607675,0.3626132190407941
21674196,Elmatador imas pravo al nemoj zaboravit da je messi igro se neymarom i suarezom gdje nije trebo tolko zabijati dok u realu na ronalda je isla svaka lopta ,0,608923,0.0021720011718571
21609577,Zna da je muškima najnapetija ☺,0,607477,0.0017534419894218
21652976,"dok ima šoldi , očito misli da more imati sve ča mu padne na pamet,,,",0,608487,0.001693460624665
21654657,Krupa jos ti je Komsic predsjednik 😌😂😂😂,0,608545,0.001081810798496
21639272,"31?? Izgleda 10 godina mlađe! ...što reći, lijepa je.",0,608112,0.0009912165114656
21667641,"Sve to stoji ali meni osobno to nisu iste vrste hladnoće. Na buri mi je zima, imala sam uvijek problema sa ispucalim ustima i rukama, i to je hladnoća od koje se ne možeš ugrijati. Ali ova hladnoća na minusima me boli, i kad kažem boli doslovno boli. Izađem van bole me ruke, glava i lice i doslovno se moram obući od glave do pete da sutra dan ne izgledam kao da sam pretrpila opekline 2 stupnja. ",0,608632,0.0009719406371004
21625154,"Za jutarnji , baš nemam vremena . :-))))",0,354336,0.0008899819222278
21623972,Haha pa kako nije prošlost? :) Pobjegao je u Hercegovinu i više se nikada neće vratiti u Hrvstsku. :),0,607766,0.0007825719658285
21618397,Mihic pa da im i nacrtas ne bi pomoglo.,0,607779,0.0007520192302763
21646300,sti rat nije unistio to su politicari odradili,0,608356,0.0007402165210805
21607475,"Ušutkao si posao, sad zašuti i ti!",0,607497,0.0007163160480558
21625929,"prvi hrvatski predsjednik bio je Vladimir Nazor...povijest nije počela 1990. ni povijest svijeta, ni Hrvatske, iako to, očito je, mnogi misle...",0,607913,0.0007028636755421
21620207,"ugovor o podstanarstvu, jel to ...,,što imao sve sam proćardao,,...:))",0,607707,0.0006884658359922
21618492,Ako je bila kao političarka onda su je kao takvu i ocijenili. Neznam šta tu nije jasno.,0,607779,0.0006705431151203
21608762,"Na ovakav način poslovati znači nadati se da će netko nekom nešto odobriti. To se tako u ozbiljnom poslovnom svijetu ne radi. Izraelci su taj papir trebali imati kad su se javili na natječaj. A ne obećati da će odobrenje dobiti. Naravno da je nastala šteta. Propale su dvije godine nečijeg rada-nerada. Za te dvije godine ti koji su ovo radili bili su i plaćeni. Nisu radili svoj posao, nego ovaj posao. MIG-ovima ističe rok tranjanja., U stvari je već istekao. Izgubit će se opet nove dvije godine na poništenje, novi natječaj, odabir, žalbene rokove, implementaciju... I ti kažeš da nikakve štete od ovakvog načina i natječaja nije bilo?",0,607433,0.0006649670540355
21621796,ju šelnot pas,0,607510,0.0006621109205298
21624260,Pčela😂😂😂😂😂aaaaaaa,0,607556,0.000649640278425
21614281,Trulež od Mosta nikako da shvati da su ispali najveci papci u povijesti Rh.. I nikad necu zaboraviti izraz lica onih ološa što ih je pred kamerama javno Plenki otreso kao gnoj s cipela.. Niste nista bolje ni zasluzili!,1,607704,0.0006358684040606
21619788,Heba vas Davor vise.,1,607794,0.0006337552913464
21605105,"zasto? ne znam stvarno, zanima me ",0,607354,0.0006322821136564
21640560,Mislim da je zvona1111 moslio/a vantjelesna oplodnja,0,608218,0.0006218423950485
21626254,suncemojemalo,0,607929,0.0006179363699629
21659145,Admine zasto brises komentare? Da i ti nisi mozda derpe?,1,608604,0.0006156734889373
21597152,T,0,607282,0.0006043085595592
21659472,..Ja ne znam..ja ne znam..gukni plavaa@..,0,608265,0.0006042293389327
21660892,I plastična kraljevna...,0,608611,0.0006037433049641
21616434,To je rupa za one koji su ispod kamena dopuzali tu u Zg. sad je vrijeme da se i vrate kući...,1,607732,0.0005959816044196
21723632,InternetRevolucija:financiraju se svi pa zasto onde nebi oni,0,609953,0.0005927440361119
21615566,"Izrađujem više od 7 tisuća dolara mjesečno radeći skraćeno radno vrijeme. Čula sam da mi drugi ljudi govore koliko novca mogu zaraditi na internetu, pa sam odlučio da ga pogledam. Pa, sada počinjem s ovim poslom i potpuno mijenjam svoj život.

Posjetiti......>>>>>> www.WebJob33.Com",0,607702,0.0005713247228413
21609874,"haha do nedavno glumila veliku domoljupku, vjernicu, sljedbenicu željke marić a sada ovako",0,607554,0.000565678696148
21599828,"Eto ja kao i obično naiđem na ovaj ""naš"" portal.I odmah moram prići bliže .Daklem' koji ste vi kokošari,bijednici i polupismeni kretenikusiOvo se odnosi na 99 % komentatora 24 časa-.časa. Jer niko koji je najmanje srednju poljubio i snjom se se rasto',ovdje nema što raditi,osim ""gazda""koji se zajebavaju i onih koji su u mirovini ili se za nju pripremaju.Daklem kretenikusi manje pišite ,više radite i malo promišljajte budućnost!",1,607272,0.0005628101644106
21669473,"trebala bi biti bar druga...po cemu, porazu... Ako su bodovno jednaki sa Rusima broji gol razlika na kraju.?.Kako god da bude, ako zavrse na cetvrtom mjestu je ok..",0,608849,0.0005617433344013
21667279,"Njih pekla savjest,prvo moras posjedovati ljudsku dusu da imas savjest...pa vidis oni i dalje trolaju jedno te isto,a sad im se jos pridruzil Covic....ja tu nista nerazumijem...a nase se optuzuje za zlocine...nije sad ni Krsticevicu lako jedno zlo nedolazi samo... jos kad nisi kriv a banda te optuzuje!",0,608766,0.0005584754399023
21631370,mozete mozete 😂,0,607968,0.0005575585528276
21592148,Lijepo piše: Slike i podaci koje je snimila počet će stizati na Zemlju kasnije u utorak.,0,607178,0.0005534805823117
21667024,"@stiv: istina, moj kiks. vrijeme prebrzo leti. što se same trampe tiče, butler će ih skupo koštat jer su dali 2/3 tzv ""the processa"" a dobili su napuhanka koji se već dvaput s brettom posvađo, a s embiidom je isto upo u verbalni okršaj. samo čekaj da eskalira. a cov i homie su im puno, puno više davali u obrani i generalno više doprinosili timskom radu",0,608771,0.0005488080205395
21639501,"Po nogometnim pravilima dozvoljena je visina trave do max 3 cm. Ako je bilo u tim gabaritima onda je sve bilo OK. Istina je da niža i vlažnija trava omogućuje brže klizanje lopte po tlu. Neka Klopp uzme škarice i doma nek ošiša travu onako kako bi njegova glava izgledala bez presađivanja kose, pa će doma sve pregaziti...",0,608045,0.0005465446738526
21602278,"Točno tako svanuće, nekada se od svog rada moglo živjeti, i na kredite graditi kuće. Da ne pričam o mirovinama, nekada su uzimali 10 najpovoljnijih godina za mirovinu, danas ti uzimaju cijeli radni staž, da bi ti mogli dati najmanju moguću mirovinu. Da, makar to neki ne priznali, bolje smo živjeli u omim vremenima, dostojanstvenije, i nitko se nije hranio u pučkim kuhinjama ni skupljao boce kao danas.",0,607315,0.0005434900522232
21629447,Da nije on tata od malog Oskara?,0,608017,0.0005364668904803
21647002,Kada se nekom treba vratiti lova onda drzava trpa u zatvor a kada lihvari ovrsavaju za par stotina kuna onda im drzava jos i.pomogne preko fine,0,608349,0.0005360072827897
21666149,"Pa to je normalno da traze, ali bi si covje trebao naplatiti posao ako je vec i potreban, obavezan, ja stojim kraj njega i vidim sta radi, ",0,608192,0.0005348139093257
21666131,Fanovi??  Ajoj,0,608382,0.0005278856260702
21609180,Da bar je zdravija je bila nego ove bolestine sto promicete sada.,0,607587,0.0005091356579214
21633944,"zato vrijedi pravilo da se uvijek treba nakašljati kad dolaziš doma, time izbjegneš neugodne situacije",0,607998,0.0005066947778686
21640291,ma sve je to isto kad ugasiš svijetlo hahah-ja opet kazem-dok se drugom desava onda je to osuda samo takva-al kad se to desava nama onda eto to je dobra kusnja!,0,607969,0.0005012128967791
21676322,zar ponovo TI odabireš avione?????? jpm!!,1,608969,0.0005008990992791
21652955,"Izgleda ko pljunuti TITOV  činovnik a zapravo znamo da TITOISTI i danas vladaju samo su se sakrili iza drugih kaputa, njih je nekih 80% u HDZ-u što je ujedno i razlog što e toliko bore za Pupovca i ekipu a SDP ima ostatak šljama!",1,608535,0.0004987546708434
21597186,Eto bedak s kim si ti usa u raspravu. Mali balonja od 13god. A mene smatras dosadnin jer iman argumente i ne pisen da cu te pribit priko interneta,0,607156,0.000497440865729
21653821,Uskoro HRHB sa glavnim gradom Mostarom!,0,608545,0.0004969493602402
21595084,Da bruto,0,607184,0.0004960391088388
