id,content,label,article_id,score
21598753,pun kufer debila!,1,607285,0.4186624671121652
21671126,Smrade jedan.stavi si ime i prezime mangupe pa onda ovako pričaj.,1,608850,0.4186620218853365
21665556,Brian koje gluposti ti valjase ocito nikad nisi gleda rukomet.,0,608779,0.4147679102258493
21639895,"nemoj becarac, kaznit cete  ;)",0,607969,0.4138704961419437
21634799,"btj kakva ribulja.... teska brutala. Svaka cast Messiu sto odoljeva, znam da ja ne bi mogao . ",0,608101,0.4132945802868744
21647461,"noobcamper, pišeš gluphosti, tako da ti uopće na to nemam što odgovoriti.",0,608388,0.4095563407354586
21603758,Da je kupnja loša ponajmanje bi se Amer uzjogunio....,0,607433,0.4075752790224905
21625218,"Komentirat cu gde hocu.
",0,607871,0.4071951684314027
21671831,Jel neko dojebo gospođu il ostade nako napola ?,1,608877,0.4048208125239468
21595035,Odmotaj paket?,0,607191,0.3998900388543067
21627133,Jel taj dečko jos živ?,0,607943,0.3987348350396115
21602773,Baja a tko bi to triba bit zaduzen za dovođenje igrača?,0,607380,0.3974863981595815
21629758,Debeli krmak šta će...,1,608038,0.3974320317063211
21610222,"dijete od 4 godine jpš uči čitati, tako da baku ni neće pitati. Pišeš gluposti.",0,607587,0.3941077567410251
21668005,Nece grom u koprive !,0,608500,0.3940852356645159
21668080,smrket@ - Blago tebi. Baš se veselimo što si uspjela.,0,608822,0.3923405060012276
21619754,koje gluposti...,0,607510,0.3921381487519901
21609028,Vidi ih kaj lupaju minuse.,0,607550,0.391723393053608
21656244,Kakav glup naslov..,0,608487,0.3900049736809414
21638844,takoje  nema više  šniclini...jer  i  svinju  su  ubili...,0,607880,0.3884353860283058
21647871,A teskog li debila..,1,608356,0.3876478515480297
21653539,Kud je tamo išao ?,0,608531,0.3872685094098912
21673495,montiram skele i stupne dizalice..,0,608863,0.3861537587245871
21615855,Kaj hoćeš osramotiti čovjeka koji je učinio milosrdno djelo,0,607730,0.3858854874656059
21654558,"Je. Jedva čekamo da nas ti sa svojih 50 eura dođeš najest. Slavio si ti u Zagrebu, i na još nekim mjestima...teško da ćeš više ikad. ",0,608520,0.3851251712187054
21609812,Kaj je nina srpkinja?,0,607554,0.3847560402235842
21599804,Ko bu sad prednje felge povaril ko,0,607346,0.3838680280854439
21591216,mislim da grijesis....ona sa jajima cuda radi...,0,607115,0.3835428096621565
21611802,"Kranksvester tko ti drma kavez? Znači, seks je samo za klince. Ti, onda si ili klinac ili imaš zaista tužan život.",0,607482,0.3827742213928222
21650071,Nit ih vidiš nit ih čuješ a para nema,0,608432,0.3822328498277414
21661180,Mošmisliti @pa nije to sad neka rana kad te cvaknu..nemjerivq sa ranom od carskog,0,595149,0.3822281569004592
21590443,srami se...,0,607143,0.3821643242597606
21681731,Svrsit cu dok citam,0,608351,0.3816732743905725
21643094,Fuj. I tebi i svima koji su ti dali plus.,0,608263,0.3811348962563094
21652525,Koga ovi lažu?!,0,608529,0.37962932431188
21642587,radmanu i ti si smece bija i osta. necu nikad zaboraviti kako si zloporabija svoj status suca.,1,608282,0.3787006623690959
21604453,Ma da je pao pdv i na 0% nebi nama ni to bilo dobro.,0,607365,0.3785917378095783
21683725,Jel ovaj Saskin jos sa Nikom Fleis ?,0,609132,0.3785096314928895
21652578,kak je onda mamić zbrisal?,0,608407,0.3779573177967993
21622125,"Dobaq
r dan,Rubi nego što naletiće ona još podosta puta.",0,607593,0.3774570438177458
21656509,Bice nismo mi vozili to policija nama namjestila.,0,608581,0.3772454044421392
21622810,Jel to malinois na avataru?,0,607850,0.3763006172055877
21668410,Potjeh...a zasto ti lazes?,0,608766,0.3758780585820883
21655976,"nemojte pisati tko su oni!!!! pazite se, jer udruge NJIH vrebaju!!!!",0,608581,0.374862892651195
21596699,"Zeljko, ti si čovječe iskompeksiran SDP-om, hajde sjaši, nemam živaca sa tobom raspravljat, prošetaj!",0,607272,0.3740421663246926
21612406,idi se bre leči,0,607630,0.3739143986494278
21591613,"Ti se držiš očito one : "" tko bira, masturbira""",0,607143,0.3730416741147888
21617972,A što bi  sestra da je imao djece? Svatko sa svojom imovinom moźe što żeli,0,607656,0.372961753868617
21621238,Marin....jel ti to mislis na onog osudjenog dilera i narkomana?,0,607819,0.3725757184848983
21680215,"Jeste li vi ikada vidjeli pi.č.ku i sise.
Svašta",0,609057,0.3725324841211434
