id,content,label,article_id,score
21689621,Francuzi po običaju dosadni i kad loše igraju provuku se.Ni smrde nit mirišu.Zabili onaj gol bez veze na kraju prvog poluvremena i to ih je održalo.Realno Nijemci su ih trebali ranije slomiti po viđenom,0,609308,-1
21626160,Valjda se zna razlika između udvaranja i nepozvanog pipanja. Samo idiot to ne zna . Ili onaj koji je u biti običan nasilni krkan koji će se kad ga se uhvati opravdavati “nespretnošću”. ,0,607918,-1
21629229,Morao bi istuci zenu da bude posten rvat i katolik ,0,608027,-1
21639912,"Da li je moguce >>>>>> Otkad sam zapocela s mojim online poslovanjem, zaradim $ 23 svakih 15 minuta. Zvuci nevjerojatno, ali vam se nece oprostiti ako ga ne provjerite.

Saznajte više o tome ovdje ...... >>>>>> www.jobnet70.com",0,608100,-1
21643779,Poistovjećuješ Pernara kao ozbiljnog političara sa žutim tiskom... Znači ono... ,0,608342,-1
21652610,"Ne govorim ja nikome što da radi, ja samo iznosim svoje mišljenje da je ono što vi tvrdite besmisleno i kontradiktorno, na rubu vrijeđanja tuđe inteligencije. I tvojom logikom, ako ja nemam pravo iznositi mišljenje da je to hrpa gluposti, ni vi nemate pravo iznositi da Bog postoji, ali ja ne padam na vašu razini, vjeruj te u sto hoćete to je vaše pravo, isto ko što je moje pravo da kažem da je to hrpa gluposti.",0,608440,-1
21667765,"Dragi prijatelji, shvatimo: nema više starog Splita , Dubrovnika,  Zagreba......., nestali su 1945. kad su  ""komunisti"" preuzeli vlast., a poslije 1990. još je i intenzivirana ta dekadencija  prividom  demokracije, kad su se komunističko-udbaške strukture rasporedile po svim relevantnim strankama ( HDZ, SDP, HNS, HSS, HSLS, a  u novije vrijeme MOST,  Živi zid, Glas...).  Sustavno je poubijana  i na druge načine uništavana inteligencija,  tek neki su se spasili emigriranjem. No,  od kukanja    za ""dobrim starim vremenima"" , nema koristi. Umjesto toga , izađimo masovno na izbore i dajmo svoj glas humanističkoj građanskoj opciji ( U ime obitelji - projekt Domovina, Hrast). 
",0,608815,-1
21669930,"Taj Samoborček je užasno skup, 3x je skuplji od ZET-a !",0,608832,-1
21597366,"Aha, ti si ipak valjda muško. Dobro obraćatt ću ti se tako. F-16 Barak je Izraelski Avion za kojeg nam je garanciju davala država Izrael. Evo t kopija djela članka pa s drugarice, ovaj druže pročitaj ""Riječ je o 12 rabljenih borbenih zrakoplova F-16 C/D Barak starih 25 godina i hrvatske porezne obveznike će koštati oko 500 milijuna dolara. Istina, treba reći kako u ponudu ulazi i naoružanje, dva simulatora, borbena obuka pilota, te garancija da iza cijelog posla stoji država Izrael.""",0,607272,-1
21597987,"Da je ovako kako kaze izgubili bi jedno 70-80% pristasa i ovcica, a tako i utjecaj. Nadam se da ce tako biti u bliskoj buducnosti, predofilnoj, sektaskoj organizaciji treba stati na kraj.",0,607297,-1
21624970,"Pasto se onda javljas kad te niko nista nije pitao ?Da te sibam necu ,vec si ti dobro isibana i ne bih da se ponavljam.",0,607787,-1
21630248,kad bu onda papek Franjo razjuril kaptolski kler????,0,607997,-1
21633700,"octopuss... ja slušal i vele 40%... jako veliki postotak, uglavnom! Ukolko je takva stvar dogovor između supružnika, onda je to sasvim druga priča, ali iza leđa je podlo i pokvareno do bola, ALI, zaklela se zemlja raju da se tajne sve izdaju! ",0,607969,-1
21643030,"Eto što su srbi. Slave Kosovsku bitku a tada nisu ni postojali. Ubeđeni da će stvoriti veliku srbiju pa im srbija postade čak manja. Vučić politikom ubija srbina Olivera Ivanovića na Kosovu i time su htjeli nešto zamutiti. Ne ""uspeva"". im. Dodik politikom ubi Dragičevića. Oni su zločinačka tvorevina a ne r.s. Ta zločinačka tvorevina ""deli"" odlikovanja zločincima kada ne mogu ""deliti"" odlikovanja za stvaranje velike srbije. Ta odlikovanja su toliko ""vredna"" da se na njih ni pas ne bi popišao.",0,608275,-1
21645460,Samo jako nemoze svatko ni biti srpska marioneta,0,608363,-1
21657884,oneandonly_1: Moraš objasnit ovom gore štangi.,0,608619,-1
21800489,"Nekoliko stotina takvih psihopata i serijskih ubojica danas šeta Vukovarom i radi u institucijama ove privatne hadezetove korporacije zvane Hrvatistan. Mlađan je za njih amater, s obzirom na to kako su oni klali i sjekli.",0,611615,-1
21589115,"Hrvatskom narodu vođe samo moraju obećati bolji život i on im vjeruje, jer mu to govori katolička vjera koja je duboko u njega usađena! Međutim, postavlja se pitanje kako hrvatski narod bolje moža živjeti, kad na grbači nosi sve te parazite i manjamuktaše, koji ga iskorištavaju? Bolji život većine naroda nije ugraviran u kod kapitalizma!",0,607068,-1
21591364,"Tko je vise ukrao,Sanader,Vidosevic,Milanovic,Vrdoljak,Jakovina,Cacic,Todoric,Fiorentini,Horvatincic ili Mamic????",0,607150,-1
21593702,"
opomena: I tko je kriv?? ",0,607200,-1
21593741,Da je ovo pravna država ovaj bi bio u zatvoru Užas od države. ,0,607150,-1
21595187,nek oni zabrane sami sebe i svoje gluposti.....nek si u metkovicima kroje svoje gluposti....u ostatlu hrvatske su nepotrebni,0,607211,-1
21602088,"Carlie HEBDO je primjer istinske demokracije kroz satiru, nisam za tu vrstu sprdanja sa nečijim svetinjama (primjer karikatura alaha koje su dovele do terorizma) makar sam ateist ali načelno to je istinska sloboda a o kakvoj mi slobodi i demokraciji možemo ogovrit u zemlji poput naše u kojoj se REFERENDUMI brane/miniraju i to od strane vladajuće stranke koja u svom nazivu ima predznak DEMOKRATSKI-HDZ! NEvjerodostojno!",0,607389,-1
21602360,još sina vezi' #,0,607400,-1
21604730,"Taj tvoj cijeli normalan svijet koji ti je isprao mozak medijskom kampanjom od 1945.g izazvao je nebrojeno mnogo ratova i sukoba po čitavom svijetu u kojima je izravno ili neizravno stradalo 19 milijuna nevinih ljudi. A ti ratovi služili su tom tvom ""cijelom normalnom svijetu"" samo kao sredstvo otimačine prirodnih bogatstava slabijima pod izgovorom uvođenja demokracije i borbe protiv fašizma.",0,607315,-1
21605378,"Zapamtite da je Eu kapitalisticka tvorevina koju su smislili ultrabogatasi da se jos vise bogate, ona nije stvorena da prosjecan gradjanin dobro zivi vec da robuje i pridonosi jos vecem biogacenju tih pojedinaca. Prosjecni gradjani razvijenog zapada su robovi ispranog mozga koje od rodjenja preko skolovanja uce da bude bezuvjetni robovi svojem poslodavcu tj kapitalistu. Oni jedino sto znaju je biti dobar, vrijedan uspjesan radnik, specijalist u svojem poslu za sto dobiva mrvice dok ostalo bogatstvo ide njegovom gazdi koji se bogati na njegov racun. Tko to ne kuzi je mentalno ogranicen",0,607211,-1
21609575,"Prvo treba biti pošten čovjek a onda tek ministar,doktor,predsjednik ,poslovodja , saborski zastupnik,.... a ne kao ovaj i ostali u saboru",0,607588,-1
21623347,Nema toga vise nikad ni bratstva ni jedinstva odjebite ko tako misli,0,607866,-1
21625806,Drug Radin voli samo sebe i hrvatske kune.,0,607847,-1
21630932,"Mali je biznismen, u očima mu se vidi. Baš me zanimaju ti njegovi srpski partneri. Vjerojatno ih je puna srpska crna kronika.",0,608038,-1
21635000,"lumos, ti očito vidiš stvari onako kako želiš ... o svemu ovome što si naveo piše se kao i koliko o pernaru ... svakodnevno mnogi profiliraju kojekoga, pišu i govore o tisuću anomalija, sudjeluju u kojekakvim tv emisijama ... ne vidim da je pernar neka posebna meta ... a posebno ne vidim zašto bi se proglašavalo da odmah smatram da je pernar ""najveći krivac"" ako mislim da bi imao pametnijeg posla nego preporučivat što stavljati dojenčetu u izdojeno majčino mlijeko ...",0,608020,-1
21639435,"Ode Kosovo Dacicu i nastade Velika Albanija a uskoro ce otici Vojvodina i Sandzak,zbog tvog otrovnog jezika a Hrvatsku i C.Goru sa kojima nemas nista,ostavi na miru ljigo !!!",0,608226,-1
21643594,Ajmoo hdz hdz hdz samo glasajteeee,0,608296,-1
21644212,"Pernar je propali sutdent iako ko papucar Sincic, njihovi glasaci neodgovorni korisnici kredita i narkomancine koje zele legalizaciju droge, rusofili i islamisti.HDZ i MB ce cinit vecinsku vladu nakon sljedecih izbora.",0,608359,-1
21644420,"Ajd konačno nešto pametno i od ovih iz stranke ""Pametno"".",0,608359,-1
21644724,možeš li misliti da se jedna kvazi stranka tako naozve ...urnebesno...,0,608359,-1
21644909,"Pa njihov ministar je rekao da jedan pop, znači i molitva, vrijedi više od dvadeset liječnika, znači i od lijekova (pravih - ili nadrilječničkih ???)",0,608359,-1
21645155,"Ak niš drugo,Dalija je zgodna žena,bila bi bolja od nekih kurajbera...",0,608366,-1
21646753,@ grbavo drvo gospon :) primjecuje se da neznate  kome je svaki dan bajram :) Rspitaj te se. Za vas jos nije pronadjen ucinkovit  blesimetar . Smrc ;),0,608366,-1
21647117,I što je tu čudno? Pa Čović je 90-tih bio jedan od glasnijih Jugoslavena.,0,608388,-1
21647487,Sigurno će sje*ati ona krasna četiri crnogorična drveta na zapadnoj strani tog travnjaka. Unaprijed mi se bljuje.,0,608391,-1
21648260,"Hahahahahahahaaaa ne mogu vjerovati koliko je proziran ovaj progon ''vještica'' i da progonitelji zaista misle da će narod popušiti ove smrtno opasne savjete o dozama vitamina C  zbog kojih se može istrijebiti cijela civilizacija . Pa ljudi moji jeste li vi normalni , koji je vama hurac ?Zašto se toliko bojite Živog zida ?! A daaaa strah vas istine jel tako ?!",0,608350,-1
21648468,"Kaže meni jedan cijenjeni doktor, sin doktora i brat doktora (dakle, obitelj s pedigreom) nakon biopsije; imate rak gušterače, sutra će biti nalaz pripremite se, ujutro zove kaze non-hodking limfom je, to je pak bolje od raka gušterače- strpite se za nalaz, nakon pet dana; kontaktirao sam citologa, nije ni limfom, javim vam se nakon blagdana, nakon blagdana kaže: nije ništa opasno, vjerojatno nije tumor, a možda i je tumor, doktor koji Vas vodi je na skijanju, nazovite u petak. Jučer zove med. sestra dotičnog dr., pričao je s kirurzima, svratite na pregled. A ja i dalje nemam dijagnozu i ne znam što mi je, smiješno.  ",0,608350,-1
21648626,"Veliki  vi koji ovde trabunjate da placate porez ste najveci lazovi,a prvi ste u redu kod pucke kuhinje  za marendu.lp",0,608358,-1
21648909,"iiii:  jedno je odrzavati politicke kontakte a sasvim nesto drugo prisustvovati dodjeli odlicja osobama zasluznim za pogrom vlastitog naroda. npr. s. lisici kog je po zlu zapamtila posavina ali i sva mjesta oko doboja. prije nego odlucis biti nazocan nekom skupu ili proslavi valjda se procita protokol, covic se pokazao do zla boga ljigav i prevrtljiv. u mjestu karuse na uscu usore ovaj dicni ""pukovnik"" lisica ima i svoj spomenik nazvan ""groblje tenkova"" kao podsjetnik na posljednju vel. ofenzivu na usoru i tesanj.....",0,608388,-1
21648994,Pa sto ne objavis ime osobe koja te kontaktirala iz stranke 365 i vrbovala te.??,0,608403,-1
21650122,"Ma da..inace znas sto ti slijedi rastava 100 posto bezveze ,nitko nije protiv alimentacije moras se brinut al ne bas da ti skinu kozu s ledja",0,608418,-1
21651444,"Petogodisnji, preodgoj bi dobro dosao, ",0,608479,-1
21612888,"ajde mi reci kad se to u povijesti poznatog svijeta bolje živjelo nago danas,očemo redom od rođenja Krista očemo od progona i mučenja prvih krščana u 1 i 2 stolječu,očemo od stalnih vjerskih ratova i gladi,očemo od križarskih ratova,paljenja vještica ,kuge i mnogih groznih bolesti kad je prosječni ljudski život trajao 25 godina,očemo od stogodišnjeg rata,od francuske revolucije,prvog svjetskog rata,drugog svjetskog rata,holokausta,najezde serijskih ubojica 70ih i 80ih,na kraju domoviskog rata
zato ne seri i ne skupljaj jeftine lajkova na lažima",0,607450,-1
21588980,Caca se vraca,1,607096,-1
