id,content,label,article_id,score
21688798,Gluposti !,0,609201,-1
21620508,Jenbivjetri na vlasti nisu ništa kupovali 20 god i sad najednom treba 12kom F16!? Da su svake druge godine kupili po 1 danas bi ih imali 10!? A da ne računam ako bi kupili po dva ili jedan svake god. Na eskadrili bi nam zavidjeli i ameri!,0,607751,-1
21624785,"A jesi bedast, mogao si propovijedati i karindžati, kao i svi ostali....",0,607899,-1
21664843,Zato sto im netrebaju za drzanje vlasti ko kod nas hdzu i sdpu,0,608722,-1
21620009,"A i Hrvati su bjezali od njega.. jesam, zahvaljujuci drugu Titu.. istinskom heroju, samo nije odradio posao do kraja sa defasizacijom",0,607742,-1
21600192,Kaj bu od njega za koju godinu?? Ili probisvjet ili Daruvarac 2.,0,607323,-1
21611103,Rubigo ne😁 😂😂😂,0,607038,-1
21611212,Mašala Voltaire... Ne trpim ja nikog ko mi na put stane... Jbg žensko,0,607038,-1
21611530,"Haha, ili za dekoraciju ili to što kažeš, jedino što pravoslavci nemaju Advent.",0,607652,-1
21613334,"Izrađujem više od 7 tisuća dolara mjesečno radeći skraćeno radno vrijeme. Čula sam da mi drugi ljudi govore koliko novca mogu zaraditi na internetu, pa sam odlučio da ga pogledam. Počela sam raditi i potpuno promijenila svoj život.

ići====>>> www.WebJob33.Com",0,607642,-1
21627106,Prezime.... Bandicevci,0,607958,-1
21628734,Jeli obiteljsko nasilje vrhunac izvjestestavanja i dogadanja u Hrvatskoj?Moramo to malo vise pojacati da se sve ne svodi samo na obiteljske svade.Bit ce svega ubuduce ovdje u ovom malom raju.Drugacije nemoze.,0,608016,-1
21628774,"Hebiga, devet promasio pa tek desetim sam sebe pogodio.",0,607998,-1
21628869,"to neki novi drustveni trend, mlačenje žena..? uskoro ce se poceti na fejsu naslikavati s izmlačenim zenam.",0,608016,-1
21630602,Uzorni nego kak. Cigan do cigana + Jopa = Pitomača.,0,607996,-1
21630728,"Ad stjena 01 ili ti ga
 grotta
Tko s vragom tikve sadi o glavu mu se obijaju. ( narodna poslovica).",0,608012,-1
21631858,A te koje idu s umjetnim trepavicama na more valjda paze i ne moce glavu 🤔,0,607267,-1
21645547,"Nebi ga taknula daljinskim, kako je ruzan!!!!! Sta je bilo toj sirotoj djevojci da se zaljubila u ovakvog monstruma!? 🤮🤮🤮🤮 fujjjjjj",0,608365,-1
21645930,"Ajd ne laži i ne muljaj, već i vrapci znaju s čim se baviš !",0,608349,-1
21647594,Bit ce da je tako al gradani bi sad trebali stat uz nju,0,608384,-1
21649107,bula  užarena  atmosfera  i  toku  su  transferi  ...igrača  i  peneznjača... zbog  penez  došlo  do  usijanja  atmosfere  i  zapaljenja  sriropora  u  krovištu  i  unutar  prostorija...a  odma  dobro  dođe  za  poćistiti  ostatke  korupcje  i  ostalih  maverzacija  po  klubovima...,0,608411,-1
21649906,Kod nas ne smiješ braniti svoj privatni posjed...da ih je koknul morao bi robijati.,0,608441,-1
21650223,Hahaha Horvat...😂😂🤣,0,608441,-1
21652350,Tko je kriv sto ona sa 18 godina bula sa likom od 41 ?,0,608518,-1
21655572,obavezno oko kuće kamere u kući utoke...,0,608509,-1
21656687,"Sve su to kriminalci pod zastitom znacke i drzave.
Od njih sav kriminal i kece.",0,608563,-1
21657721,Ko te bippppp kad ti materijalno iznad svega,0,608563,-1
21659969,"voli i tebi hrvat, živilo bratstvo i jednistvo, pusaaaaaaaaaaa",0,608682,-1
21660775,Jovan@ pojest ce te mrznja uznutra i van tijela🙄,0,608682,-1
21672576,"Opet ovi o smrdiji ,užasno !",0,608877,-1
21591122,Stari neiživljeni bedaci. A možda i teroristi kojima je grunulo prije vremena.,0,607144,-1
21591434,baš,0,607106,-1
21592024,Ovaj njen izgleda ko da je pojeo cesalj pa se zaglavio u ustima😀,0,607106,-1
21594618,"Pametno , čekali da ostari pa ga uhitili , ajde ti hvataj 25 godišnjeg mafiozu..",0,607213,-1
21595919,Ne znam koga zanimaju ove vjesti u Hrvatskoj !!!!!!,0,607218,-1
21596086,Ne samo migracija nego  suchen privilegierte CDU CSU SPD GRÜNE i njihovo vodstvo na celu sa babetinom Merkel,0,589150,-1
21596166,"stari mudrac@ Sve sto u Hrvatskoj ne vrijedi od korupcije do nepotizma (uhljebljivanja) po stranackoj osnovi, ima korijene u komunistickoj Hrvatskoj. Neces mi valjda reci da tamo (SFRJ-SRH) da bi tamo dobio bolje radno mjesto, stan, stambeni kredit,,,,,, pa cak i upis na fakultet i malo bolji tretman u bolnici nisi trebao imati partijske veze ili nekoga podmicivati? I da onda nije bilo sirotinje? Dokaz tome je gdje bolji da su ti Hrvatine po profesiji i tajkuni niknuli i zanat ispekli bas dok im se stranka zvala Savez Komunista Hrvatske.",0,607210,-1
21596258,Židov šta češ očekivat od tih prevaranata.,0,607249,-1
21596337,"Procitaj tamo drugi clanak iz njemacke, kako je njemac RUSKOG PODRIJETLA izboo napravio to i to i zapitaj se zasto ovde toga nema",0,607221,-1
21596843,još dugo vrimena će migovi probijat zvučni zid iznad slavonije...,0,607272,-1
21597207,piši na hratskom u hrvatskoj!,0,607272,-1
21597620,"Georg_2,a Biserka? Pa keramičarka, pa udomiteljica kerova, pa navijačica iz svlačionica, pa...... Ma ima štofa koliko hoćeš samo mi se ne da pisati.
Ajde desničari idemo, udri po  minusima.",0,607272,-1
21598003,Eto on upute dijeli dok se skriva iz zlata i vatikanskih banaka. Bas imate koga slusat i kome se divit. Masoncina.,0,607297,-1
21598004,"Što veći fuflavac, više je na kadrovskoj listi HDZa nakon Sanadera Onog Bačića ni Bog ne razumije. A Karamarko je trbuhozborac i još nastavnik ( opet bez staža u struci).",0,607272,-1
21598303,pokvaren i lud svijet prema tebi nije zasluga kršćana... hmmm. baš suprotno,0,607297,-1
21599514,Mogao bi ih Tramp i uzorat !!,0,607335,-1
21600445,"Sa tim ""krntijama""Izraelci gospodare nebom na bliskom itoku!",0,607272,-1
21602175,"Kako  je taticarska sekta uzrujana !!! Pa napavite Referendum "" Dalmatinci van iz reprezentacije"", ovako samo licemjerno lupate gluposti !!! Uupssss... i Livakovic je Dalmatinac, i Vrsaljko, I Perisic......",0,607351,-1
21603404,"Kod nas bi se da je to ucinio branio sa slobode i cekao nekih 37godina da mu pocne sudjenje,a ako ima clansku iskaznicu hdz-a onda bi doslo do kompletna SINKOPE od sudova pa nadalje i bio bi slobodan covjek.",0,607421,-1
21604541,"Iz plemena ""smrdljiva čarapa""",0,607475,-1
