id,content,label,article_id,score
21610356,e svaka ti cast,0,607614,0.4142388918937967
21668262,"Potplatio Maminjo ove iz Wigana , drugo ne može biti.",0,608826,0.4132285370294618
21631175,"nebitan, šeći...",0,596193,0.4101018364980935
21659317,Pa od srca. Infarkt je imo.,0,608680,0.4095624160672677
21625901,a što fali kokošarima??,0,607881,0.4089809310905212
21681451,A ceskanje ..uhu ,0,608351,0.4089614844518743
21637534,Maarly@ U pravu si.. i meni se tako čini...,0,608104,0.4089451190918727
21622548,@vilo je,0,607800,0.4008664202383932
21630862,Bio je hdzovac sad je sdpovac..u čemu je uopće razlika??,0,608027,0.4000052690088914
21611142,"Jeste,i jeli ti se kava svidila ?",0,607631,0.3971632994336263
21623456,a dadi oploditelj?,0,607701,0.3967130960710797
21651157,Pa komšić je ovo zakuhao,0,608445,0.3932974541924152
21660487,"@voziMiško: U čemu je problem. Pa nije ovo Bejrut , i nije UZV egzotičan predmet. Apsolutno bi svatko trebao biti kardiološki pregledan, a to obuhvaća i djecu. Nekakav sistematski pregled bi trebao obuhvaćati i kardiološku obradu,i to bi trebalo biti apsolutno najnormalnija stvar. To što smo mi siromašno, odnosno pokradeno društvo, je drugi problem.",0,608680,0.3923949788464063
21599785,Ti lupetaš ka i Papa. ,1,607297,0.3902364565295299
21597501,Bitno da su slobodni,0,607285,0.3879712786354362
21685271,Sad imamo S-300.... :),0,609023,0.3877646077042684
21626490,E neka si se ti nama pojadao.,0,607922,0.3872870008905907
21650034,moze se i udisati,0,608440,0.383834409412119
21638388,"@čoviksjuga
Ti si ih puno nabrojao, zato sam ironično napisala da je najbolje da Liverpool proda sve igrače!
Do skoro nitko nije imao dobro mišljenje o Deji! Samo ga se u zadnje vrijeme hvali, a ti sad nešto spominješ da više nije dobar u nečemu u čemu je bio dobar?!? Jednom pljujete po nekom našem igraču, onda ga uzdižete u visine, nitko bolji od njega, a već sutra ga opet pljujete, nema goreg od njega! Ja zaista takve kao ti ne mogu shvatiti!",0,608094,0.382496106996987
21649942,kolika im je ta ustedjevina onda?,0,608307,0.3803580082478405
21643714,Se ukenjo?,0,608335,0.3798958219793117
21604212,voli  brk hehe ,0,607416,0.3791391404554844
21644665,Hdz je ponosan covica,0,608363,0.3790814109971919
21670025,Naporni ste sa Srbima,0,608816,0.3789555997860708
21656372,...i da nisi derpe,0,608310,0.378604451974088
21627846,"guistizia, kak ste, zašto ste bijesna?",0,607965,0.3781572766736133
21684799,Jel se Komšić oglasio?,0,609130,0.3777603443381601
21608931,Zar ti doktori jos rade...,0,607332,0.3776212228578125
21682033,Ja već nekoliko puta napisao 24časa.rs i svaki puta dobio žuti :D,1,609113,0.3764074433069431
21632635,i jos mi sjekira ne zvuci kao tupi predmet..,0,608049,0.3749285299092103
21686519,To su posla suncokreta,0,609130,0.3743133837293919
21598432,ti si debakl,0,607309,0.3742409433685134
21641291,ide im bežanje,0,608262,0.3734175367957323
21649077,Ma pusti sdrpovce. To je jedno što još mogu.,0,608366,0.373242417558278
21604169,Lijepo neka. ,0,607447,0.3726728691213725
21647531,ko o čemu...,0,608358,0.3722587883862934
21683023,fali njemu malo vise od ''kao'',0,609103,0.3722280099336251
21611345,"mr_juzbasic@ Mene samo čudi kako se Ti održavaš, zarTi nije preveliki rizik živjeti ovdje ili je ustaška kuna ipak opravdanje za sve?",0,607614,0.3715561525543563
21629481,"poštenjak1@ -----Rezultat njihovog rada od onda do danas je da u Slovačkoj pogone imaju Jaguar Land Rover, VW, Peugeot, Citroën i Hyundai,,,,,,Sva je prilika da a dolaze i Mercedes i Subaru,,,,. Polaris, Domino Machine,, dolaze sigurno. U Slovačkoj imaju pogone i druge velike strane tvornice poput Samsunga, US Steel, Sony, Whirlpool.......U Slovačkoj naravno da ima i široj javnosti i manje poznatih domačih i stranih firmi koji normalno rade i ljudima plače isplacuju. Plača tvorničkih radnika sss otprilike; domace firme i SAMSUNG 700-900 eura, KIA 900 -1100, VW - 1100 do 1300,,,,,itd,,Plače redovite, cijene negdje tu ko i u Hrvatskoj,,,, Sad pitanje za tebe. 24 godine su prošle od kraja Domovinskog Rata. 21 stolječe je počelo prije 18 godina i 7 dana. Tko ili što je spriječilo hrvatske vlade da ili u 24 g ili u 18 i 7 dana naprave ono što su slovačke vlade napravile od 1998?",0,608002,0.3708593025968126
21655667,zrtveno janje..,0,608577,0.3707606405841274
21618297,Pih.. nula bodova,1,607772,0.3707567797085601
21681295,Moze malo i jezik ukljucit.....,0,608351,0.3707158476434034
21595412,Zato i je manekenka,0,607185,0.3698862341483288
21633867,Volio bi vidjeti komentar od pesoljubca.,0,607994,0.369858888157778
21677514,kako je lepo biti glup ,0,608930,0.3696914331502814
21670837,Pa jeste li vas dvije ikad u stvarnosti vidjele kravu?,0,608476,0.3695540423336681
21615668,Dobro si to reklat😉,0,607569,0.3690861597670201
21633423,A kako pa lopovi naravno,0,607873,0.3688696466718618
21673391,oni su kauboji ko i ja render,0,608892,0.3688161790700957
21616619,Pa o tome i pricam....,0,607671,0.3686225599199876
