id,content,label,article_id,score
21689621,Francuzi po običaju dosadni i kad loše igraju provuku se.Ni smrde nit mirišu.Zabili onaj gol bez veze na kraju prvog poluvremena i to ih je održalo.Realno Nijemci su ih trebali ranije slomiti po viđenom,0,609308,-1.0
21645155,"Ak niš drugo,Dalija je zgodna žena,bila bi bolja od nekih kurajbera...",0,608366,-1.0
21623347,Nema toga vise nikad ni bratstva ni jedinstva odjebite ko tako misli,0,607866,-1.0
21625806,Drug Radin voli samo sebe i hrvatske kune.,0,607847,-1.0
21630932,"Mali je biznismen, u očima mu se vidi. Baš me zanimaju ti njegovi srpski partneri. Vjerojatno ih je puna srpska crna kronika.",0,608038,-1.0
21635000,"lumos, ti očito vidiš stvari onako kako želiš ... o svemu ovome što si naveo piše se kao i koliko o pernaru ... svakodnevno mnogi profiliraju kojekoga, pišu i govore o tisuću anomalija, sudjeluju u kojekakvim tv emisijama ... ne vidim da je pernar neka posebna meta ... a posebno ne vidim zašto bi se proglašavalo da odmah smatram da je pernar ""najveći krivac"" ako mislim da bi imao pametnijeg posla nego preporučivat što stavljati dojenčetu u izdojeno majčino mlijeko ...",0,608020,-1.0
21639435,"Ode Kosovo Dacicu i nastade Velika Albanija a uskoro ce otici Vojvodina i Sandzak,zbog tvog otrovnog jezika a Hrvatsku i C.Goru sa kojima nemas nista,ostavi na miru ljigo !!!",0,608226,-1.0
21643594,Ajmoo hdz hdz hdz samo glasajteeee,0,608296,-1.0
21644212,"Pernar je propali sutdent iako ko papucar Sincic, njihovi glasaci neodgovorni korisnici kredita i narkomancine koje zele legalizaciju droge, rusofili i islamisti.HDZ i MB ce cinit vecinsku vladu nakon sljedecih izbora.",0,608359,-1.0
21644420,"Ajd konačno nešto pametno i od ovih iz stranke ""Pametno"".",0,608359,-1.0
21644724,možeš li misliti da se jedna kvazi stranka tako naozve ...urnebesno...,0,608359,-1.0
21644909,"Pa njihov ministar je rekao da jedan pop, znači i molitva, vrijedi više od dvadeset liječnika, znači i od lijekova (pravih - ili nadrilječničkih ???)",0,608359,-1.0
21646753,@ grbavo drvo gospon :) primjecuje se da neznate  kome je svaki dan bajram :) Rspitaj te se. Za vas jos nije pronadjen ucinkovit  blesimetar . Smrc ;),0,608366,-1.0
21626160,Valjda se zna razlika između udvaranja i nepozvanog pipanja. Samo idiot to ne zna . Ili onaj koji je u biti običan nasilni krkan koji će se kad ga se uhvati opravdavati “nespretnošću”. ,0,607918,-1.0
21647117,I što je tu čudno? Pa Čović je 90-tih bio jedan od glasnijih Jugoslavena.,0,608388,-1.0
21647487,Sigurno će sje*ati ona krasna četiri crnogorična drveta na zapadnoj strani tog travnjaka. Unaprijed mi se bljuje.,0,608391,-1.0
21648260,"Hahahahahahahaaaa ne mogu vjerovati koliko je proziran ovaj progon ''vještica'' i da progonitelji zaista misle da će narod popušiti ove smrtno opasne savjete o dozama vitamina C  zbog kojih se može istrijebiti cijela civilizacija . Pa ljudi moji jeste li vi normalni , koji je vama hurac ?Zašto se toliko bojite Živog zida ?! A daaaa strah vas istine jel tako ?!",0,608350,-1.0
21648468,"Kaže meni jedan cijenjeni doktor, sin doktora i brat doktora (dakle, obitelj s pedigreom) nakon biopsije; imate rak gušterače, sutra će biti nalaz pripremite se, ujutro zove kaze non-hodking limfom je, to je pak bolje od raka gušterače- strpite se za nalaz, nakon pet dana; kontaktirao sam citologa, nije ni limfom, javim vam se nakon blagdana, nakon blagdana kaže: nije ništa opasno, vjerojatno nije tumor, a možda i je tumor, doktor koji Vas vodi je na skijanju, nazovite u petak. Jučer zove med. sestra dotičnog dr., pričao je s kirurzima, svratite na pregled. A ja i dalje nemam dijagnozu i ne znam što mi je, smiješno.  ",0,608350,-1.0
21648626,"Veliki  vi koji ovde trabunjate da placate porez ste najveci lazovi,a prvi ste u redu kod pucke kuhinje  za marendu.lp",0,608358,-1.0
21648909,"iiii:  jedno je odrzavati politicke kontakte a sasvim nesto drugo prisustvovati dodjeli odlicja osobama zasluznim za pogrom vlastitog naroda. npr. s. lisici kog je po zlu zapamtila posavina ali i sva mjesta oko doboja. prije nego odlucis biti nazocan nekom skupu ili proslavi valjda se procita protokol, covic se pokazao do zla boga ljigav i prevrtljiv. u mjestu karuse na uscu usore ovaj dicni ""pukovnik"" lisica ima i svoj spomenik nazvan ""groblje tenkova"" kao podsjetnik na posljednju vel. ofenzivu na usoru i tesanj.....",0,608388,-1.0
21648994,Pa sto ne objavis ime osobe koja te kontaktirala iz stranke 365 i vrbovala te.??,0,608403,-1.0
21650122,"Ma da..inace znas sto ti slijedi rastava 100 posto bezveze ,nitko nije protiv alimentacije moras se brinut al ne bas da ti skinu kozu s ledja",0,608418,-1.0
21651444,"Petogodisnji, preodgoj bi dobro dosao, ",0,608479,-1.0
21612888,"ajde mi reci kad se to u povijesti poznatog svijeta bolje živjelo nago danas,očemo redom od rođenja Krista očemo od progona i mučenja prvih krščana u 1 i 2 stolječu,očemo od stalnih vjerskih ratova i gladi,očemo od križarskih ratova,paljenja vještica ,kuge i mnogih groznih bolesti kad je prosječni ljudski život trajao 25 godina,očemo od stogodišnjeg rata,od francuske revolucije,prvog svjetskog rata,drugog svjetskog rata,holokausta,najezde serijskih ubojica 70ih i 80ih,na kraju domoviskog rata
zato ne seri i ne skupljaj jeftine lajkova na lažima",0,607450,-1.0
21609575,"Prvo treba biti pošten čovjek a onda tek ministar,doktor,predsjednik ,poslovodja , saborski zastupnik,.... a ne kao ovaj i ostali u saboru",0,607588,-1.0
21605378,"Zapamtite da je Eu kapitalisticka tvorevina koju su smislili ultrabogatasi da se jos vise bogate, ona nije stvorena da prosjecan gradjanin dobro zivi vec da robuje i pridonosi jos vecem biogacenju tih pojedinaca. Prosjecni gradjani razvijenog zapada su robovi ispranog mozga koje od rodjenja preko skolovanja uce da bude bezuvjetni robovi svojem poslodavcu tj kapitalistu. Oni jedino sto znaju je biti dobar, vrijedan uspjesan radnik, specijalist u svojem poslu za sto dobiva mrvice dok ostalo bogatstvo ide njegovom gazdi koji se bogati na njegov racun. Tko to ne kuzi je mentalno ogranicen",0,607211,-1.0
21604730,"Taj tvoj cijeli normalan svijet koji ti je isprao mozak medijskom kampanjom od 1945.g izazvao je nebrojeno mnogo ratova i sukoba po čitavom svijetu u kojima je izravno ili neizravno stradalo 19 milijuna nevinih ljudi. A ti ratovi služili su tom tvom ""cijelom normalnom svijetu"" samo kao sredstvo otimačine prirodnih bogatstava slabijima pod izgovorom uvođenja demokracije i borbe protiv fašizma.",0,607315,-1.0
21602360,još sina vezi' #,0,607400,-1.0
21629229,Morao bi istuci zenu da bude posten rvat i katolik ,0,608027,-1.0
21639912,"Da li je moguce >>>>>> Otkad sam zapocela s mojim online poslovanjem, zaradim $ 23 svakih 15 minuta. Zvuci nevjerojatno, ali vam se nece oprostiti ako ga ne provjerite.

Saznajte više o tome ovdje ...... >>>>>> www.jobnet70.com",0,608100,-1.0
21643779,Poistovjećuješ Pernara kao ozbiljnog političara sa žutim tiskom... Znači ono... ,0,608342,-1.0
21652610,"Ne govorim ja nikome što da radi, ja samo iznosim svoje mišljenje da je ono što vi tvrdite besmisleno i kontradiktorno, na rubu vrijeđanja tuđe inteligencije. I tvojom logikom, ako ja nemam pravo iznositi mišljenje da je to hrpa gluposti, ni vi nemate pravo iznositi da Bog postoji, ali ja ne padam na vašu razini, vjeruj te u sto hoćete to je vaše pravo, isto ko što je moje pravo da kažem da je to hrpa gluposti.",0,608440,-1.0
21667765,"Dragi prijatelji, shvatimo: nema više starog Splita , Dubrovnika,  Zagreba......., nestali su 1945. kad su  ""komunisti"" preuzeli vlast., a poslije 1990. još je i intenzivirana ta dekadencija  prividom  demokracije, kad su se komunističko-udbaške strukture rasporedile po svim relevantnim strankama ( HDZ, SDP, HNS, HSS, HSLS, a  u novije vrijeme MOST,  Živi zid, Glas...).  Sustavno je poubijana  i na druge načine uništavana inteligencija,  tek neki su se spasili emigriranjem. No,  od kukanja    za ""dobrim starim vremenima"" , nema koristi. Umjesto toga , izađimo masovno na izbore i dajmo svoj glas humanističkoj građanskoj opciji ( U ime obitelji - projekt Domovina, Hrast). 
",0,608815,-1.0
21669930,"Taj Samoborček je užasno skup, 3x je skuplji od ZET-a !",0,608832,-1.0
21597366,"Aha, ti si ipak valjda muško. Dobro obraćatt ću ti se tako. F-16 Barak je Izraelski Avion za kojeg nam je garanciju davala država Izrael. Evo t kopija djela članka pa s drugarice, ovaj druže pročitaj ""Riječ je o 12 rabljenih borbenih zrakoplova F-16 C/D Barak starih 25 godina i hrvatske porezne obveznike će koštati oko 500 milijuna dolara. Istina, treba reći kako u ponudu ulazi i naoružanje, dva simulatora, borbena obuka pilota, te garancija da iza cijelog posla stoji država Izrael.""",0,607272,-1.0
21597987,"Da je ovako kako kaze izgubili bi jedno 70-80% pristasa i ovcica, a tako i utjecaj. Nadam se da ce tako biti u bliskoj buducnosti, predofilnoj, sektaskoj organizaciji treba stati na kraj.",0,607297,-1.0
21624970,"Pasto se onda javljas kad te niko nista nije pitao ?Da te sibam necu ,vec si ti dobro isibana i ne bih da se ponavljam.",0,607787,-1.0
21630248,kad bu onda papek Franjo razjuril kaptolski kler????,0,607997,-1.0
21633700,"octopuss... ja slušal i vele 40%... jako veliki postotak, uglavnom! Ukolko je takva stvar dogovor između supružnika, onda je to sasvim druga priča, ali iza leđa je podlo i pokvareno do bola, ALI, zaklela se zemlja raju da se tajne sve izdaju! ",0,607969,-1.0
21643030,"Eto što su srbi. Slave Kosovsku bitku a tada nisu ni postojali. Ubeđeni da će stvoriti veliku srbiju pa im srbija postade čak manja. Vučić politikom ubija srbina Olivera Ivanovića na Kosovu i time su htjeli nešto zamutiti. Ne ""uspeva"". im. Dodik politikom ubi Dragičevića. Oni su zločinačka tvorevina a ne r.s. Ta zločinačka tvorevina ""deli"" odlikovanja zločincima kada ne mogu ""deliti"" odlikovanja za stvaranje velike srbije. Ta odlikovanja su toliko ""vredna"" da se na njih ni pas ne bi popišao.",0,608275,-1.0
21645460,Samo jako nemoze svatko ni biti srpska marioneta,0,608363,-1.0
21657884,oneandonly_1: Moraš objasnit ovom gore štangi.,0,608619,-1.0
21800489,"Nekoliko stotina takvih psihopata i serijskih ubojica danas šeta Vukovarom i radi u institucijama ove privatne hadezetove korporacije zvane Hrvatistan. Mlađan je za njih amater, s obzirom na to kako su oni klali i sjekli.",0,611615,-1.0
21589115,"Hrvatskom narodu vođe samo moraju obećati bolji život i on im vjeruje, jer mu to govori katolička vjera koja je duboko u njega usađena! Međutim, postavlja se pitanje kako hrvatski narod bolje moža živjeti, kad na grbači nosi sve te parazite i manjamuktaše, koji ga iskorištavaju? Bolji život većine naroda nije ugraviran u kod kapitalizma!",0,607068,-1.0
21591364,"Tko je vise ukrao,Sanader,Vidosevic,Milanovic,Vrdoljak,Jakovina,Cacic,Todoric,Fiorentini,Horvatincic ili Mamic????",0,607150,-1.0
21593702,"
opomena: I tko je kriv?? ",0,607200,-1.0
21593741,Da je ovo pravna država ovaj bi bio u zatvoru Užas od države. ,0,607150,-1.0
21595187,nek oni zabrane sami sebe i svoje gluposti.....nek si u metkovicima kroje svoje gluposti....u ostatlu hrvatske su nepotrebni,0,607211,-1.0
21602088,"Carlie HEBDO je primjer istinske demokracije kroz satiru, nisam za tu vrstu sprdanja sa nečijim svetinjama (primjer karikatura alaha koje su dovele do terorizma) makar sam ateist ali načelno to je istinska sloboda a o kakvoj mi slobodi i demokraciji možemo ogovrit u zemlji poput naše u kojoj se REFERENDUMI brane/miniraju i to od strane vladajuće stranke koja u svom nazivu ima predznak DEMOKRATSKI-HDZ! NEvjerodostojno!",0,607389,-1.0
21588980,Caca se vraca,1,607096,-1.0
21626297,A ti zivis u?,0,607929,0.4133728766304569
21606587,Mi u HDZu mrzimo lopove,0,607436,0.4031904794266613
21637513,ok  no probemo,0,608059,0.393278243770475
21601349,sad znamo tko je suvozač,0,607346,0.3887766706497555
21623939,O da...lupaju 'ko mahniti..,0,607866,0.3861941767355843
21654539,Ne bi me čudilo,0,608556,0.3856239233177346
21635091,"nikolce,ja se cudim tebi",0,608038,0.3786083630219875
21662650,Daj malo... 😂😂😜,0,608212,0.3768265149628321
21590993,Sretno Jano!,0,607143,0.3762410098047755
21623995,"Tebe nitko ne ""svata""",0,607866,0.3757209102450349
21662088,"Zanimljivo,al svi u grupi su extra ruzni.Al zato mjuza ok",0,608740,0.3739985503772871
21627979,na temelju cega bi im ti dao vece penzije,0,607873,0.3732566728247612
21598637,"XxxxX0049:@ Vlastita valuta je ok ako imaš rast proizvodnje i izvoz u treće zemlje, pa kontroliranjem te valute utječeš na cijenu svoje robe. U RH 80% repromaterijala je uvoz/unos izvana i ovo malo proizvodnje ovisi o euru. Izvoz (uglavnom) usluga je striktno vezan uz Euro. HNB je vezala kunu uz Euro, svi mi imamo zalihe u Eurima, sve iole vrednije od voća i povrća na placu se oglašava i prodaje u Euru...Gdje je tu ikakva samostalnost kune?  ",0,607184,0.3729824793993311
21593915,Sramiti se svojih tetovaza??,0,607101,0.3718992973195989
21643897,Ja sam tamo rodjena😁,0,607556,0.3696308855790089
21602219,kažeš baraba ha,0,607317,0.3690697204051711
21626987,"A ja tebe, tico, dok si jaje bio... 😉",0,607707,0.3688497046040509
21663675,sta ce žabar,0,608691,0.3688021936539739
21654459,Nemoj vrijeđati Čingaćeve čevape 😉😋,0,608479,0.3663539627173693
21631866,Opet bedastoće pišu. ,0,607591,0.3660287167209874
21637857,user_111811:hvala,0,607420,0.3656080668934059
21684432,Stavit cemo klauskog ,0,609179,0.3654122242931583
21605843,Roy zezam te😛,0,607234,0.3652973189684939
21644015,"šta je tebi dijete krivo,jer zato što je većina!",0,608296,0.3650990226905099
21646841,Zeljkopz... citas li ti ovo?,0,608388,0.3647756943835876
21640041,"Gara maštao bi on,a mašta radi svašta.",0,607721,0.3645061628813126
21671595,Onakvu kakvu ti trošiš...,0,608877,0.3642186147110633
21623196,"Ok, jel se sad i ti malo zezaš?",0,607819,0.3632877869766517
21606516,tko tebe pita?,0,607511,0.3627514082924194
21650197,Jadan je onaj tko tebi da svoj glas. ,0,608458,0.3627023639070784
21651652,Jel ko kuzi ovaj vic,0,608424,0.361760430751515
21601991,Sretan si dok si živ...,0,607225,0.3613883756612979
21589918,"Ha, tko ti kriv kad radiš u istoj firmi kao suprug.",0,607119,0.3613213473553549
21640660,Ajme i ja san slaba na njih 😊,0,608218,0.3608912375916458
21672619,Di trosis svu tu pamet?,0,608890,0.3601781872027452
21596027,Mi hrvati! ,0,607221,0.3583770277278331
21723481,a jesi uporan,0,609953,0.3575127198617477
21656668,..ove će tebe satrat vare...;-))))...,0,608265,0.3560089503498616
21638914,"Kebin sine, zabrini se......",0,608211,0.3559283681415142
21589017,"Hoce, hoce, pocelo je, klupko nizbrdo, samo da nam je cia dobra!",0,607100,0.3554714985927852
21595422,Srbi ti taslačili kevu,1,607217,0.3552227127250692
21627605,Mrš i ja,1,607965,0.35519208035481
21594612,Nisam kreten,0,607194,0.3545309079402476
21594821,Haha.ja bih takvog ☺,0,607180,0.3544524031611888
21610019,Naso se nas postenjacina nesto reci.,0,607560,0.353908318413387
21624824,možda su falše ka i moje,0,607892,0.353735444039018
21619927,I mislila sam...,0,607707,0.35366180634454
21636555,Sretan ti bozic ,0,608152,0.3528254523186964
21612809,Svi to radimo hehe,0,607593,0.3528044724851522
21634084,cat mene pitaš ?,0,607591,0.3521779495053008
21605383,"Mislio sam na znak da je 67 godina prekasno za ići u mirovinu -_-  
Općenito...",0,607359,0.001554541173391
21623346,"rajski nije nabrijavajuće, pakleni je daleko bolje",0,607791,0.0015054953983053
21622963,Taj pasji skot mora sve pokvariti.,1,607850,0.0014421790838241
21605262,Svi ovi što govore da je plastična kad bi vidjeli uživo tu plastiku bi im ko u crtićima usta do poda ispale,0,607477,0.0013916057068854
21620673,Nakazni?,0,607802,0.0012000704882666
21648796,Blago mu se...,0,608367,0.0011515259975567
21658489,"Za cijeli svoj život ja nikada nisam vidio ništa što je radio bilo tako brzo, kao da je čarolija dr. Агбазары. Nakon kontakta s dr. Агбазарой sam počeo vjerovati u prièe da svaki novčić ima dvije strane. Kad je moj ljubavnik me napustio, ona se zakleo da nikada se ne vrate ko mi opet, ali, hvala Bogu, da uz pomoć Dr. Agbazara od mene moj ljubavnik natrag k meni u roku od 48 sati, i želim da i drugi ljudi, koji su slomljena srca, da se povežu s dr. Agbazara kroz te detalje ispod putem e-maila: ( agbazara@gmail.com ) ili preko WhatsApp na +2348104102662, onda možete vidjeti čudesa dr. Agbazara.,/",1,608594,0.0009796062950044
21655659,Eto..,0,608520,0.000967533502262
21647979,"Štefek , sretno...ovo ti je ko sedmica na lotu ...čuvaj je,lijepa žena ali ako je imala kamerunca već si u startu u problemu jer te lik vjerojatno šiša za pola staze...me razmeš kaj sam štel reći ",0,608367,0.0008429770823568
21650878,"Ava Karabatic isto je slatka.... Gdje su rezultati, predsjednice? Ispunjena obećanja? “Mala Švicarska”?",0,608439,0.0008077549864538
21672071,nisam te ništ pitao đubretino,1,608818,0.0008039479725994
21590386,Cestitkee!🤱🤱👼👼❤️🍾,0,607143,0.0008005741983652
21674115,Da bas izmisljam. Daj mail pa se uvjeri ili broj moba,0,608878,0.0007890501874499
21658112,MALA ŠVICARSKA,0,608439,0.0007773872930556
21623477,Danasnji NBA je postao natjecanje u tricama. Harden opet 17 kom ispucao...najbolje da onda je umjesto utakmica natjecanje u tricama. GSW svaka utkamica 130+poena (i protivnici također ),0,607803,0.0006926880450919
21615764,Otac od oskara neven ciganovic,1,607730,0.0006909355870448
21608001,"F@anki, zato sto ujutro pospravljajo a navecer traziju😂😂😂",0,607385,0.0006710292655043
21602603,Bježe od provalnika kao vrag od tamjana. Sunce ti žarko pa što imaju u glavama ti koji prihvaćaju beljaka za predsjednika? ,0,607398,0.0006562416674569
21608377,treba gripu izlezati dobro vitamin c čaja ako temeperatura ne pada onda treba otići liječniku,0,607543,0.0006410405621863
21620194,Budes vidio sta.,1,607805,0.0006341307307593
21591299,"puno toga nema više, heheh ... u vrijeme kad se igrao šah na haubi nije bila rijetkost da i u poduzeću ne radiš 8 sati ništa a dobiješ plaću :) ...",0,607148,0.0005904695135541
21643965,"A što reći, osim šteta. 
",0,608317,0.000588669674471
21601929,"Kakvo ""rasterecenje""?Pa vi ste unistili svaku firmu u Hr i doveli na rub bankrota.Mi NEMAMO gospodarstvo radi vas i vasih lopovskih i pohlepnih zakona i administracije!Samo lazete cim zinete.Lazovi!",0,607382,0.000587589747738
21674309,Više volim lizat macku nego sise. ,0,608517,0.0005831595044583
21590255,"""Obožavatelji"" režite vene ovi se pukli",0,607115,0.0005707588861696
21639783,....i to za kaznu...,0,608183,0.0005683109629899
21626805,Koji si ti jazavac. Izgleda da ti je real opasne komplekse nabio pa cisti penal nije sviran jucer. Vec je bilo par gresaka na stetu reala ove sezone a opet se nade kreten koji prica o sucima. Pametnom dosta.,0,607912,0.0005562540609389
21604888,"Dodik podrzava HRHB i peljeski most,te sprijecava islamizaciju BIH, vise nego dovoljno za moju podrsku, mi smo ratovali protiv islamista a ne Srba.",0,607476,0.0005545033491216
21644163,Pa probao je,0,608259,0.0005355454632081
21634230,A bome je i dobra nevezano za posao :),0,608022,0.0005006787832826
21691787,"Zanimljiv ""afekt"" trave :) Sortiranje misli :) Onda bi svakom u drzavnoj upravi trebalo dati jedan joint da se malo ""sortiraju"" da ne cekamo u redu pre dugo :)",1,608961,0.0004831962869502
21635007,Neka ti je sa srećom s atraktivnom.,0,608105,0.0004792621766682
21623882,Niš posebno.,0,607892,0.0004778294824063
21597179,Ja ne radim nista... Zavrsio 2 fakulteta,1,607285,0.0004767269128933
21624980,"Treba im dati više, troduplo od svih drugih skijališta, ima se može se",0,607895,0.0004722682060673
21608547,Gospodin koji je u svojim 20-tim krao autoradija nekoga drugoga naziva moralnom nakazom. Lud zbunjen normalan,0,607540,0.0004685398889705
21637524,"Sin joj se ubio jer ga je ženska prevarila, tj.ostavila",0,607911,0.0004632252966985
21678078,"Ti si sine, izgleda pao na glavu kao mali, tako da ti necu zamjerit, zivio. ",0,608968,0.0004600651736836
21629707,Pizda sladja od oltara....,1,607899,0.0004587448202073
21663436,"Ninu sam gledala uzivo i svi su navijali da pode dalje, koja glascina",0,608703,0.0004548654542304
21646893,"Hrvati da bi izašli iz one usr... države i gdje je žele dobiti svoj dio jer su uvidjeli da ih pokvareni naumi Bošnjaka želi majorizirati moraju tražiti spas u Srbima.Hrvati u BiH su došli na onu izreku ""neprijatelj moga naprijatelja je prijatelj""..",0,608388,0.0004537760978564
21622207,"hehe,ja imam ljepši pogled.i pazite vi dole da kaj ne doleti sa skele:)",0,607838,0.0004505668475758
21611314,Kažnjenici@ Svaka čast na komentaru!!!👏👏,0,607614,0.0004452490247786
21667756,Babaluji@ kako znas? ;),0,608806,0.0004386095970403
21645318,"znam,znam sve mi jasno i ja tebe u čelo :* na najjaaaaaaaaače ",0,607556,0.0004358828591648
21595235,Opet naši prognostičari gledaju stare satelitske snimke! ,0,607215,0.0004349289811216
21670299,to se zove biti naivan i panglu...suhe ćune u bajbok a lovu mora ipak dati  lloll,0,608782,0.0004342112515587
21598575,"Dragi Papa kad smo već kod licemjerja, ne mogu u crkvu jer se nemam di parkirati sve je puno svećenićkih audija, mercedesa i sl. Naravno novih, skupljih modela.",0,607297,0.0004314706893637
21595352,"Naravno da treba, ako truju sebe ne moraju i mene....",0,607220,0.0004307091003283
21588943,Jel fotošopirana?,0,607035,0.0004306148330215
