id,content,label,score,article_id
21674196,Elmatador imas pravo al nemoj zaboravit da je messi igro se neymarom i suarezom gdje nije trebo tolko zabijati dok u realu na ronalda je isla svaka lopta ,0,0.002172001171857118,608923
21609577,Zna da je muškima najnapetija ☺,0,0.0017534419894218445,607477
21652976,"dok ima šoldi , očito misli da more imati sve ča mu padne na pamet,,,",0,0.0016934606246650221,608487
21654657,Krupa jos ti je Komsic predsjednik 😌😂😂😂,0,0.001081810798496008,608545
21639272,"31?? Izgleda 10 godina mlađe! ...što reći, lijepa je.",0,0.000991216511465609,608112
21667641,"Sve to stoji ali meni osobno to nisu iste vrste hladnoće. Na buri mi je zima, imala sam uvijek problema sa ispucalim ustima i rukama, i to je hladnoća od koje se ne možeš ugrijati. Ali ova hladnoća na minusima me boli, i kad kažem boli doslovno boli. Izađem van bole me ruke, glava i lice i doslovno se moram obući od glave do pete da sutra dan ne izgledam kao da sam pretrpila opekline 2 stupnja. ",0,0.0009719406371004881,608632
21625154,"Za jutarnji , baš nemam vremena . :-))))",0,0.0008899819222278893,354336
21623972,Haha pa kako nije prošlost? :) Pobjegao je u Hercegovinu i više se nikada neće vratiti u Hrvstsku. :),0,0.0007825719658285379,607766
21618397,Mihic pa da im i nacrtas ne bi pomoglo.,0,0.0007520192302763463,607779
21646300,sti rat nije unistio to su politicari odradili,0,0.0007402165210805832,608356
21607475,"Ušutkao si posao, sad zašuti i ti!",0,0.0007163160480558872,607497
21625929,"prvi hrvatski predsjednik bio je Vladimir Nazor...povijest nije počela 1990. ni povijest svijeta, ni Hrvatske, iako to, očito je, mnogi misle...",0,0.0007028636755421758,607913
21620207,"ugovor o podstanarstvu, jel to ...,,što imao sve sam proćardao,,...:))",0,0.0006884658359922469,607707
21618492,Ako je bila kao političarka onda su je kao takvu i ocijenili. Neznam šta tu nije jasno.,0,0.0006705431151203811,607779
21608762,"Na ovakav način poslovati znači nadati se da će netko nekom nešto odobriti. To se tako u ozbiljnom poslovnom svijetu ne radi. Izraelci su taj papir trebali imati kad su se javili na natječaj. A ne obećati da će odobrenje dobiti. Naravno da je nastala šteta. Propale su dvije godine nečijeg rada-nerada. Za te dvije godine ti koji su ovo radili bili su i plaćeni. Nisu radili svoj posao, nego ovaj posao. MIG-ovima ističe rok tranjanja., U stvari je već istekao. Izgubit će se opet nove dvije godine na poništenje, novi natječaj, odabir, žalbene rokove, implementaciju... I ti kažeš da nikakve štete od ovakvog načina i natječaja nije bilo?",0,0.0006649670540355147,607433
21621796,ju šelnot pas,0,0.0006621109205298126,607510
21624260,Pčela😂😂😂😂😂aaaaaaa,0,0.0006496402784250678,607556
21614281,Trulež od Mosta nikako da shvati da su ispali najveci papci u povijesti Rh.. I nikad necu zaboraviti izraz lica onih ološa što ih je pred kamerama javno Plenki otreso kao gnoj s cipela.. Niste nista bolje ni zasluzili!,1,0.0006358684040606023,607704
21619788,Heba vas Davor vise.,1,0.0006337552913464607,607794
21605105,"zasto? ne znam stvarno, zanima me ",0,0.0006322821136564016,607354
21640560,Mislim da je zvona1111 moslio/a vantjelesna oplodnja,0,0.0006218423950485885,608218
21626254,suncemojemalo,0,0.0006179363699629903,607929
21659145,Admine zasto brises komentare? Da i ti nisi mozda derpe?,1,0.0006156734889373182,608604
21597152,T,0,0.0006043085595592856,607282
21659472,..Ja ne znam..ja ne znam..gukni plavaa@..,0,0.0006042293389327824,608265
21660892,I plastična kraljevna...,0,0.000603743304964155,608611
21616434,To je rupa za one koji su ispod kamena dopuzali tu u Zg. sad je vrijeme da se i vrate kući...,1,0.0005959816044196486,607732
21723632,InternetRevolucija:financiraju se svi pa zasto onde nebi oni,0,0.0005927440361119808,609953
21615566,"Izrađujem više od 7 tisuća dolara mjesečno radeći skraćeno radno vrijeme. Čula sam da mi drugi ljudi govore koliko novca mogu zaraditi na internetu, pa sam odlučio da ga pogledam. Pa, sada počinjem s ovim poslom i potpuno mijenjam svoj život.

Posjetiti......>>>>>> www.WebJob33.Com",0,0.000571324722841382,607702
21609874,"haha do nedavno glumila veliku domoljupku, vjernicu, sljedbenicu željke marić a sada ovako",0,0.0005656786961480975,607554
21599828,"Eto ja kao i obično naiđem na ovaj ""naš"" portal.I odmah moram prići bliže .Daklem' koji ste vi kokošari,bijednici i polupismeni kretenikusiOvo se odnosi na 99 % komentatora 24 časa-.časa. Jer niko koji je najmanje srednju poljubio i snjom se se rasto',ovdje nema što raditi,osim ""gazda""koji se zajebavaju i onih koji su u mirovini ili se za nju pripremaju.Daklem kretenikusi manje pišite ,više radite i malo promišljajte budućnost!",1,0.0005628101644106209,607272
21669473,"trebala bi biti bar druga...po cemu, porazu... Ako su bodovno jednaki sa Rusima broji gol razlika na kraju.?.Kako god da bude, ako zavrse na cetvrtom mjestu je ok..",0,0.0005617433344013988,608849
21667279,"Njih pekla savjest,prvo moras posjedovati ljudsku dusu da imas savjest...pa vidis oni i dalje trolaju jedno te isto,a sad im se jos pridruzil Covic....ja tu nista nerazumijem...a nase se optuzuje za zlocine...nije sad ni Krsticevicu lako jedno zlo nedolazi samo... jos kad nisi kriv a banda te optuzuje!",0,0.000558475439902395,608766
21631370,mozete mozete 😂,0,0.0005575585528276862,607968
21592148,Lijepo piše: Slike i podaci koje je snimila počet će stizati na Zemlju kasnije u utorak.,0,0.0005534805823117495,607178
21667024,"@stiv: istina, moj kiks. vrijeme prebrzo leti. što se same trampe tiče, butler će ih skupo koštat jer su dali 2/3 tzv ""the processa"" a dobili su napuhanka koji se već dvaput s brettom posvađo, a s embiidom je isto upo u verbalni okršaj. samo čekaj da eskalira. a cov i homie su im puno, puno više davali u obrani i generalno više doprinosili timskom radu",0,0.0005488080205395819,608771
21639501,"Po nogometnim pravilima dozvoljena je visina trave do max 3 cm. Ako je bilo u tim gabaritima onda je sve bilo OK. Istina je da niža i vlažnija trava omogućuje brže klizanje lopte po tlu. Neka Klopp uzme škarice i doma nek ošiša travu onako kako bi njegova glava izgledala bez presađivanja kose, pa će doma sve pregaziti...",0,0.0005465446738526225,608045
21602278,"Točno tako svanuće, nekada se od svog rada moglo živjeti, i na kredite graditi kuće. Da ne pričam o mirovinama, nekada su uzimali 10 najpovoljnijih godina za mirovinu, danas ti uzimaju cijeli radni staž, da bi ti mogli dati najmanju moguću mirovinu. Da, makar to neki ne priznali, bolje smo živjeli u omim vremenima, dostojanstvenije, i nitko se nije hranio u pučkim kuhinjama ni skupljao boce kao danas.",0,0.0005434900522232057,607315
21629447,Da nije on tata od malog Oskara?,0,0.0005364668904803693,608017
21647002,Kada se nekom treba vratiti lova onda drzava trpa u zatvor a kada lihvari ovrsavaju za par stotina kuna onda im drzava jos i.pomogne preko fine,0,0.0005360072827897966,608349
21666149,"Pa to je normalno da traze, ali bi si covje trebao naplatiti posao ako je vec i potreban, obavezan, ja stojim kraj njega i vidim sta radi, ",0,0.0005348139093257487,608192
21666131,Fanovi??  Ajoj,0,0.0005278856260702014,608382
21609180,Da bar je zdravija je bila nego ove bolestine sto promicete sada.,0,0.0005091356579214334,607587
21633944,"zato vrijedi pravilo da se uvijek treba nakašljati kad dolaziš doma, time izbjegneš neugodne situacije",0,0.0005066947778686881,607998
21640291,ma sve je to isto kad ugasiš svijetlo hahah-ja opet kazem-dok se drugom desava onda je to osuda samo takva-al kad se to desava nama onda eto to je dobra kusnja!,0,0.0005012128967791796,607969
21676322,zar ponovo TI odabireš avione?????? jpm!!,1,0.0005008990992791951,608969
21652955,"Izgleda ko pljunuti TITOV  činovnik a zapravo znamo da TITOISTI i danas vladaju samo su se sakrili iza drugih kaputa, njih je nekih 80% u HDZ-u što je ujedno i razlog što e toliko bore za Pupovca i ekipu a SDP ima ostatak šljama!",1,0.000498754670843482,608535
21597186,Eto bedak s kim si ti usa u raspravu. Mali balonja od 13god. A mene smatras dosadnin jer iman argumente i ne pisen da cu te pribit priko interneta,0,0.0004974408657290041,607156
21653821,Uskoro HRHB sa glavnim gradom Mostarom!,0,0.0004969493602402508,608545
21595084,Da bruto,0,0.000496039108838886,607184
