id,content,label,score,article_id
21611242,"amun6 Ma kakvo dobro primanje? Kao prvo svatko živi od svoga rada, ako netko ima državljanstvo jedne države, nemaš ti njega šta dobro primati, tvoje je ono što ti imaš i ništa drugo. Neki su se umislili da je njihov zrak i zemlja, i nema na to pravo nitko osim njega. Svatko je dužan poštivati zakon i pravila države. A kako se  dobro primaju Hrvati vidi se po komentarima, Zagorac mrzi Dalmatinca toliko da mu pišti iz ušiju, a nije ni s druge strane bolje. Hrvate iz dijaspore ne mogu smisliti, a za Hrvate iz BiH ne treba uopće ni spominjati. Problem je što je većina domicilnih Hrvata limitirana, oni su čuli da su Bosanci glupi i drže se toga kao pijan plota. Ustvari ljudi su i te kako bezgranični, teško je vidjeti nekoga iz BiH da se nije dobro snašao u HR. a to najviše ne mogu podnijeti Hrvati USPJEH! ne smiješ biti uspješan, jer ti si za njega glup kako možeš biti uspješniji od njega. Ostavite se tih i takvih gluposti. Za mene je svaki Hrvat isti, da li živi na Marsu, u Hrvatskoj, Argentini, Australiji ili BIH.",0,0.0024891465436667,607394
21671170,"preporuka o pranju zubi je najveća budalaština koju su nam doktori prodavali. Prao sam zube na njihovu preporuku i uvijek imao karijesa i slabe zube. Sad ih isperem 1-om dnevno prije spavanja reda radi i nikad jače i zdravije zube nisam imao. Promjena prehrane čini razliku, a ne pranje zubi. ",0,0.002014982746914,608436
21597292,potpuno se slažem...,0,0.0015118193114176,607191
21662969,Drop dead,0,0.0011885496787726,608752
21667976,"Odlična utakmica West Ham-a, potpuno zaslužena pobjeda.. Liverpool jedva..",0,0.001153357909061,608824
21655782,Možda meni prijatelju 194cm.,0,0.0011310750851407,608565
21659001,Svaka cast. Cijenim ovakve ljude.,0,0.0010884756920859,608626
21668810,"Robi je spadao u top 10 definitivno, to je super uspjeh i HVALA mu.",0,0.0010531453881412,608818
21630995,Ma kakogod..😋,0,0.0009384477161802,607608
21613695,"Svaki muškarac (osim ""onih"") više od glume voli žene ali i sve žene (osim ""onih"") vole više glumce nego nas ostale. Lako tako. ",0,0.0008714740979485,607574
21631115,"...a slušaj..., dečko je priveden u lancima zato što je odvalio šamar i vratio napad na sebe i uzastopno maltretiranje. Prije toga je bio razapet u javnosti zahvaljujući prvotnom lažnom tekstu upravo ovog medija. Nitko mu se ni ispričao nije.",0,0.0008601508452557,608016
21631192,Ako ga nisi poznavala ne sudi,0,0.0008601128938607,599956
21668304,Hekatu ste zaboravili? ;),0,0.0008567173499614,608787
21659517,"Duvnjak je već godinama NAJBOLJI 
naš igračč što tebi vrijedi to govorit kad se  očito ne razumiješ u rukomet, to je kao da kažeš u nogometu da Modrić nije naš najbolji igrač, ista stvar",0,0.0008540672133676,608579
21604065,Ericcaetman: čuli smo i prvi put. ,0,0.0008184613543562,607434
21624296,Mr ali vas nisu primili kad tako pises lp,0,0.0007919010822661,607816
21593567,Mi cesto pogledamo utakmice i svaki put isti osjecaj srica suze radosnice nesto predivno a sam docek a sta rec nego neopisivoo lp,0,0.0007637463277205,607193
21591585,Kalav klosar mater ti jebem.ostavit djete radi supruge ja bo tebe bacio s balkona,1,0.0007567778229713,607166
21669346,"Na ovom portalu srbi majstori u porazima, a HRVATI u pobjedama, dalje znate.",0,0.0007531319279223,608849
21596281,Šok i vjeverica!!,0,0.0007473648292943,607258
21642152,idu u pritvor na 30 dana...a onda ih puste..,0,0.0007140683592297,608300
21630728,"Ad stjena 01 ili ti ga
 grotta
Tko s vragom tikve sadi o glavu mu se obijaju. ( narodna poslovica).",0,0.0007057978655211,608012
21604257,"Livada bez ijednog cvijeta i  nijedne travke ,",0,0.0006812888896092,607449
21640625,"Satrat monstruma, nema druge.",1,0.000676555733662,608187
21607101,Ja mislio da kontas dobro Kume..Napisacu ti sutra tamo..😊,1,0.0006621411303058,607038
21594385,"Umjesto knjige ""Kako se kalio čelik "" sada , kako se zaglupljuje narod. Uvezu sav primitivizam sa zapada. ",0,0.00065696897218,607141
21609405,"Kaj hrvati nemreju sexat,sve odu na istok.",0,0.0006132195121608,607554
21631728,"@njuska, razumijem zasto to mislis(neobrazovaje i necitanje ostalih komentara pa bi mozda shvatio kontekst ;), ovdje se radi o mladoj, obrazovanij zeni u svom podrucju rada i uspjehu, uspjehu na temelju truda/obrazovanja/rada...sto je u ovoj prici za porugu? Slusam?",0,0.0006102742045186,607267
21678737,"Strasno!!!. Da netko nekome opsuje majku na utakmici. Ne mogu vjerovati. Ahahahaha kakvi se clanci sve objavljuju po ovim portalima, neces ti velike stvari jedan igrač psuje drugome. Pa jel postoji jedna utakmica u povijesti nogometa bez ijedne psovke?",0,0.0006100442260503,609025
21609328,"Uvrijede necu ni komentirati, govore dovoljno o tebi. Evo da ti ja odgovorim na pitanje koje si uputio josicu i vlasnici firme izvodjaca. Ne bi slao svoju djecu na skelu jer se skoluju da takve poput tebe salju na tu istu skelu. Sad krkane furaj po parizer.",1,0.0005854336777701,607537
21663177,"@ grbavo drvo: auuuuuuuu, svaka cast :) vi stigli na blesimetru 200 , nevjerovatno progresivno  :) ",0,0.000570717267692,608519
21642686,Ti si zaista toliko glup ili? Kako ces ocistiti 3 metra snijega? Nabijem ti m.... i lopatu,1,0.0005662006442435,608263
21595034,"Sudstvo rak rana države,nasilnici se oslobađaju,ljudi iseljavaju .... a ti bi zabranio pušenje?! Ljudi cigare kupuju svojim novcem,štetno,ali ipak daju svoj novac.Onda možeš i predložit da se daju poticaji na sadnju duhana. Božo bio si simpatičan u početku,oprosti,ali lupetš gluposti. Da se nisi napio negdje na dočeku?",0,0.0005587326013483,607211
21613038,Pa i ja mastam. Kad mi dodje da prebrzo svrsim odmah mastam o punici. Ali onda se desi da mi trenutno padne.,0,0.0005569208879023,607593
21616050,"... ""29,5 bilijuna kuna"" ... ... impresivno ...",0,0.0005492301424965,607471
21652673,"Sretan Bozic braćo Srbi, Mir Bozji, Hristos se rodi !!! Svi smo Mi Vlade Divac !!!",0,0.0005484736175276,608520
21603639,Da ima obraza dao bi ostavku i jos ovakva smeca skupa kupiti a mogli smo pet novih aviona kupit sramota,0,0.0005206399946473,607433
21654225,Za koga se skida i kome pokazuje svoje tijelo? Pa zar joj nije dovoljno ima partnera i dijete i lijep život! ,0,0.0005123883602209,608526
21640140,"... i najzgodniji
",0,0.0005112759536132,608138
21646262,Ales ako ne znaš pravila rukometa nemoj se javljati.Pod broj jedan u rukometnoj utakmici se može dati tokom utakmice samo 3 žuta kartona koja se najčešće dodjeljuju u prvih dvadesetak minuta utakmice.,0,0.0005023705307394,608285
21638466,"Ne,trebao bi kao dobar Hrvat glasovati za srbojugoslavene,hehehe!",0,0.0004948590067215,608152
21591303,Ovdje su svi izgleda bezprijekorne ljepote i izgleda..isklesana tijela..mladi..,0,0.0004917156184092,607143
21591707,"Svaka čast , skidam vam kapu . Ja se ne bi usudila.",0,0.000489673926495,607161
21598437,10% od te cifre moglo je rijesiti njihov problem trajno,0,0.0004882717912551,607198
21725226,"ne znam dali si bio u ratu ako si bio onda da jesi, ako nisi bio tada sada jesi, vjerovatno imas PTSP, zasto? zapitaj se zasto? zasto si gledao kako ti prijatelji ginu pred ocima, mozda i sam bio ranjen, ostao bez nekoga, zasto? da bih sad imao ime na papiru Hrvatska, da bi vladajuci mogli krasti, mozda je tebi onako solidno dobro ako imas braniteljsku penziju, mozda i nemas mozda nesto i radis, a 500000 pobjeglo van, za to si se borio, ako je to tebi OK, onda u redu necu se raspravljat, ali iskreno za mene su svi budale i ludjaci ali svi koji idu u rat ovi sto idu napadat su puno vece budale od ovih sto brane, pa nebi ostao ni minute u zaracenom taman imao 4 trokatnice i 10 auta i 18 traktora, samo bih pokupio obitelj i bjezi van, a budale neka se bore, ali shvacam nismo svi isti, nekima je vazno ovo sto meni niti malo nije vazno klanjanje zastavi i himni. Ne nije mi palo na pamet da bi od nega mogli trazit spiskove jer kad bi ti i svi ostali malo bolje razmislili mozda bi shvatili da mozda pupovac ili vucic uopce spiskove nemaju, jer su hrvatsku napali srpski dobrovoljci, oni najveci ludjaci i ubojice, pa cisto sumnjam da su oznacavali grobove i njihove lokacije, takvi su isli da ubijaju a ne da prave zapisnike o mrtvima, mozda ako neki takav ubojica ima ziv pa bi mogao reci di je zakopao tijela pa ajde, ali da vucic ili pupovac to imaju, oh, malo razmislite a ne pricat napamet.",0,0.0004866617382504,609957
21677993,Nesmiju kupit mig neda nato,0,0.0004830779216717,609023
21596430,Pošto najmlađe dijete njegove majke ima i Hrvatsko državljanstvo jel dobiva i dječji doplatak iz Hrvatske ili samo naknadu što se Dragičević borio u Hrvatskoj i ubijao Hrvate?,0,0.0004819536115974,607218
21616204,"nijetebriga, uključi malo mozak. Ta rupa nije nastala sama od sebe . Logika govori da se prvo otkrije uzrok zašto je došlo do urušavanja . Tada se to sanira a tek na kraju se rupa zatrpa i asfaltira. Tako se to radi u gradovima gdje takve poslove rade stručni ljudi a ne hohštapleri kao u Zagrebu.",0,0.0004794757987838,607732
21603216,Glavno da sam ja popil žuti kaj sam napisal istinu jbg aj bok,0,0.0004777272988576,607329
21594948,"meni to njeno prenemaganje ide pod onu: ""vidla žaba da konje potkivaju, pa i ona digla nogu""   :)))",0,0.0004775420238729,607202
