content,label,id,score,article_id
Ako se čemu radujem kada gledam Eurosport to je onda pregled dana sa relija Pariz - Dakar :) ,0,21684037,-1,609132
"Mato! Mato! Poklanjate državi (zdravstvu) uređaj, a gluha djeca ne mogu dobiti pužnicu nego moraju sakupljati donacije!",0,21596010,-1,606703
..Hladno mi je..nema ženskih nogica da me grijuuu..moš li što pomoć?!?..hahaha..,0,21663224,-1,608148
jbg.čovik navika vozit po obilježenim stazama a bolnica nii postavila štapove do...oskara...,0,21597162,-1,607278
Tako je kriva je drzava da ovim tkz.politicarima lopovima.,0,21634118,-1,608049
ovakve facebook ustase i cetnici pa to mi je najomiljenije predjelo.majko sveta pa znamo svi da bas vi koji ste takvi prvi bi pobjegli iz drzave da bude necega i onda bi kao vecina nakon zadnjeg rata dosla i busala se u prsa.prkono vam vase,0,21636878,-1,608183
dobro je neko napisao da gasači HDZ i ŽZ imaju IQ riječne jegulje! ova ostrašćena dopisivanja i prijave to najbolje potvrđuju...,0,21643636,-1,608342
"Ivane Gejski, kad tad i tebe ce puknuti tragedija, a kad ti se to dogodi zelim ti da isto tako nasere ovakvu glupost",0,21656430,-1,608570
Svi smo mi braca,0,21659537,-1,608682
Zadarska policija je u zadnje vrijeme inače na dobrom glasu što se tiče tolerancije nasilja i mržnje. Sva sreća što su glupani koji pošu ovakve grafite nepismeni i što ne znaju da se ne piše UBI nego UBIJ pa je onda lako njihovu grešku ispraviti. Svaka čast ovom tipu koji je završio na pliciji. Bravo care!,0,21664536,-1,608682
Koji komentatorski volumeni. Proguglajte izjavu spomenute Hrge i po njoj veze hrvata sa Dubrovnikom pa se onda vratite ovdje na komentare. Volumenčići. Amen!,0,21591200,-1,607124
"Nisu se potukli  Zagorac i Dalmatinac nego osobe se dvojnim državljanstvom. Nažalost, danas svatko može biti Rvat!",0,21595160,-1,607221
@extrupol ne trebam tvoje dobre želje u ničemu jer sam sve više siguran da niti ne razumiješ što one znače. Koliko si sam po sebi kontradiktoran govori činjnica da vrijednosti koje si naveo ( obrazovanje podmirivanje režija rješavanje pitanja stanovanja itd. ) su zapravo ostavština socijalističkih sustava koji su izgradili nazadne i od kolonizatora i njihovih konjušara opustošene zemlje. Naravno pitanje industrijaliziranosti si potpuno zanemario jer si vjerovatno konobar ili neke slične struke koja misli da je najbolje sve osim morske soli uvoziti izvana a mlade inteligentne ljude izvoziti švabam kao za vrijeme austrougarske. Ali vjerovatno si prebalav da bi razumio o čemu pričam. Još puno žganaca trebaš pojesti da bi razumio koliko je tvoja kvazianaliza zapravo plitka u nekim međunarodnim i posebno povijesnim konstelacijama. Pa pa.,0,21596620,-1,607210
"a ina67 pa vidiš takav primjer svaki dan na tv-u kako Kujunđič i bagra neće pomoći djeci,nedopušta da dobiju ljek koji im treba,ali za hdz-ove luksuze se ima.",0,21596876,-1,607272
"evo me opet ""na slobodi"". Blokirana bila al zaista neznam zasto, valjda me admin ne smeka, al pravo receno ni ja njega. malo se odmorila i presla na normalnu stampu. dal ce opet doci blok neznam al boli me ova moja lijepa debela na kojoj sjedim. imam pametnijeg posla nego se ovdje nervirati. mrtva sam ladna i da dobijem 100000000000000000000000000 blokada. ",0,21605885,-1,607106
"SAmo žica , zid i vize ..PROVJERE svih diploma, putovnica i državljanstva za sve istočne gradjane ..istočno od buduće Schengenske granice. ",0,21611303,-1,607647
treba kao mi da šutimo i gledamo kako      nas kdz pljačka,0,21618062,-1,607787
"Decki, neka pitaju tog kretena Daćića, ko je bio Milan Dedić u Beogradu? On je vise Židova pobio i drugog naroda nego bilo ko drugi.
Daćić je sa onim Picoustim Vucicem jedna velika politicka zalost koja ce se u narednih 50 godina kso teret nametavati Srbiji i tom dole narodu koji zivi......zalosno.",0,21636583,-1,608163
"Dijaspora:a što očekivati od tebe,lijepo pitama ti samo neka trabunjanja i vrijeđanje,pa jel lik izabran,glasalo se pošteno,sam kažeš tako,i sad nek se objesi???pa što ste si ga izabrali....",0,21637179,-1,608026
kajzanavek: važno da si ti več natukel pameti i samo ostani pametan.,0,21639082,-1,608082
"šta na ovo reču ercegovci,čović je njiov čovik...",0,21645328,-1,608363
Zasto kao pocasne goste nisu pozvali Mikija i Palmu. Kad je bal nek je maskenbal,0,21647832,-1,608363
"Roko pazi na sat da nebi zakasnio u Caritas po marendu, samo da znas da ce Dijaspora i dalje donirat jer  necemo vas nosit na dusi ako bi umrli od gladi",0,21648755,-1,608026
A kaj se je u vukovaru desilo?   24 sata da pogledate mozda Pise kurir,0,21649999,-1,608426
covic je bia na proslavi neceg sto je nastalo u najgoroj agresiji etnickom ciscenju i genocidu nad bosancima i hrvatima u bih ustavni sud bih proglasia  tu proslavu nelegalnom ionako je politicki mrtvac zato se i lize sad s dodikom vjerovatno partneri u pljacki bih.gosp. komsic je autohtoni predstavnik hrvata u bih . ,0,21655908,-1,608545
"Štanga, nebitan si",0,21658230,-1,608619
Daruvarac? Djubre odpad izrod od covjeka to je frajer. Valjda ce ga u pritvoru isto tako docekat.,0,21658716,-1,608619
Hehehe neka je svega ☺,0,21588577,-1,607013
Čuj on je najmanje kriv... Puno krivlji je Zoka sa svojim ministrima koji su svjesno uništavali zemlju...,0,21588805,-1,607095
"Hoce, glave gradjana klonut ce od gladi- jedino te glave mogu padti u ovoj ucmaloj zemlji navikloj na jaram",0,21593020,-1,607184
tako jjjjeeeeeeeee !Konačno i jedan dobar prijedlog od ovih mostovaca !,0,21596098,-1,607211
"Da, nije bilo mobitela nego kartice za javne govornice, pa si morao pamtiti brojeve koje trebaš zvati.  A nije bome bilo ni kompjutora pa nismo trošili vrijeme na besmislene komentare, nego se družili kao normalna bića. ",0,21599352,-1,607315
Koji krkan. ,0,21600436,-1,607322
antifašistička škola. od 45. nema ni jednog koji nije imao nešto s kumrovcem.,0,21600671,-1,607322
Nisu njihove pare. zabole ih,0,21601311,-1,607322
"Svaka cast Plenkovicu ozbiljnom i odgovornom politicaru,ne kao ostalim cirkusantima.",0,21602314,-1,607382
Koji je pa sad ovaj skvarcani jbt led aj bok,0,21602373,-1,607398
Zlatko dal si odlićan komentar al očito nikog ovo ne brine ,0,21602618,-1,607398
Glogi sam laje i ždere janjetinu  kad je sdp na vlasti...,0,21602687,-1,607400
da je ostao sa svojim narodom rezali bi ga antifašisti na komade živog pilom kao što su rezali grozdu budak gimnazijalku dok su se partizanke skupljale u krug i bodrile svoje kolege antifašiste koji su je masovno silovali. ,0,21602710,-1,607315
Kad će se zaustaviti ovo ejakuliranje po građanima? Još malo toga je ostalo za upropastiti i pokloniti strancima za kikiriki.,0,21602762,-1,607307
"vinja..+++ pusti ovoga neonacionalistu koji živi u 41...mi svi blesavi i u krivu jedino je on pametan..
",0,21603020,-1,607315
biće si jedini zarobit...bane..ti...,0,21603026,-1,607382
vrac666.ima nas još taki al mučimoo...od muke...,0,21603117,-1,607400
"pleja , ova rećenica ti ima smisla , ali brate pogledaj ( tvoj dvojnik , jedan od više ti logisanih  ) što napiše nepodojeno derište !! --- malo se koncetreraj -",0,21603254,-1,607400
"pocetakkraja:  Na tvoju žalost SKEJO je kao zapovjednik bio u Bosni,  ia tamo je ranjen.  Osobno ga znam i znam kako misli i razmišlja, a isto tako kako će i raditi ubuduće.  SAMO ZA DOBROBIT HRVATSKE pa i bez ustaša.",0,21604434,-1,607400
"cura hercegovka   Ne kažem da nije bilo bosanaca koji su branili Hrvatsku u Hrvatskim brigadama.  Ali ne toliko koliko ih se danas spominje.  I zapamti ni svi bosanci nisu branili HRVATSKU kao svoju državu, nego samo zbog toga šta su branili svoj dom, svoj  zavičaj i svoju državu Bosnu.",0,21604458,-1,607400
Nije pitanje da li tvoj odlazak pomaže državi nego koliko tvoj OSTANAK ŠTETI DRŽAVI!!,0,21604566,-1,607464
vagabundo promaklo ti koliko su avioni mladi.,0,21604621,-1,607433
"From August 1941 to April 1945, hundreds of thousands of Serbs, Jews, and Romas, as well as anti-fascists of many nationalities, were murdered at the death camp known as Jasenovac. Estimates of the total numbers of men, women and children killed there range from 300,000 to 700,000. And yet, despite the scale of the crimes committed there, most of the world has never heard of Jasenovac.",1,21632769,-1,608038
