id,content,label,article_id,score
21602375,"i ja se idem raspravljati sa znanstvenicima sa 24 sata lol ae nazad u skolske klupe, izgleda da ste prije rata zavrsili osnovnu. ""A pošto je stalno u mraku ju nazivamo ""tamnom"" stranom. "" hahah lol pod stalnim mrakom ti je jedino mozda mozak, ne postoji 1% mjeseca koji je stalno pod mrakom, ljudi ne vide okom odredeni postotak mjeseca, ne znaci da ga sunce u nekom trenutku ne obasjava, sto je manje od 50%. To sto vi prvo ne znate engleski jezik, (necu ni pricati o prevodenju na Rvacki) , a onda ne znate ni jednostavne znanstvene podatke nije moj problem stvarno. Matorog konja ne mozes nauciti nove trikove, a to se bome iz prilozenog moze vidjeti. Zivili matorci, ja odjavljujem program ;) ",0,607370,-1
21723494,"""Branko Bacic, saborski zastupnik i bivši glavni tajnik HDZ-a, pravi je velemajstor u mužnji državnog proracuna. Po raznim osnovama, ovaj je zastupnik samo u veljaci porezne obveznike koštao 46.891 kunu, cime je na prvom mjestu medu svim zastupnicima, otkriva list 24 sata.

Zanimljivo je da Bacic pritom nije propustio naplatiti i 3000 kuna za najam stana u Zagrebu premda je u imovinskoj kartici prijavio da ima stan u Zagrebu od 42 cetvorna metra. Doduše, prošle godine ga je prodao i kupio veci, od 64 kvadrata. Zašto i ne bi kad solidno zaraduje.""",0,609953,-1
21620828,"Pa napisao sam ti prije mjesec-dva, da sam promjenio neka svoja razmišljanja.Zadovoljan?",0,607479,-1
21625220,To mu je napravila 201 familija koja nije usla u onih 200 bogatih familija ali ljepo pasu srp i čekić STA fali ,0,607913,-1
21628443,Al bejha ti je sad četvrtina Hrvatske...eto pa oni to čitaju...,0,607998,-1
21642992,"Kad su mogli oslobodi idiota od Horvatinčića,još i poricao da nije kriv.Zašto bi našega Tonija kaznili.",0,608300,-1
21671524,"nn2, evo ti copy paste iz zakona: ""Paying for sexual services of a person. 64A.—(1) A person (A) commits an offence if A obtains sexual services from a person (B)in exchange for payment— 
(a)if the payment is made or promised by A; or (b)if the payment is made or promised by a third party and A knows or believes that the payment is made or promised by a third party.""",0,608782,-1
21589424,Haljina odlicna za oribat pod....horor!,0,607106,-1
21590110,"ifrit, ti si mali bedak. Dobro i zlo ne postoji. Postoje samo naša tumačenja. I djelovanja u skladu s istim. ""dobro"" uvijek pobjeđuje jer evolucija to zahtijeva. ""zlo "" 
je evolucijsko slijepo crijevo i tko tamo zavrsi za njega budučnost ne postoji.",0,607123,-1
21598298,Pda  neka ni oni koji vole deckice ne idu u svecenike licemjeri i bolesnici sta papa kakas bzvze u svojim redovima imas gnjusa i previse,0,607297,-1
21606212,Sto ti zelis? Da mi se place?😧,0,602498,-1
21653034,soroš ljudi gušteri ilaminati,0,608231,-1
21605199,A novinari danima pisu i pisu i pisu i pisu.......,0,607489,-1
21588813,Koliko moraš biti pametan da si sam daš nick yugonostalgičar,0,607095,-1
21589409,..uhljebi i ušupci...ha..ha...,0,607095,-1
21591334,"Kormlar, iistina izlazi na vidjelo i ne možeš je spriječiti. Uskoro će se i javno pljuvat po naj većem, u znanoj i neznanoj povijesti zločincu i zatorniku hrvatskog roda titiju.",0,607068,-1
21596694,"Hmm
A ja mislio da su za stanje u drzavi odgovorni oni na vlasti, HDZ, HNS, pokoja lopina utekla u Bosnu i Hercegovinu i neosudeni bivsi HDZ Sanader, Mamici, ...pokoji slobodni strijelac Nadan, Horvatincic i slicni, .
Uf kako zivim u zabludi.",0,607184,-1
21599275,"@Demetra, @Željko Kako komentirate ovo?
MINISTAR financija Zdravko Marić izjavio je kako su s posljednjim danom prošle godine plaćena protestirana državna jamstva za Uljanik u iznosu od oko 2,5 milijarde kuna, ali kako zbog toga nije došlo ni do kakve ugroze javnih financija. 

""Sa zadnjim danom godine platili smo upravo onoliko koliko smo već u prvotnoj fazi najavljivali, a to je razina od oko 2,5 milijarde kuna. To je samo glavnica, postoje određene kamate koje također moramo servisirati, a onda ostaje dio za koji očekujemo da ćemo biti u obvezi platiti ove godine"", rekao je Marić odgovarajući ispred Banskih dvora na novinarske upite o obvezama po državnim jamstvima za pulski Uljanik. ",0,607200,-1
21602317,"a zašto vam je satrapija propala kad je bila tako dobra? čim je krvavi bravar rikno odmah je šuga bankrotirala, jel to znači da se za genocidaševog života nije smjeo obznanit bankrot? krvavi je bravar godišnje trošio proračun crne gore, a narod živo na neradu i zato ga obožavaju samo neuki i ulizice.. ",0,607315,-1
21605294,"Oporbenjaci samo znaju govoriti: šuti. E pa ne ide to tako, tko će slušati klempave koji nam govore šuti? ",0,607432,-1
21605376,"Svaka cast iznimkama, ali vecina je kao minhenska bojna se samo slikala  na sigurnom mijestu.Ne mogu svi bit generali a kad je drzava u ratu i napadnuta, duznosi svakog gradana je da se stavi na raspolaganje zapovijednicima obrane drzave tj vojno sposobnih isto kao onih koji nisu vojno sposobni ne se sakrivat za vrijeme rata na sigurnom. da je hrvatska izgubila rat svi generali i ostali vojni zapovjednici bi najvise stradali s ti populisti navijaci i huskaci bi  samo promijenili boju kaputa.Istinske branitelje i borce ne  mozes usporedivat bas sa svakim.Gdje su to ti tvoji fakultetski zavrsili fakultete da su njihovi priznatiji nego tih koji su zavrsili visoke vojne skile?",0,607464,-1
21605663,Blokirani Batina: Ne brkati komuniste i komunjare.,0,607493,-1
21606080,"admin jos spava ,,",0,607493,-1
21606199,"za komunističkim, kao i za zapadnim antifašistima 1945.g. ostao je kravvi trag bestijalnog iživljavanja na civilima, no nizakime takav kao kod jugoslovenskih antifašista koje je predstavljao najgori od najgorih major politkomesar JA na privremenom radu u slovenskim jamama. isti nam je taj politkomesar sada u činu generala došao na vlast i 90. zato je njegovo čedo (hrvatska) koje nam je podario mrtvorođenče jer ga je neuk i indoktrinacijom prestrašen hrvatski narod na smrt zatukao od straha pred bogom i istinom",0,607315,-1
21609063,ipak nema nista jadnije neg' kad adeze domoljubi brane lopovluk i uništavanje države ,0,607540,-1
21609835,Ma sve čisto... sveta vodica.,0,607586,-1
21610297,"mamoj 70: ugradimo od trabanta motor i ostalo, i pici!",0,607511,-1
21610515,Matan sve rastura ko zvečku  :D,0,607624,-1
21610862,"Ministar Milan Kujundžić je trenutno svetac zastitnik svih uhljeba koji su naplavili nase zdravstvene sluzbe i sisu novac koji se mogao potrositi na puno korisnije stvari. Npr, za koju magnetsku rezonancu vise ili neki drugi nuzni dijagnosticki uređaj. Ministar Milan Kujundžić je trenutno svetac zastitnik svih onih kojima nesredenjeno stanje u zdravstvu dozvoljava da nastave po starom i da kroz netransparentne namjestene nabave trpaju novac u vlastiti dzep, smanjujuci kolicinu novca zbilja raspolozivu za  medicinsko osoblje i zdravlje građana, sto opet rezultira manjkovima, manjim placama medicinskim sestrama i preopterecenim doktorima. I listama cekanja od vise od godinu dana.  Milan Kujundžić  zastitnik neracionalnosti i sveopceg gomilanja dugova, kao rjesenje nam nudi povecanje trosarina, kojima bi samo dodatno dokapao novac u taj šuplji sustav koji 30% svega uplaćenog novca propušta da iscuri sa strane , a da ga hrvatski pacijenti ne koriste.  ",0,607588,-1
21612527,"I ovaj ministar je teški obraz, kad javno ne govori istinu i gleda novinare u oči! A, djelovao je nekako pošteno! Nakon toliko godina vladavine HDZ-a u RH on ima obraza uspoređivati HDZ sa SDP-om i tvrditi da je u doba vladavine SDP-a bila najveća korupcija u hrvatskom društvu!?! Za ne povjerovati, kakvim se dječjim smicalicama i izmišljotinama služe ovi visoko školovani stručnjaci (doktor ekonomskih nauka), kad ih pritisneš dokazima o korupciji kojom se upravo većinska HDZ vlada koristi da bi osigurala većinu u Hrvatskom Saboru umjesto da se bori protiv korupcije! ",0,607630,-1
21613739,"""Ne mogu pronaci sve dijelove""...Eto kad sumari i konobari dogovaraju poslove... ",0,607687,-1
21614781,".kako te nije sram sada sr...., prisjeti se sto si sve o njemu pisao. pstm",0,607704,-1
21617511,Pa naravno .Napustila i Petir i Kožić pa kaj je i za to Bandić kriv ne volim ga ali kaj je.,0,607765,-1
21620438,Kod puno ljudi prije da je surova istina nego vic aj bok,0,607817,-1
21620662,biće slaviš po julijanskom kalendaru a glumiš velku rvatinu...,0,607817,-1
21621055,Nisu novi dobija ih od rodaka iz bosne ..30ak godina su stari mogu jos toliko izdrzat ak se nekoriste i ako su dobro skladisteni...i od dudlovog drveta su ,0,607655,-1
21628136,"Za svr**ti, kad ih vidiš. ",0,608002,-1
21628864,"Ovaj nema pojma ovo trenutno je igrokaz da se zabave Grmoja i ini prava stvar su zakoni pred božić doneseni poslovi oko ŠUMA; POLJOPRIVREDNOG zemljišta, kupovina aviona ugovor o gradnji željeznica potpisan sa kinezima itd a bandić je preuzeo taj dio na sebe da se poljepite kao muhe na drek. ",0,608014,-1
21629095,"Ja sam CD-om izliječio sinuse,ni medicina nije mogla. Prije svakog obroka uzimam Ocean  21,pola tablete cinka i magnezija, te liposomalni vitamin C.Nisam 5 god. imao prehladu kamoli gripu, bez ikakvog cijepljenja.",0,608020,-1
21629168,"24sata pljuje po pernaru  i smije se iz vitamina C, a i sami ste imali nekolicinu clanaka na tu temu kao sto su npr: Što odabrati: svježi limun ili suplemente vitamina C?

Pročitajte više na: https://www.24sata.hr/pametnakunaa/sto-odabrati-svjezi-limun-ili-suplemente-vitamina-c-280037 - 24sata.hr Vitamin C ubija tuberkulozu otpornu na poznate antibiotike

Pročitajte više na: https://www.24sata.hr/lifestyle/vitamin-c-ubija-tuberkulozu-otpornu-na-poznate-antibiotike-316053 - 24sata.hr   Vitamin C za 275 kuna i onaj za 15 podjednako su kvalitetni

Pročitajte više na: https://www.24sata.hr/lifestyle/vitamin-c-za-275-kuna-i-onaj-za-15-podjednako-su-kvalitetni-501115 - 24sata.hr",0,608020,-1
21629204,HDZ je s Svetim Franjom Tuđmanom stvorijo Hrvatsku!!!!!!! Ja i moja Obitelj smo im zahvalni dok smo živi!!!!!! Jel ti jasno!!!!!!!!!!!!!!!!!!!!!!!!!!!!,0,608020,-1
21629219,"Ako Pernar nije prešišao gornju granicu za unos C vitamina u organizam, ne znam što je sporno u njegovoj objavi. Svi znamo da se kod prehlade i gripe preporuča i limun i još dodatno C vitamin. Mislim da ga sada ima za kupiti i sa cinkom. I čaj od šipka koji ima vitamin C koji se ne uništava kuhanjem. Ima i ona knjiga od Linusa Paulinga o vitaminu C, ali sve te knjige su za nas obične ljude nekako malo sumnjive jer kako god, običnom čovjeku ipak nedostaje pravog znanja da bi se nešto moglo prosuditi. Jedan od starih lijekova je i kako sam čitala, žličica papra u čašici rakije. Navodno prekine djelovanje virusa u tijelu. E sad, stalno to zaboravim isprobati kad sam prehlađena. ",0,608020,-1
21629358,Ljudi moji kaj ne vidite da je totalno prolupao,0,607866,-1
21629809,"Vrlo brzo, on i sin Steve Culeja biti će saborski zastupnici i određivat će naše sudbine. Pisati će zakone, provoditi ih i suditi nam po njima. Kao i njihovi očevi. Blago nama.",0,608038,-1
21629837,"ima još culeja,saam se prezivaju...đakić...",0,608038,-1
21630405,"Đakić Jr.,Culej Jr.,Korade Jr.,.....nastavi niz..",0,608038,-1
21630455,titin general sa svojom udbaškom svitom uspio nam je 90. podvaliti veliku srbiju pod hrvatsku državu. to je mit veći čak i od jasenovca. posljedica toga je i ova slika,0,608038,-1
21630907,ja upoznala i pernara i sinčića..... dakle rađe bi vlast dala mojoj kćeri koja je osoba sa smetnjama u razvoju nego njima..... ,0,608014,-1
21631048,Za pametnu glavicu eto ti minus,0,608058,-1
21631077,"Antares, jesi li i ti hdzenjarka? dobar komentar++",0,608014,-1
