id,content,label,article_id,score
21601581,čudno je kako su ga snimili kad se rotiramo 1600km/h a cijela galaksija 700 000km/h jako zanimljivo.,0,607353,-1.0
21724550,Pocovao u miru a majci neznam kaj reci teska bol majko,0,609957,-1.0
21665786,cak i tu?? admini zas ne blokate ovu spodobu,0,608785,-1.0
21666652,Papatest pljusni se,0,608785,-1.0
21667468,Slavko zašto nisi došao branit domovinu kad je tribalo ?,0,608737,-1.0
21667506,Tko ti je to šapnuo?,0,608815,-1.0
21667855,Ne daj Boze nikome ovako!!Nikome! Cijeloj obitelji iskrena sucut! ❤ ,0,608822,-1.0
21667869,"Glupost. Nikada ne bi glasao za HDZ, ali bi prije dao glas njima nego Markički.",0,608815,-1.0
21669753,"Jos jedan pijani vozac i stara kanta od autobusa.
A svi neispravni prolaze na isputnim stanicama ?????!!!!!",0,608832,-1.0
21670676,"""gonja""????Mili Boze!!",0,608853,-1.0
21671712,A s cime?!,0,608815,-1.0
21671773,to se zove Umri muški,0,608877,-1.0
21589601,ne nisam ostavila svoje govno ni urin tamo i ne ne pijem kavu uopce a ni flasicu nisam mogla imat jer nema hebenog obicnog ducana tam....a i mene su roditelji naucili da smece ne bacam po cesti ili vodi sto ocito ti radis kad mene prozivas da sam to napravila....nisam nekulturna kao ti......i decec ak je tebi luksuz ici u veneciju onda stvarno zalosno,0,607124,-1.0
21611482,Kaj znas kak je u vrapcu?? Iz iskustva zboris? hahahahaha,0,607646,-1.0
21589736,"Jutriccccccc,,,,,kafeeeee,kafeeeee jedan kanister molim,,,,,faknime💋💋💋💋👄👄👄👄👄👄",0,607018,-1.0
21590976,"webote..., provocira, pusti ga. Moja stara je iz Dubrovnika, pljunula bi ga u lice zbog ovoga.",0,607124,-1.0
21591390,Dobri ste. A inicijali ozlijedjenog Č. A. haha,0,607144,-1.0
21591410,"Kaže VALDEC koji je prošao sve rute migranata da ih se iz Sirije i drugih zemalja legalno sa papirima, avionima dopremi u Tursku, oni tada vlastite dokumente unište ili vrate poštom doma i tu kreču u ilegalne pohode financirani Soroševim novcem, od zemlje do zemlje kako pređu imaju punkt na kojem dobiju određenu svotu novaca na UNICEF-ovoj kartici i to je to! Kaže da kada dođu do obale određene zemlje sami probuše gumeni čamac ili unište drveni kako bi ih ""spasili""!",0,607164,-1.0
21591832,Mato Vilčić .....i tebi sve najbolje u novoj godini 2019 sa punih 365 dana......,0,606743,-1.0
21592154,"Haha samo se beru pare i ništa ne ulažu ja sam bio tamo od malih nogu i sad imam pola stoljeća, ništa se ne obnavlja , pogledajte samo jedini parkić do samog trga San Marka, ne trebate ići tamo samo guglajte .",0,607124,-1.0
21592968,Trebao je pobjeći u Hrvatsku sigurno ima dvojno državljanstvo ipak su nam Srbi bili saveznici u bosanskom ratu a i sada s Čovićem i hdzeom.,0,607187,-1.0
21593019,"Delaware @ Glupane razgovaraš sa Austrijancem , kome je uska specialnost Balkan a naroćito južna granica Austrije šta podrazumjeva ex SFRJ, tolko specialna , da je služio i bio vezan na tu zemlju,  skoro pa ćitav radni vijek . Ako pak misliš , da žalim ijednoga iz "" Blaiburga "" grdo se varaš , kako su pokazali događaji 1991g , pobijeno je još 1.000.000 njih na svim stranama premalo !  ",0,606174,-1.0
21593078,"ti si toliko indoktriniran velikosrpskom mitomanijim da ne znaš čak ni osnovne događaje koji skidaju svaku genocidnu stigmu s hrvata i ndh, a to je da u ndh NIJE bilo genocida nad srbima. upravo suprotno boljševici su u ndh planski od ustanka u lipnju 41. pa do poraća 45. sustavno vršili istrebljenje hrvata. sva bliža povijest liberalnog zapada počiva na lažima.",0,606174,-1.0
21594403,dacdd…. haahaa…. a kad taj andrealin pogine kazemo da je bila nesreca…. ,0,607208,-1.0
21663220,"Pa koja sloboda govora jbt. ja napisem kako su za rata i tzv. RSK Srbi likvidirali ruskog novinara vi brisete, sramota",0,608682,-1.0
21662792,"dal - glup komentar, na razini dvanaestgodišnjaka.",0,608613,-1.0
21660788,ako su od prije poznati policiji pa zašto ih onda jure ako su njihovi poznanici !!!hahaha čudna ta policijia !!!,0,608613,-1.0
21660443,"Ma mi smo sramota od naroda,počevši od tog starog što vozi bez vozačke,divlja po centru zg i misli da če pobječi policiji,on je bio potencijalni ubojica. A što se tiče naše države već i ptice na grani znaju da smo mafijaška država s kupljenim glasačkim tijelom.Ne brini ,ionak če sve otici k vragu jer tko to više može plačati,te nezaslužene,nezarađene lažne mirovine i izmišljena radna mjesta u drž. upravi.",0,608613,-1.0
21615161,I lonac sarme,0,607721,-1.0
21677520,"neka uzmu ""gripen"", ili još bolje original f-16, pa u nato paktu ste, ne mere se sedeti na dve stolice, malo mig nato, malo rusima -agrokor, malo mađari-moll, malo akademik čović-bih...mor a doći KRAJ...",0,608969,-1.0
21628693,ovo je mini jugoslavija koju vode jugonacionalisti. udbaški kalifat iz kojeg hrvati sele kao i 45.,0,607958,-1.0
21637311,"da je država pravilno usmjerila koradu, danas bi bio živ a mali bi mu bio više vani nego u bajbokani! kaj, fulal sam temu? jeste sigurni?",0,608183,-1.0
21644924,"Ma bravo, vidimo da Srbi jedu govna... Sto to znaci, da moramo i mi?!? O zemljo Indijo profundaj se!
Pozdrav svim ljudima dobre volje.",0,608356,-1.0
21646421,"Otetu imovinu od Židova i Hrvata i dan danas koriste antifašisti koji urlaju o fašizmu, a ni na kraj pameti im ne pada da vrate židovske nekretnine. U Jalti je ozakonjen genocid kojeg su uz blagoslov i logističku potporu zapadnih demokrata počinili komunistički antifašisti koji su u povijesti poznati kao najmonstruozniji genocidni zločinci.. ",0,608356,-1.0
21647717,"Na zalost ne vjerujem da ce ovo probudit narod i ujedinit da mogu mnogo napravit ako hoce, a trebali bi svi jer smo jaci al i sebicni",0,608384,-1.0
21654625,"Nadam se da će ih naša policija uhvatiti,  ali za tako sitan novac će dobro robijati, jer krnje ugled lopovima i kriminalcima koji kradu i pljačkaju na stotine milijuna.",0,608509,-1.0
21655944,"Isus Krist je vaš odvjetnik i zagovornik drage hrvatice, tako zbore naši biskupi i svećenici, a te lude žene im plješću i protestiraju protiv svojih prava!",0,608563,-1.0
21656046,"Katastrofa komentar, jel te sram, kakve veze ima jedno s drugim!?",0,608570,-1.0
21656328,Kako mozete ispod ovakvog clanka tako nesto objavljivat!U paklu cete gorit.,0,608570,-1.0
21656890,Sute i muskarci i sta cemo sada ? Zakljucak = nemoj sutjeti i izbori se za vlastiti zivot. ,0,608563,-1.0
21657403,"_Q_ pardon, nisam detaljno pročitao članak nego sam pogledao sliku na kojoj mi dotični izgleda stariji od mog ujaka koji ima 50 godina... Sad mi je još više muka da pored takvih probisvjeta pošteni ljudi ne mogu dobiti mirovinu, jednostavno fuj",0,608563,-1.0
21657800,Jebeni mangup,0,608616,-1.0
21658160,"Auuu! Eto... Opet murija radi štetu! Da ga nisu ganjali puškama, nebi bilo ni sudara ni ozlijeđenih... ",0,608613,-1.0
21658561,Siroti ovi u Megančeku nastradali ni krivi ni dužni!!!,0,608613,-1.0
21659794,"Smrket nemoj se prepirati s takvim, pogledaj samo povijest kometara btana i slicnih.. nema nijedan pozitivan komentar samo pljuvanje i vrijedjanje srba.. ",0,608682,-1.0
21659940,"Macko, ja cu samo uzet stikle, one crvene, sjecas se slike?😆 pa da vidis sta cu im uradit, svi budu lezali 😂😂😂",0,608682,-1.0
21659982,ajde kupi se u srbiju. stavio si tuđu sliku i glumiš žensko kako bi popušili bratstvo i jedinstvo.,0,608682,-1.0
21660257,marinette opravdavat cu ovakve klosare dokle god su oni najvece klosarcine koji su unistili ovu drzavu jos na slobodi i to si zabij u glavu,0,608613,-1.0
21660321,"pa gdje su ti srbi domoljubi? ovdje oko mene četnici hrvati, a da neće srbi",0,608682,-1.0
21595365,"nije zagorec, jer zagorec vubije rođenog brata kad se nalije gemišta zato kaj mu je prešel na njegovu među ",0,607221,-1.0
21623448,"Plenki, više zelenja jesti, cili si propa'.",0,607853,0.3716724190001433
21607075,Ma hebes guzicu bitno da se talasa..,1,607038,0.3361740175846652
21590438,Rečani reku: krepat ma ne molat..🙂🙂🙂,0,607117,0.3333097806377533
21671284,i mene je moj cinkal ženi u koju birtiju zalazim..,0,608863,0.3316974899612007
21620007,Kupis audia i golfa ili francuza strepis dok vozis da nebi planuo,0,607800,0.3313049123469532
21621178,"Komunjare su ""komunjare"",samo ime ti govori...i jedan i drugi su obozavatelji zlocinackih rezima,znaci isto je",0,607819,0.3287580830916176
21598546,Dugo nisam čitala ovakvu bedas... 😂,0,607269,0.3271690327555533
21630655,"Boze sacuvaj... ovaj ""kontroverzni""saborski uhljeb nije u stanju sebe izlijecit..Vitamin C ne lijeci gripu, nit i jednu drugu bolest..",0,608020,0.3249970948678149
21659168,"Mora se ubiti Špiro!,  a Špiro nema ni Nobila, ni Sloković, ni Prodanović.  E sad, dragi moji građani, pokušajte reći da se u ovoj banani zakoni ne provode",0,608646,0.3244596894776698
21658129,Neka pored njegova omena pišu sileđija ili bandit to mu je prikladnije.,0,608619,0.3235249143130086
21643495,100 000 000 000 bokte ja bih kupio neku drzavu 😊😊😊,0,608341,0.3223389494953696
21595975,da si ti bio sa janicom.. jel bi se javno hvalio?,0,607247,0.3219409390531005
21604578,zamisli kakvi perverznjaka ima da ti zbog takvoga ljudkoga stava lupaju minuse.,0,607373,0.3210720469478295
21645107,Jel se našminkala prije nego je išla kuhati sarmu?,0,608259,0.3206894271452375
21605237,"Dobro večer,Mojca jesi li kušala kavu sa cimetom ?",0,602498,0.3204844409429987
21602249,Kada ti je domet putovanja do obliznje birtijetine i krug oko komsiluka u prciji u kojoj zivis onda drugacije ni ne mozes razmisljati. ,0,607370,0.3184590831017427
21634310,Jel ona koristi kremenadl kao jastuk ili odojka stavi pod glavu?,0,608035,0.3176296917457767
21597722,Dođi na trg pa to izjavi ko če koga gaziti.,0,607266,0.3173639357745604
21667150,"Ma hajte najte. Zašto bi njoj sestra bila assistant kada Ministar ili ljudi zaduženi za to imaju svoju sestru, brata ili nekog rođaka.",0,608370,0.3166724170427522
21670389,"A di ti možeš otic, jedino u dugopolje... Lik nema veze s vezom",0,608812,0.3166088056119652
21674994,Pa gdje si frende dugo te nije bilo jesi zaljecio rupu da neboli,0,608899,0.3141704543318946
21601316,"Zeljac,daj ti meni reci jel hdz kriv za ista,jel hdz napravio bilo sta lose za Hrvatsku,u svim godinama dok su bili na vlasti? Bilo sta? Vidim da spominjes lopovluk,onih drugih lopova,a sta je sa ovim prvima? Dal oni imaju koju aferu?",0,607153,0.3130042980817598
21645945,"Pa koji će se kura* javljati? Čemu to uopće? Pa može MUP-u svako malo neku ""čestitku"" odvalit na zid. Da znaju sa je tu, ne? O iruda ti bola..",0,608356,0.3127715171461809
21595721,Jad i bijeda da se ezo.tv ekipi daje ovakav prostor...,0,607147,0.3125422798807324
21627708,Tek sada kužim ovu priču sa avionima. Pa ameri i židovi su saznali za dijetu i dali su mu da pocucla limun. A ja naivac mislio da nas hoće prevariti.,0,607863,0.3122948191963946
21687783,pinökio-wien@ E u tomu grmu lezi zec. Zena Ruskinja! I u redu. Iz cega si u mojem prvom postu zakljucio da mrzim Ruse? I sto je u njemu krivo?,0,608185,0.3116040371177695
21628985,"Rubi znaš to onu, kum kumici .........",0,607593,0.3115460285660844
21634627,"minnieMe@ .. često pročitam i taj izraz,  zamisli i u hrvatskim novinama. Ja ti živim u inostranstvu od rođenja pa nemogu uvijek znati, kome s meta i gdje koja riječ p r ipada. :)) I ne opterećujem se.I to, ima li netko bogat riječnik ili ne. Ipak ću ti napisati jer sam fer, saobraćajka..ili sudar automobila. A možda  i prometna ili saobraćajna nesreća....Vjerujem kako ti je sada jasno. A mogla si il i mogao pogledati u google jer nije to sramota? Kao što nije sramota napisati udes..ja baš u hrvatskim novinama našla.. potkrade se. 😏Kako god, samo ti opet pitaj. Mogu ti na još 3 svjetska jezika reći, ako bude trebalo ..javi se. Slobodno javno. Nismo pagani, jer što više znamo, to viśe jezika govorimo, a toliko vele i vrijedimo.A sad pozdrav vam. ",0,608079,0.310730965528617
21669433,Na ovu mi se ni ne dize a kamol da ga bacim u nesvjest na njen pornic..,0,608820,0.3103584302876889
21639968,Ja valjda zivim u jedinom djelu Njemacke i europe gdje nema ni pahulje snjega..,0,608203,0.3102647483498509
21660941,Pinka kruha i paket salveta........,0,608703,0.3102037609813641
21628493,"diaspora to ti je ono kaj bdije nad vama u Domovini ha, ha ,ha...",0,607978,0.310200815863632
21595908,pridružujem se čestitkama...a ovi ostali nek pljuju....,0,607247,0.310019283725217
21595837,"A komemtara ovdje, kao da vi nikad niste igrali pikado...",0,607221,0.3098945361526646
21611056,"EL ROI istina ,i te kakve problema ak se zavleče u tuđi kokošinjac.",0,607554,0.3098898026472007
21684611,"Ne grijesis.Mislio je Krsticevic amerikance nasanjkati , ignorirajuci njihova upozorenja. A njegova tvrtka buducnosti je vjerovatno vec raznorazne dijelove za stare krntije narucila.",0,609179,0.3097253779554412
21597486,"A ja budala mislio da se rad za nagradu zove plaća. Sve je to divno i krasno, ali to samo znači da ćemo svi mi koji radimo izvan državne si*e plaćati više. Nekima pare, a nekima što bolje rade to država više uzima. ",0,607281,0.3092166771088718
21670364,Pa pitam Bubamarac_2 😁,0,608782,0.3091998950425064
21613144,Boze i ta budala jos ziva...,1,607699,0.3089509805911451
21594079,"Sta samir, antolic, samir je vrhunski u tri koraka sam sebe prejeb. ",0,607201,0.3087831806282716
21609213,"Stvarno mi nije jasno, da mogu toliko glupe da budu...e svasta..",0,607585,0.3085054180955162
21637712,CuClajcin - znam da ti nisi.,0,608186,0.3082706239840995
21631179,"I molim te, ne naginj se kroz prozor...🎼🎵🎶🎶🙂🙂",0,607608,0.3081965462469228
21661041,"Liliana pardon Hana, sto se vrijedjas? Istinu ti kazem...",0,608461,0.3081829746463241
21596085,"Red_army:@..... Ajd, molim te umjesto marksisticko-frazeoloskih  predavanja o izdajnicima, kolonijalistima i ostalim,,,, (nisam toliko nepristojan kao ti pa necu napisati cime) ,   pokusaj me nekim, ama bas nekim argumentom demantirati odnosno objasniti sto je od gorenavedenog glupost ili nije istina. I sto je onda po tebi definicija slobodnog covjeka ako vec to nije covjek koji je adekvatno placen za posao koji radi. Jel to mozda covjek koji ne mora nista raditi? Ili ne radi nista. Dakle, sto je to po tebi slobodan covjek?",0,607210,0.3081138014267319
21648902,spomenik treba nama zivima podignuti ako smo jos zivi ....,0,608391,0.3073432158700734
21662921,Nemam pojma sta je to vise evo  ti vruca juha da te zagrije,0,608212,0.3069179833559298
21677837,moras biti jebeno retardiran da si za partnera između 85 miliona ljudi nađeš jebenog izgorenog,1,608966,0.3068807035104483
21658614,"zbog gripe,moreš mislit ...špiro završia u kobasicama...",0,608646,0.3061730500296011
21596163,To je kad ti dosadi pa da se napije i ode spat ;) ,0,607179,0.3056869588943668
21634874,Ma ovakve se tjeraju non stop... Ne treba njoj 2.mj.,0,608101,0.0010834533022716
21610248,Problem je  kaj se određena grupa aktivista očito pronašla u tekstu.,0,607587,0.0010614186758175
21649154,"Po slikama zgodna cura,no pitanje je kako izgleda bez šminke i koliko je koristila fotoshop.  
No msm da nema šanse jer je lik mlađi,a ona je već spremna za djecu",0,608392,0.0010570812737569
21598606,ala ružooo el u pitanju golo kupanje hahaha,0,607235,0.0009742472320795
21598811,14 godina??? Gdje su bili roditelji tih 14 godina?,0,607323,0.0009403362637385
21604895,To što u hrvatskoj nije bolje ..definitivno bi bilo bolje i biti će bolje kada se ostvare ove mjere koje sam naveo u uvodnom komentaru !,0,607475,0.0008935519726946
21636449,parizer boy,0,608152,0.0008520003175362
21643745,i onda bu došo tromblon....,0,608195,0.0008045425638556
21595985,Ona zna i to je dovoljno,0,607247,0.0007596728974021
21760770,"smrket@ trkeljaj sa švalerima, ovo nije tema za tebe.",1,610486,0.0007149412413127
21636622,E tako.. sad u ćorku Đakiću herojčino,0,608183,0.0007032147259451
21676258,Tocno to..tako nek se domace uzimaju bez puno potrosnje..a u gostima kao protiv Getafea :D,0,608923,0.0006978510064072
21627474,Da Stepinac nije zlocinac?,0,607965,0.0006851340294815
21678138,Tako je to kad diletantima das da vode drzavu.,0,609023,0.0006717991200275
21616023,3 ocajna filma,0,607471,0.0006532015977427
21627040,"Bosanci imaju familiju kao i ti , Hrvati imaju obitelj.",0,607765,0.0006491865497082
21651232,Pohlepa za ckom ga dosla glave,1,608420,0.0006444893660955
21688786,..evo ti znaš hrvatski pa sve to što si sad sastavio nema veze sa vezom😝,0,609285,0.0006254697800613
21650599,Najprije piše kako je dotični često držao mobitel u ruci i da joj je možda slao poruke.Dalje piše kako je suprug pronašao neprimjerene poruke na njenom mobitelu.Pa mislim stvarno? Prvo odakle mu broj? Drugo zašto ona te poruke nije obrisala? Treće zašto suprug čita poruke sa mobitela koji nije njegov? Četvrto koga briga?,0,608416,0.0006242261151783
21599237,Njonjo lajka,0,607311,0.0006092523108236
21597708,...i sveti steram,0,607285,0.0006016970146447
21613409,)))) Želiš naći sebi ženu za jednu noć? Idu na ==> www.3xDate.top,1,607542,0.0005691747064702
21608976,Šta ga mičete ako nije...,0,607587,0.000565135735087
21623229,Četnički dernek koji nema veze s nikakvim kršćanstvom na kojem se promovira velikosrpska ideologija,1,607860,0.0005581189761869
21650245,ne izgleda predebelo za svojih 56 godina,0,608446,0.0005434043123386
21647292,"Evolucija nije samo puko vjerovanje, evolucija su dokazi i činjenice, ja ne diram religiozne ali mene svakodnevno bombardiraju i osuđuju upravo takvi.",0,608354,0.000541909597814
21666796,to ikognito govoris iz iskustva jer si tako nekome pomogao/la?,0,608804,0.000537883664947
21596048,"A zašto bi javnost imala prvo znati? Onaj tko treba znati, zna!",0,607247,0.0005375239998102
21620972,I na koji nacin mislis da ce oni napasti titulu ako im kemija u momcadi nije dobra?,0,607803,0.0005356402834877
21619510,natalitet moraju podići i stariji kad mladi odu i neće...........,0,607707,0.0005304666119627
21601513,"najvise cu ga pamtit iz kad mrtvi zapjevaju, on i Ivica Vidovic. Sad pjevaju i glume negdje gore, pocivaj u miru",0,607359,0.0005272826529107
21625937,I takvoj nevinoj se svidio svećenik.,0,607899,0.0005196005222387
21623183,Stara jugoslavenčina Beljak vraća se svojim YU korjenima.,1,607866,0.0005148098571226
21604403,"Hvala Dalma, tebi i tvojoj obitelji sve najbolje želim, Ivo je legenda, baš mi je žao.",0,607366,0.0005102834547869
21617493,Mulja li se mulja i opet u nizu odvlači narod od kljućnih problema koje ova vlast mora pod hitno rješavati..,0,607655,0.0005086396122351
21808061,"Nažalost ove teme i ovi ljudi ne dobijaju medijskog prostora, važnije su dopisivanja Karleuše, instagram Lidije Bačić, cipele Tolušića ili medicinski savjeti dr. Pernara... ",1,611823,0.0005066469311714
21651924,"Pa zbog  silnih briga za domovinu i narod odlučila je iseliti bistu druga Tita iz ureda, upoznati cijelu republiku seleći ured,  pratiti sportaše usput studirati i smršaviti preko losos ishrane.",0,608439,0.00050536589697
21681807,Samo@u ovaj show da me neka peder*ina poljublja i radi sta njemu prija a mene da ima za buda*o i da se kazem koliko mogu bit i glupa ja ZIVA NE IDEM😂😂😂,1,608930,0.0005031836335547
21611422,"Razlika je između poštovanja i istine. Znam da su plakati uvredljivi za određene skupine ljudi. Svatko na svoj način shvaća poruku plakata, to nije sporno. I uz dužno poštovanje, plakat je namjenjen prevenciji konzumiranja alkohola, a ne vrijeđanju drugih ljudi. Plakat govori ono što je nažalost istina, a to je da alkohol tako djeluje na ljudsko tijelo, htjeli mi to priznati ili ne. Alkohol djeluje i na muškarce, i na žene i na djecu, bez iznimke.",0,607550,0.000501501141116
21627045,Jebalo ti bratsvo i jedinstvo sve majmune lopove jebo te cjeli HSS koji te podržava,1,607953,0.0005014334456063
21623654,"Ako je tome tako, zašto ne priznate HRVATSKU pravoslavnu crkvu kao i hrvatske pravoslavce?",0,607855,0.0004971905145794
21595804,"slovenk@ on VOAJIRA, voli gledat samo ;) ",0,607186,0.0004886704264208
21778931,Dobra guza podsjeća na onu sa Tolušićeve slike !,1,611169,0.0004732091620098
21649002,Sve što je starije od pet zemaljskih godina je možda več poumiralo ili se samouništilo.,0,608381,0.0004654799413401
21623366,"Pa dobro mogel je ,ali znaš njega zbog rejtinga bi htel biti veči Srbin od Pupovca,njega nemreš nikak skužit zato bude popušil na izborima.",0,607866,0.0004652946954593
21638544,"Kako ćeš narodnjak obraditi u narodnjak, da je country....",0,608211,0.0004632453492376
21618766,"Nabijem na kikija svakog degenerika koji ti je stisnuo minus. Plin se eventualno mogao zapaliti, ali eksplozija je mogla biti samo u glavama autorice videa i sličnih spodoba.",1,607792,0.0004607823502738
21592626,"Nadamo se da će ga zaobići mamina""ljepota""",1,607169,0.0004473083827178
21649835,Kako to ,0,608432,0.0004463311634026
21616696,"Šteta, ali ovo će mu itekako produljiti karijeru za još barem 10-ak mjeseci",0,607749,0.0004451240238267
