id,content,label,article_id,score
21679927,"Što imam pokrasti,tvoje srpske didove?  Zapitaj se zašto je Luka K. osnivač Hajduka osuđen za širenje srpstva od strane
 AU Vlasti? :)",0,608884,-1
21614361,"Kakvi su Malezijci ? Dobar narod ? Mislim da se odlazak ne moze generalizirati, svaciji cilj je drugaciji. Bjeze ljudi radi svakakvih razloga, nije to vise ni bitno, bitno je da bjeze i nadomjestaju ih migrantima .",0,606835,-1
21591097,Karane p....!,0,607161,-1
21638224,"americano, za razliku od tebe ja nisam iz vaših balkanskih pašaluka niti me zanimaju vaši cirkusanti od političara kao što je vučić.ko ovdje širi laži i lažnu propagandu da u hrvatskim institucijama i policiji rade silovatelji? vučić? ja? ili ovaj tvoj kolega ""intelektualac""? kako je moguće da je neko optužen za silovanja i zločine, a da radi u policiji? ajde prosvjetli me hrvatino domoljubno braniteljska...",0,608186,-1
21672636,"Sreća je da se ovo nije dogodilo u pravom tunelu, jer bi opasnost bila daleko veća.",0,608882,-1
21637491,Sto posto ce mu sudit casni sud hdza,0,608183,-1
21640309,"evo moram ponovit komentar jer juzbin rodjak brise komentare koji mu se ne svidjaju :) 
 KoYon, mali dapic je sigurno tenkre to nije upitno. Ali tu si nasao branit ovoga Juzbasica koji se javno hvali da je sudjelovao u okupaciji Vukovara. Dakle izmedju ta dva vece je zlo ovaj sto je radio zlo nego ovaj sto stavlja slike iz II svjetskog rata. Juzba je isfrustriran jer mora zivit u RH a hteo je SAO Krajinu. zivio ti meni Juzba jos 100 godina u ljepoj nasoj :)",0,608183,-1
21643297,"Svašta je moguće, vjerovatno sud razmatra i to pa su odužili.... idi**ti",0,608282,-1
21643304,"pa ako ste kao i ja magistar prometa - onda i dalje ne znate što je prometnica....uska ulica je definicija za djecu ne za ljude....ja sam osobno vidio prometnice u oba smjera uže nego ova na kojoj je vozio cetinski/killer...inače je minimum je 2,50m...ako znaš na metar, onda ti je jasno...da nemaš pojma o čem pričaš,,,",0,608300,-1
21643679,"Znači za sve nas koji ne mislimo kao Pernar i kojima su smiješne njegove metode alternativne medicine dotičnom privedenom gospodinu jedini lijek za nas je metak kalibra 7.65, znači ovo su prijetnje ne samo prema doktoru nego i prema 90% građana Hrvatske koji ne misle kao Pernar...",0,608342,-1
21659014,"Rješenje jednostavno. Odma kod suca koji mu nekako teško odreže kaznu od desetak godina i besplatni smještaj na Goli otok. Uz to mu dati motiku, mašklin, malu sikiricu da se nedaj bože ne  poreže, i malo simena da uzgaja za preživljavanje.   Pa nek uživa dok  mu ne dođe još neki sličan njemu. Vjerujem koliko ima potencionarnih dobrovoljaca za kratko vrime otok će biti prenapučen, ali zato izgrađen i kultiviran..",0,608613,-1
21660002,Amstaford@ +++,0,608682,-1
21660094,"ja ga ne branim, ali škola je preskupa da netko donije vozačku...nepotrebno...mogla bi biti 2000-3000kn...",0,608613,-1
21660677,"Svi shvacamo da se figurativno izrazio ali ti ocito ne shvacas humor. I ne moras 3 puta pisati, i dalje si glup XD",0,608682,-1
21661446,Jeste pročitali članak o kriminalcu kojeg branite barbie i mara? ccc,0,608613,-1
21589443,"Ona nije 80% Hrvata...zaradila si je sve sama, i nek trosi na sta hoce.",0,607106,-1
21592980,"Dubrovčani su ipak napredniji, kod njih svaka ulica bude imala rampu i moraš vinjetu kupiti!",0,607124,-1
21594845,Srpska posla ili zamajavnja? Zna li policija sta je sa Ocem Dragicevicem.,0,607218,-1
21594932,extrupol naravno zaboravio si reči zašto je to tamo postojalo 60-ih godina. Upravo zato jer je SAD koristio Tajvan kao svoju koloniju upravo kako bi provocirao vladu Republike Kine i Mao Zetonga. Razlika je u tome što je kopnena Kina željela biti uistinu neovisna a Tajvan je bila izdajnička američka kolonija puna kapitalista pobjeglih iz kopnene Kine. Po tvojoj logici bilo bi bolje biti odlično plačeni kmet ili čistać wc-a nego skroman čovjek sa svojom državom. ,0,607210,-1
21595288,Nema večeg neprijatelja nego Srbin Srbinu . Pravda za DAVIDA!,0,607218,-1
21596530,Jel sad on prvi poceo???,0,607218,-1
21597164,Žena majka kraljica...hahaha,0,607272,-1
21597393,Hdz pokuso ukras 365 miliona neracunajuci Smranadera i co. koji je ukro 50 miliardi i nikom nista a tu novnari pisu kako jadni mi nismo mogli kupit avione koji kostaju 115 miliona za 500 miliona kaka bjedna ADZ drzava,0,607272,-1
21597895,I ti si jedan licemjer koji osuđuje. Prepoznaj sebe u ovim rječima a ne druge,0,607297,-1
21598163,Tocno Gara. Svako svoj kukolj neka rjesava. Nadam se da je ovo samo izvuceno iz konteksta.,0,607297,-1
21611118,a koće drugi već ercegovci...,0,607647,-1
21611119,kolko je s takin diplomama u lipoj našoj na važnim mistima u državi....,0,607647,-1
21611735,"Pa samo od korupcije se i moze zivjet na balkanu.Hr,BH,SR",0,607647,-1
21611998,"Bio sam 1998-99 u Njemackoj i znam kakva je tada dobra bila. Stari moj ovo danas kad se šećeš ulicama nije izdrživo.. Na svakom koraku čuješ onaj odvratni arapski jezik kao da se netko ""davi"" halala whala jala...",0,607672,-1
21617133,Jadan čovik.a imao sve.i šta sad.pih.!!!!,0,607760,-1
21618076,"A što je preporodi navedi nam! Manipulator i mutikaša, pitaj realne Beogradjane, ljude koji znaju što Vučić i klika rade, gore je nego kod nas.",0,607787,-1
21618479,"Izrađujem više od 7 tisuća dolara mjesečno radeći skRaćeno radno vrijeme.Čula sam da mi drugi ljudi govore koliko novca mogu zaraditi na internetu, pa sam odlučio da ga pogledam.Pa,počinjem raditi i potpuno
promjenljiv život.

------>>>> www.WebJob33.Com",0,607787,-1
21653515,"Što su bili ... vanzemaljaci što se mene tiče , jednom poturica uvijek poturica ...",0,608533,-1
21653633,"Klasično ponašanje člana HDZa. Kada ih se uhvati u pekmezu do laktova kreće poznato prebacivanje krivnje na zlonamjernu i štetnu propagandu, medijska podmetanja i dezinformiranje. Čudi me da nije spomenuo udbaše. orjunu, jugosrbe i komunjare.",0,608545,-1
21654195,Zašto Čović nije bio na Buhinim kućama da obilježi godišnjicu zločina nad hrvatima. Preći mu Dodik ili?,0,608533,-1
21654363,Jedini spas za hrvate I srbe u BiH je da se udruze inace ce ih lojavi istrijebiti.,0,608545,-1
21654489,Tako treba držite se Srba koji će vam kurac ovi đihadisti,0,608533,-1
21654813,"U BiH najteže žive Muslimani jer previše vjeruju svojim tvrdoglavim i ortodoksnim vođama. Dok su se za Bakira borili mudžahedini ubijajući kršćane, on se skrivao u podrumu jedne banke. Danas mu narod gladuje. Pitajte ga gdje su kilogrami zlata i devize skupljene za napaćene Muslimane? Jučer su kršćani ubijani od islamističke politike a danas bi iste stavio pod svoj opanak. Neće moći Bakire i istomišljenici.",0,608533,-1
21656365,"Hvala psihijatre, nadam se da imaš diplomu i dobru plaću! hahahaaa",0,608545,-1
21657881,"zamisli odes u indoneziju i ulovi te tsunami.pa nije da sam se isao namjerno borit sa poplavom/valovima nego je visa sila i pitanju...isto tako neko ode na skijanje pa visa sila iznenadi i zatrpa mjesto,i nema nit struje nit za jesti...pa ne znaci da se idem ""igrat"" s prirodom.po tome onda nebi smio ni u japan jer tamo ima puno potresa,jer eto,bolje ne se igrat s prirodom.pa nije da ljudi idu skakat bez padobrana,nego se idu skijat.ako cemo tako,onda je kerumova sestra bila u pravu sa izjavom da sto ljudi imaju hodat vani kada je snijeg...",0,608478,-1
21657948,"Izvor podataka: Acta Croatica u Ljubačama u Tuzlanskoj Regiji, BiH svaki treći stanovnik prezivao se Kovačević. aj bok",0,608619,-1
21657959,"objasnjenje nebus dobil.. ipak ostaje pitanje,ako je priznal,zakaj ne odsluzi kaznu i po pravomocnoj presudi?",0,608619,-1
21589949,Voli buniku,0,607137,-1
21588582,Neka samo idu treba ih još vise potjerati!!!!!,0,607013,-1
21589402,"Hm, pa netko ih je morao dovesti na vlast svojim glasovima? Pa gospodo sami ste si krivi a najviše su krivi oni što ne izlaze na izbore i nedaju svoj glas nekome drugome. Zaslužujete vi to sve! Velikiiiii pozdrav iz Dublina i Sretna vam nova 2019-sta!",0,607068,-1
21589513,"glistama se ne  sudi,,",0,607068,-1
21596521,"Kakav je to diskurs gdje se ova gore rečenica ""Uvedu li Euro, padat će glave!"", smatra primjerenom pa stoji.  Totalno neprimjereno, Admine. ",0,607184,-1
21596809,"Kao da se mi tu sto pitamo oni će to napravit kako njima to odgovara, a nas ko j..e!",0,607184,-1
21599213,"ja mislim da su za sve krivi srbi, trenutno stvarno ne mogu nikoga drugog kriviti za ovaj uspjeh stoljeća nego srbe!!",0,607322,-1
21657920,Koju nasu znanost?Zar Hrvatska ima znanost?,1,608607,-1
