id,content,label,article_id,score
21601947,"miko2312 ostavi se komentiranja, jer ako ovo nije zayebancija ti si panglup na desetu potenciju. ""Tamna"" strana mjeseca je opče priznata terminologija ljudi na zemlji, a zašto je tome tako pitaj nekog klinca iz sedmog razreda osnovne pa ćeš dobiti objašnjenje.",0,607370,-1
21594742,Možete slobodno na put. Danas neće biti bure iznad 5m/s. ,0,607215,-1
21622895,Pa ništa čudno...bilo napisano #Pipl in Croejša mast trast as# :)),0,607829,-1
21645345,"Ma tko može biti toliko naivan da je Hernadi preveslao našu vladu na ćelu sa Plenkovićem, ma ti lopovi su za to dobro znali!  Idu  logikom, ma ovaj anrod je glup, brundat će par dana i nikom ništa.",0,608195,-1
21622420,"Ili barem neki zatvor tipa brazilskih, meksickih, juzno-srednjoamerickih u kojima je tesko pozivjeti pet sest, godina a za to vrijeme svaki dan proklinjes samog sebe sto nisi ubio i sebe.",0,607848,-1
21647397,dikembe mutombo,0,608356,-1
21650749,"O nepravomoćnoj presudi odlučivat će i pravorijek dati viši nadležni sud. Imajući u vidu težinu ozljeda oštećene i njenu mladost, jer bezmalo je maloljetna, kao i bahatost optuženika, viši nadležni sud trebao bi preinačiti djelo u POKUŠAJ UBOJSTVA, kako bi mu se moglo dosuditi zasluženih 10-ak godina. ",0,608407,-1
21612345,"Zanim
Me tko bi im cistio wc, po starackim fomovima brinuo o njihovim očevima, radio po gradilistima, i u ostalim tvrtkama koje placaju pola bureka dnevno, trazili jeftinu radnu snagu, to su i dobili, i još se žale, pozz iz augsburga",0,607672,-1
21612521,"B.B.B a kaj ti znas o patnji hrv naroda? Osvrni se oko sebe covjece nista bolje nije kod nas nego preko granice, ali normalno, s**t cete po svima i svemu dok se isto ne pocne kod nas desavat, a pocet ce. J**o vas rat, sve vas koji ste cuvali vojarne po Istri i sj Hrvatskoj a danas ste svi Rambo",0,607680,-1
21646096,još malo pa će HDZ sa ministrom Medvedom tražiti mirovine za srbe koji su ratovali po  Hrvatskoj i BH,0,608363,-1
21588878,"Ja sam 90. godište iz grada od 10-ak tisuća stanovnika. Od moje generacije otišlo je preko 30 ljudi. Ja sam otišao ponajviše jer mi se ovo gadi, a nakon toga zbog nemogučnosti normalnog života. Za sve ove koji će reć8 da sam Drbin oli tko zna što,  jako dam osjetio rat, otac ke dragovoljac Domovinskog rata, majka i ja sm9 ranjeni u istom, proveli smo godine u izbjeglištvu itd.",0,607013,-1
21598817,lopovi sve smjenit treba citavu garnituru  a vi glupavi narode i dalje budite telad,0,607322,-1
21602330,Izdrzi pajseru.,0,607398,-1
21605681,"potrošeno je tu puno love na savjetnike ,putovanja provizije itd sada bi bilo moralno da odstupiš zajedno sa ministrom i vašim  lažima",0,607511,-1
21611062,"Carli,Hahahahahahaha, ohohohohohoho, hebo te Tito,taj nije nikad nikom nista vratio,samo je oduzimao od gladnih radnickih usta,za sebe svoje dvore i svoje vile, zlocinac bio i ostao.,ali odgovori mi ono o prodaji Ine,proguglaj kod zdravih ociju,sljepcu jedan.",0,607493,-1
21616860,"bando lopovska
od židova kupujete stare kante a ne od strateskog partnera SAD ,
treba kupiti barem 6 zrakoplova i to nova od SAD",0,607687,-1
21619533,"ursuss: HDZ ne krage zapamti,,,MI ( HDZ ) samo uzimamo ono što nije naše a narod nam to dopušta i onda to nije krađa već poklon od naroda.Krađa je kada se nešto na silu i bez znanja od nekoga oduzme.",0,607095,-1
21623902,"Demetra
Tu sei ""dietro con le carte""? 
= (Kasniš s kartama).
Ja slavim Badnjak svakog 24.12.  No danas je pravoslavni Božić. Opća kultura ajnc ( 1 ) sjedni. Mama i tata u školu!",0,607866,-1
21624419,Najpoganije je izdavati vlastiti narod i zemlju koja te hrani. Njega obilato.,0,607866,-1
21625254,"Od kakvog stresa?! Od stresa sto rjesio sebi i svojim buducim generacijama da bezbedno zive, da im nista ne fali u zivotu. A mi sto radimo, mucimo se i jedva sastavljamo kraj s krajem, mi srecom nemamo stres...",0,607863,-1
21627085,"Ne radim nocne sinek, moje je od 7 do 3 popodne, ali to je znanstvena fantastika za minimalicara i osobu bez ikakve ambicije poput tebe. Tebi je vrh minimalicarenje, konzerviranje, rintanje jer su svi sefovi valjda po tebi na svijetu najgori XD  ispijanje jeftinih piva iz Aldia . Ne znam sta se uopce upustam u raspravu lol zao mi te je lega, iskreno jer nisi ti kriv, takvog ogorcenog i jadnog te drzavetina te zivot u istoj napravio, nemam ti ja sta zamjerati, zivio. ",0,607863,-1
21627480,"Mozes ti trubit jos 5 godina pajdo , gdje to pise da ja to moram povjerovati lol ? Ides na ignore jer ne vidim smisao u gubljenju vrijemena ponavljajuci istie stvari tebi ""sefika"" hahaha. ",0,607863,-1
21628189, NitkoNikić: Ne griješi dušu. Iz svjetske države ERCEGOVINE koja je postojala proje svih država.,0,608002,-1
21629199,a ful je puno bolje ak se to dojenče razboli i završi na aparatima i ko zna kakvim štetnim ljekovima farmaceutske industrije? bolje spriječiti nego liječiti,0,608020,-1
21629237,"A pernatog u ludnicu,kao i njegove glasače!!!!!!!!!!!!!!!!!!!!!!!!!!!!!!!!!!!!!!!!!",0,608020,-1
21629262,"Popis HDZ afera i šteta koju su počinili svom narodu i državi:

FIMI MEDIA: 30.000.000,00
AFERA HEP: 630.000.000,00
HR AUTOCESTE: 25.000.000,00
AFERA HYPO : 5.000.000.000,00
AFERA PODRAVKA: 350.000.000,00
AFERA SPICE: 400.000.000,00
AFERA MEDIKOL: 231.000.000,00
AFERA HŽ: 20.000.000,00
AFEERA HPB: 245.000.000,00
AFERA INA: 2.000.000.000,00
RONCEVIC KAMION: 34.400.000,00
AFERA ĐAKOVŠTINA: 27.000.000,00
CROATIA LEASING: 17.000.000,00
SUNCANI HVAR: 571.500.000,00
SLAVONSKA BANKA: 150.000.000,00
AFERA BRODOSPLIT: 27.000.000,00
TVRTKA IMOSTROJ: 6.000.000,00
AFERA KAMEN INGRAD 60.000.000,00
AFERA SALONIT: 100.000.000,00
BLINDIRANI BMW: 4.200.000,00
AFERA BELUPO: 35.000.000,00
VŽ OTPAD: 220.000.000,00
JADRANSKA BANKA: 17.000.000,00
SKLADGRADNJA: 30.000.000,00
SHIMADZU: 200.000.000,00

Ima toga još...",0,608020,-1
21629768,"Evo pogledao sam i dalje tvrdim da baljezgaš gluposti.....Nismo prijatelji, čak se i ne moramo slagati, ali braniti glupost je za mene baljezganje..... Znaš Smogovoci, Pipi duga čarapa, Ne laži Melita, Zločesta djeca, Zuhra, Malnar u tom kontekstu..... ali eto samo ti dalje brani ovo super ti ide !!! Prijatelju !!!",0,608002,-1
21630076,napio se dečko pa mu izletilo ono što misli i osjeća al je licemjer pa to ne prizna,0,608038,-1
21630185,Bistar ko sin od stevice culeja,0,608038,-1
21630403,..sramotno..,0,608038,-1
21630496,hibrid,0,608038,-1
21630710,"btw. svak od nas najmanje dva puta u tjednu konzumira preko hrane namirnicu u kojoj je vise vitamina C nego sto ga sadrzi limun ili bilo koje drugo zitrus voce i povrce, a to je krumpir.!. Znaci koliko ga se jede ne bi smjelo biti oboljelih od gripe.. ",0,608020,-1
21630792,"pa izgleda dm-ov, hahahha",0,608020,-1
21631521,"ufffffff , ",0,608038,-1
21631531,"Mali bistar kao i tata,ne pada jabuka daleko od stabla",0,608038,-1
21631619,A zasto uzas? Zasto sramota? Bar da imam fotoaparatic da i ja mogu narisati neki slican prizor i poslati ga Pupovcu ili jos bolje njegovoj braci koji su bili cetnici '91 bas da vidim jel bi se ti cudio velikoj sramoti.,0,608038,-1
21632417,ljudi u Hrvatskoj!!!! Daj maknite ovog Ljencinu bmi lupetara !!!!! Dokle ga još moramo slušati!!!! Boli glava i Vrijeme!!! Nevjerojatno koji neskolovani u Saboru !!!! Bože pomozi Hrvatskom Narodu !!!!!,0,608014,-1
21632720,"Ne laži! I ne posipaj se pepelom jer nemaš pojma ni o čemu! ne znaš da je najviše exhumiranih jasenovačkih NDH žrtava bilo bez tragova nasilja dakle umrlih od epidemije tifusa 1942! Pojma nemaš ni koliko je ljudi streljano zbog pljačke, oružane pobune, bijega i sl. Ti sugeriraš u svom posvemašnom neznanju da je u Jasenovcu bilo masovnih ubojstava dakle istrebljenja, a to nije istina! Isto tako sada kada sam te demantirao dokazima više nije isključivo logor smrti aaaaaaahahahahaha a zašto sine? Zato što nikad nije ni bio! ",0,608038,-1
21632999,"Ružno je stavljati obezglavljenoga četnika u kontekst sa Božićem i cijelim srpskim narodom. Sve ostalo je OK. Četnici zaslužuju smrtnu kaznu pa i odrubljivanjem glava. Podsjećam da je najveća demokracija, ona francuska započela najvećom sječom glava u povijesti ljudskog roda i to od u ono vrijeme visoko obrazovanih i civiliziranih osoba  - Dantona, Robespiera i Marata.",0,608076,-1
21636152,Kaze grbavi da sam ja ti tj da si ti ja hahahaha,0,608164,-1
21636353,"Najbolji štos u svemu je što ovaj psihijatar stvarno misli da netko još ozbiljno sluša laprdanje Pernara, Kujunđića (ili kako se već zove) i ostalih, pa će potrčati raditi ono što im dotični sugeriraju. Još uvijek vjerujem da u narodu nema baš tolikih bedaka.",0,608164,-1
21641766,"Dobro je Relja rekao: ""Brate moj, ovo je Balkan, dobro znaju šta je to, mafi*a, novčanice, pevačice i turbo-folk Balkan, dobro zna se ko je ko.""! Mos si mislit, kakvu kaznu ce dobit!🙄",0,608296,-1
21642293,"Za sve uataske pokolje i logore, u kojima sluzbeno nije potvrdeno niti 5 tisuca zrtava a pricalo se o nekim stotinama tisuca. Dok je u komunistickom rezimu potvrdeno sluzbeno minimalno 200 000 zrtava a brojke koje se viruju da ce bit na kraju kad se sve izanalizira je zastrasujuce velika. Ne pricaj sta nemas pojma kralju. Kad je tebi u redu pobit nevinu djecu i zene pa i muskarce, to dovoljno govori kakva si osoba. Dok ne svatis da je komunizam najveci zlocinacki rezim u povijesti SVIJETA, a nacisticki odma iza njega, neces bit normalna osoba",0,608296,-1
21642966,"kreša , rukiju je bilo i biće , a tebi jedan 'grbavi' savijet sa ispruženom rukom ---- predaj stranku Marijani Petir , postani obićan ćlan HSS , i da vidiš , za godinu dana ste na 17,6% kao druga politićka opcija . U rh #",0,608327,-1
21643970,Draga ti provizija a,0,608311,-1
21644192,Stranka pametno sa svojim bankarskim lobijem brine o građanima haha,0,608359,-1
21644435,"I Pernara i Pametno treba na goli otok smjestiti, kao i njihove birače jer to je veća opasnost nego vladajući lopovi i one lopine koje su bile prije ovih ! Jadna zemlja koja ovako šta ima!",0,608359,-1
21644495,PutZaNigdje@ tvoj i moj komentar nemaju nikakve veze,0,608038,-1
21644506,Odi zuji u dijasporu,0,608358,-1
21644905,United Aircraft Corporation—Sukhoi’s parent company—has also secured a contract with Indonesia to deliver 11 Su-35 fighters for $1.4 billion ,0,608058,-1
