id,content,label,article_id,score
21612243,"Još jedan zanimljiv zaključak istraživanja: ""Mortality from ischemic heart disease among the vegans was slightly higher than among the fish eaters and the vegetarians"" (smrtnost od srčanih bolesti veća je kod vegana, nego kod vegetarijanaca i osoba koje jedu ribu).",0,607474,-1
21844261,Djordje 70 puta ti j...m....r.,1,612471,-1
21689802,Nisam ni mislio da cu od tebe nešto pametno čuti.... Javna osoba i tvoj rječnik ne ide zajedno.... Moglo bi se o mnogočemu raspravljati Mirko..... ,0,609306,-1
21625648,Jeli to mislite na anemičnog ?,0,607892,-1
21640567,Upravo to nije rekao !,0,608237,-1
21649174,"Osuđeni smo na propast. Bolje ni ne zaslužujemo. Ovi napadi dolaze od onih koji bi trebali biti uzor narodu. Doktori, obrazovani ljudi, a tako nisko su pali. Nakon ovoga se pitam kako su takvi uopće do diplome došli. ",0,608350,-1
21598429,...jpm...,0,607315,-1
21619127,"A sad ti grk 1: Da slažem se bila su takva vremena. Kad već spominješ kosti, znaš li možda u koji su grad dovezeni ostaci kralja Aleksandra i jesi li znao da su ga u Splitu svećano ispratili i plakali za tim ubojicom Hrvata. . Da tako je, dovezen je u Split i tamo je svečano ispraćen. :)  Ono što mene najviše zanima jest to kako ste vi mogli sebi dozvoliti da podignete stih baš te .etničke pjesme koja govori o dolasku tog broda tj. barke u Split. I to još transparent na čirilici.  I kako ste mogli dozvoliti da vam srpski navijači vraćaju i otkupljuju transparente Torcida. :)",0,607766,-1
21636520,"Ona se karala, a on ga nije umaka nigdi, kako ti kupus ",0,607969,-1
21644147,"Da, tu sam najviše jer ne želim dopustit da se ne čuje glas istine....prosli smo to već.",0,608342,-1
21632256,"Čitam da nam je nacionalni IQ 90. Na žalost svaki dan se uz vas takve kao ti big 
blue uvjeravam u to. ",0,608058,-1
21666767,Sta se vise zamarate sa Hrvatima u BiH ionako ste ih prodali i ostavili na milost i nemilost muslimanima i srbima ta vasa nebriga i dovela je ih u poziciju da bi opsatali uopce moraju od dva zla izabrati malo bolje a to su u ovom slucaju srbi.,0,608800,-1
21689919,"Ovim komentarom se Mirko, kako bi rekli naši stari, ""usro ko galeb"". Mogao je bez toga. Jedno je biti ljubitelj pasova a ovo je pretjerivanje. Sjetio sam ga se danas poslijepodne kada sam na cesti skoro zagazio u dva komada pasjeg dreka debljine oko 3 cm. Pa sam pomislio što Mirko radi sa tim nus proizvodom ako mu se pas posere u krevet?",0,609306,-1
21608626,"Većinu stvari kupujem u SLO i tamo je PDV na svu hranu 5 %.Na ostale proizvode je 13 %.Zato ljudi ako ste u mogućnosti ,KUPUJTE vani.Vani kupim karton pive (24 kom.) za 12 € (90 kn) , dok kod nas ta ista piva bi me došla za karton 144 kn.Hrana je puno jeftinija i ja uštedim po kupovini (idem 2 puta mjesečno) do 100 € ili 750 kn.",0,607365,-1
21652616,"Naslov si nabijte mami u guzicu, hrpa ljudi ima obitelj koja vozi opela i vraca se kuci",1,608531,-1
21651385,Neki se nabacuju godinama kao krumpirima. Nemate pojma da nakon deset godina čovjek više nije za normalan život. Pa za ubojstvo se dobije manje od deset. Ne branim njega samo mislim da je dovoljno dobio i još je priznao. ,0,608474,-1
21604061,"Rekla bi moja mater "" ako nemas sta pametno za reć, napij se vode"" tako i ti šta baljezgaš bzvz!?",0,607434,-1
21618515,Sigurno se ta rodbina potrgala oko njega . Covjek je pokazao sto misli o njima. S punim pravom.,0,607656,-1
21648412,"Mene čak i ne čudi što ih je pobrkao, nastup i kredibilitet vrlo sličan.  ",0,608350,-1
21606907,Možda autom na zebri.,0,607423,-1
21649846,Ti brijem sam sebe ne voliš kaj tebe muči Beljak boli Beljaka ona stvar pun je ko brod a ti da nisi jadan bil bi na skijači a ne kaj tu po portalu tračaš.,0,608441,-1
21639333,"tom klaunu se nitko ne usuđuje izaći na sučeljavanje. vrhunac ""argumenata"" antifa trolova su adhominem uvrede i ignoriranje tj bijeg od rasprave. vukić ima više u malom nožnom prstu nego svi antifa povijesničari u glavi, a kako bi i imali kad su preko starog iz komiteta podobivali diplome. vukić je za svakog antifa mitomana aka povijesničara ono što je glogov kolac za vampire. ",0,608038,-1
21676012,"ma jok,,,sto vise imas vise trosis ",0,607300,-1
21653801,"Otvori malo bolje oči i pogledaj, Dražen je u prvom dijelu filma prikazan kao luđak, a kasnije i kao teški nacionalist, a dokumentarac je Srpska propaganda uvijena u lijep emotivan film, od slike ludog Franje koji dijeli njegovu domovinu Jugoslaviju, ""građanskog rata"" i ko nas bre zavadi, do ""strašne scene"" silaska sa postolja njegove nekadašnje braće, na kraju mu u centru Zagreba neki mladić dobaci da je Četnik, a on jadan pognute glave sve to trpi, ma lako za Divca mene su Toni i Dino razočarali u tom filmu...",0,608520,-1
21589287,"kupil 2009 novog golfa 1.6 tdi , od prvog dana problemi , minimalno 4 puta godisnje kod Zubaka na popravcima nako 4 god. kad mu istekla garancija hitno se ga resil jer su popravci tak skupi da izludis.....do tog golfa vozil fiat bravu 18 god. nikad mehanicara nije vidla kaj se kvarova tice sad vozim Hjundai i30....fantasticni autic.....zakljucak nikad vise WV",0,607042,-1
21650729,Šest mjeseci uvjetno? To može dobit samo žena kad ubije muža.,0,608407,-1
21656163,"Ima vas tu visokih,niskih,srednjih a malo pametnih,tako da bulja je najbitnija,šta je i kako si u bulji,znam niske srčane kao i visoke ko curice,tako da....",0,608565,-1
21619675,"...a cemu to nama dajete na citanje ?...dajte to Srbima, da znaju, od kada datira njihova nakaradna politika",0,607742,-1
21611425,"...uđeš malo dublje u šumu di se ne vidi..., ako te pitaju što radiš, veliš da tjeraš štakora iz drva...",0,607450,-1
21805545,ili ce njega neki roknit,0,611712,-1
21685787,Otislo sve u krasan k...,0,609211,-1
21654103,"Sjedili su u prvom redu centralnog dogadjaja proslave i bili prisutni na svim najvažnijim trtenutcima.
Čović je uvrijedio i ponizio hrvate i bošnjake, dao nekoliko alibija četnicima.",0,608545,-1
21641859,"Dakle, žrtva želi da javnost bude isključena, ali ti misliš da je sud trebao udovoljiti tvojoj znatiželji?",0,608282,-1
21592616,Ako kupiš stari auto onda nemaš garancije ali majstora svakako trebaš,0,607042,-1
21655911,Jsdxno ti svecenici koji su mu pomagali imace vece kszne nego pedofili..posto njihov zakon nema zatvor mogu mu jedino zabranit da se priblizi crkvi,0,608544,-1
21592038,"Tata budala koji ostavlja dijete od 4godine samo u stanu,....",1,607166,-1
21677306,"
Među optuženima je i Marijan Novoselac (50), direktor tvrtke Cezareja iz Nijemaca, koji je vatreni navijač hrvatske nogometne reprezentacije
Željko Alerić.   Aleksandar Vukičević Sve do jednoga HDZ bojna.",0,608968,-1
21639900,"jackal, nemoj da se odričeš tvoje federacije i tvojih islamskih bošnjačkih cvijetića.",0,608100,-1
21592781,"ne znam samo će mu se radujete ako znate da je čovjek sve to izmislio da mu ne bi bilo dosadno, na primjer dani ponedjeljak utorak srijeda....,minute,sekunde,sati,,datum ,mjesec, godina bog,božič, biblija,na kraju smo samo obične prljave životinje koje uništavaju ovaj planet gore nego iti jedna životinja do sada!!",0,607117,-1
21591673,Najbolji u Spanjolskoj i jest. Sve trofeje je uzeo i najbolji asistent i strijelac. Ko bi trebao dobit tu nagradu? Jedino logicno ako se bira za Španjolsku,0,607162,-1
21605619,kak si to mislio prčvarnicama? kaj se izrugujemo od sad ako sam fino pitao...,0,607231,-1
21591891,2750 grama! To je premalo. Normalna beba treba imati oko 3500 grama.,0,607169,-1
21615923,Bu to Mile popravil za dvije milje KN. ili €,0,607732,-1
21604862,Austrijanac u bosni 😂😂😂😂,0,607475,-1
21643206,Ako mi se uprlja tkanina natjeram majstora da presvuče u novi))),0,608267,-1
21611498,"Jedan od rijetkih smislenih komentara, jedna od rijetkih osoba koja ne gleda dalje od nosa. Svaka čast Branimire-888 na zdravom razumu, to je nešto što nam kronično nedostaje.",0,607322,-1
21647859,Drugi imaju člansku iskaznicu hdz-a šta?pa im se svi grijesi opraštaju?nevjerojatno.,0,608384,-1
21600007,NASA je zakon 😊,0,607353,-1
21664347,"Kod kosovara ne smiju zucnut, a kamoli četnikovat kao kod nas. Kodovar odma jednu preko usta i mir. Kod nas žive kao lordovi, zaštićeni kao čovječje ribice (zanemarite čovječje), i dok se politika i sveopća svijest prema četnicima, a najviše njihovim potomcima ne promijeni, bit će samo gore i gore.",0,608766,-1
21600145,Zanima me zasto si joj bivsi?🤔😂😂,0,607248,-1
