id,content,label,article_id,score
21601581,čudno je kako su ga snimili kad se rotiramo 1600km/h a cijela galaksija 700 000km/h jako zanimljivo.,0,607353,-1
21611482,Kaj znas kak je u vrapcu?? Iz iskustva zboris? hahahahaha,0,607646,-1
21615161,I lonac sarme,0,607721,-1
21677520,"neka uzmu ""gripen"", ili još bolje original f-16, pa u nato paktu ste, ne mere se sedeti na dve stolice, malo mig nato, malo rusima -agrokor, malo mađari-moll, malo akademik čović-bih...mor a doći KRAJ...",0,608969,-1
21628693,ovo je mini jugoslavija koju vode jugonacionalisti. udbaški kalifat iz kojeg hrvati sele kao i 45.,0,607958,-1
21637311,"da je država pravilno usmjerila koradu, danas bi bio živ a mali bi mu bio više vani nego u bajbokani! kaj, fulal sam temu? jeste sigurni?",0,608183,-1
21644924,"Ma bravo, vidimo da Srbi jedu govna... Sto to znaci, da moramo i mi?!? O zemljo Indijo profundaj se!
Pozdrav svim ljudima dobre volje.",0,608356,-1
21646421,"Otetu imovinu od Židova i Hrvata i dan danas koriste antifašisti koji urlaju o fašizmu, a ni na kraj pameti im ne pada da vrate židovske nekretnine. U Jalti je ozakonjen genocid kojeg su uz blagoslov i logističku potporu zapadnih demokrata počinili komunistički antifašisti koji su u povijesti poznati kao najmonstruozniji genocidni zločinci.. ",0,608356,-1
21647717,"Na zalost ne vjerujem da ce ovo probudit narod i ujedinit da mogu mnogo napravit ako hoce, a trebali bi svi jer smo jaci al i sebicni",0,608384,-1
21654625,"Nadam se da će ih naša policija uhvatiti,  ali za tako sitan novac će dobro robijati, jer krnje ugled lopovima i kriminalcima koji kradu i pljačkaju na stotine milijuna.",0,608509,-1
21655944,"Isus Krist je vaš odvjetnik i zagovornik drage hrvatice, tako zbore naši biskupi i svećenici, a te lude žene im plješću i protestiraju protiv svojih prava!",0,608563,-1
21656046,"Katastrofa komentar, jel te sram, kakve veze ima jedno s drugim!?",0,608570,-1
21656328,Kako mozete ispod ovakvog clanka tako nesto objavljivat!U paklu cete gorit.,0,608570,-1
21656890,Sute i muskarci i sta cemo sada ? Zakljucak = nemoj sutjeti i izbori se za vlastiti zivot. ,0,608563,-1
21657403,"_Q_ pardon, nisam detaljno pročitao članak nego sam pogledao sliku na kojoj mi dotični izgleda stariji od mog ujaka koji ima 50 godina... Sad mi je još više muka da pored takvih probisvjeta pošteni ljudi ne mogu dobiti mirovinu, jednostavno fuj",0,608563,-1
21657800,Jebeni mangup,0,608616,-1
21658160,"Auuu! Eto... Opet murija radi štetu! Da ga nisu ganjali puškama, nebi bilo ni sudara ni ozlijeđenih... ",0,608613,-1
21658561,Siroti ovi u Megančeku nastradali ni krivi ni dužni!!!,0,608613,-1
21659794,"Smrket nemoj se prepirati s takvim, pogledaj samo povijest kometara btana i slicnih.. nema nijedan pozitivan komentar samo pljuvanje i vrijedjanje srba.. ",0,608682,-1
21659940,"Macko, ja cu samo uzet stikle, one crvene, sjecas se slike?😆 pa da vidis sta cu im uradit, svi budu lezali 😂😂😂",0,608682,-1
21659982,ajde kupi se u srbiju. stavio si tuđu sliku i glumiš žensko kako bi popušili bratstvo i jedinstvo.,0,608682,-1
21660257,marinette opravdavat cu ovakve klosare dokle god su oni najvece klosarcine koji su unistili ovu drzavu jos na slobodi i to si zabij u glavu,0,608613,-1
21660321,"pa gdje su ti srbi domoljubi? ovdje oko mene četnici hrvati, a da neće srbi",0,608682,-1
21660443,"Ma mi smo sramota od naroda,počevši od tog starog što vozi bez vozačke,divlja po centru zg i misli da če pobječi policiji,on je bio potencijalni ubojica. A što se tiče naše države već i ptice na grani znaju da smo mafijaška država s kupljenim glasačkim tijelom.Ne brini ,ionak če sve otici k vragu jer tko to više može plačati,te nezaslužene,nezarađene lažne mirovine i izmišljena radna mjesta u drž. upravi.",0,608613,-1
21660788,ako su od prije poznati policiji pa zašto ih onda jure ako su njihovi poznanici !!!hahaha čudna ta policijia !!!,0,608613,-1
21662792,"dal - glup komentar, na razini dvanaestgodišnjaka.",0,608613,-1
21663220,"Pa koja sloboda govora jbt. ja napisem kako su za rata i tzv. RSK Srbi likvidirali ruskog novinara vi brisete, sramota",0,608682,-1
21665786,cak i tu?? admini zas ne blokate ovu spodobu,0,608785,-1
21666652,Papatest pljusni se,0,608785,-1
21667468,Slavko zašto nisi došao branit domovinu kad je tribalo ?,0,608737,-1
21667506,Tko ti je to šapnuo?,0,608815,-1
21667855,Ne daj Boze nikome ovako!!Nikome! Cijeloj obitelji iskrena sucut! ❤ ,0,608822,-1
21667869,"Glupost. Nikada ne bi glasao za HDZ, ali bi prije dao glas njima nego Markički.",0,608815,-1
21669753,"Jos jedan pijani vozac i stara kanta od autobusa.
A svi neispravni prolaze na isputnim stanicama ?????!!!!!",0,608832,-1
21670676,"""gonja""????Mili Boze!!",0,608853,-1
21671712,A s cime?!,0,608815,-1
21671773,to se zove Umri muški,0,608877,-1
21724550,Pocovao u miru a majci neznam kaj reci teska bol majko,0,609957,-1
21589601,ne nisam ostavila svoje govno ni urin tamo i ne ne pijem kavu uopce a ni flasicu nisam mogla imat jer nema hebenog obicnog ducana tam....a i mene su roditelji naucili da smece ne bacam po cesti ili vodi sto ocito ti radis kad mene prozivas da sam to napravila....nisam nekulturna kao ti......i decec ak je tebi luksuz ici u veneciju onda stvarno zalosno,0,607124,-1
21589736,"Jutriccccccc,,,,,kafeeeee,kafeeeee jedan kanister molim,,,,,faknime💋💋💋💋👄👄👄👄👄👄",0,607018,-1
21590976,"webote..., provocira, pusti ga. Moja stara je iz Dubrovnika, pljunula bi ga u lice zbog ovoga.",0,607124,-1
21591390,Dobri ste. A inicijali ozlijedjenog Č. A. haha,0,607144,-1
21591410,"Kaže VALDEC koji je prošao sve rute migranata da ih se iz Sirije i drugih zemalja legalno sa papirima, avionima dopremi u Tursku, oni tada vlastite dokumente unište ili vrate poštom doma i tu kreču u ilegalne pohode financirani Soroševim novcem, od zemlje do zemlje kako pređu imaju punkt na kojem dobiju određenu svotu novaca na UNICEF-ovoj kartici i to je to! Kaže da kada dođu do obale određene zemlje sami probuše gumeni čamac ili unište drveni kako bi ih ""spasili""!",0,607164,-1
21591832,Mato Vilčić .....i tebi sve najbolje u novoj godini 2019 sa punih 365 dana......,0,606743,-1
21592154,"Haha samo se beru pare i ništa ne ulažu ja sam bio tamo od malih nogu i sad imam pola stoljeća, ništa se ne obnavlja , pogledajte samo jedini parkić do samog trga San Marka, ne trebate ići tamo samo guglajte .",0,607124,-1
21592968,Trebao je pobjeći u Hrvatsku sigurno ima dvojno državljanstvo ipak su nam Srbi bili saveznici u bosanskom ratu a i sada s Čovićem i hdzeom.,0,607187,-1
21593019,"Delaware @ Glupane razgovaraš sa Austrijancem , kome je uska specialnost Balkan a naroćito južna granica Austrije šta podrazumjeva ex SFRJ, tolko specialna , da je služio i bio vezan na tu zemlju,  skoro pa ćitav radni vijek . Ako pak misliš , da žalim ijednoga iz "" Blaiburga "" grdo se varaš , kako su pokazali događaji 1991g , pobijeno je još 1.000.000 njih na svim stranama premalo !  ",0,606174,-1
21593078,"ti si toliko indoktriniran velikosrpskom mitomanijim da ne znaš čak ni osnovne događaje koji skidaju svaku genocidnu stigmu s hrvata i ndh, a to je da u ndh NIJE bilo genocida nad srbima. upravo suprotno boljševici su u ndh planski od ustanka u lipnju 41. pa do poraća 45. sustavno vršili istrebljenje hrvata. sva bliža povijest liberalnog zapada počiva na lažima.",0,606174,-1
21594403,dacdd…. haahaa…. a kad taj andrealin pogine kazemo da je bila nesreca…. ,0,607208,-1
21595365,"nije zagorec, jer zagorec vubije rođenog brata kad se nalije gemišta zato kaj mu je prešel na njegovu među ",0,607221,-1
