id,content,label,article_id,score
21627908,Lep ko greh.,0,607980,0.4020720973843425
21633212,Eto ja ću te pamtit po dobroj guzi ako je to ok za tebe.,0,608072,0.4017914525668316
21645079,Vidi pristaše šta im prstići lupaju minuse!,0,608366,0.4017464927974052
21653842,I tebi sretni Ahmici i Srebrenica.,0,608545,0.399014840941947
21610373,Da i dodje nisam luda to slusati.,0,607607,0.3988324504175402
21622496,Uzmi ih ti ,0,607845,0.3980076887229909
21596713,"mos si mislit,kak da nisam probal",0,607191,0.3910227845241875
21607363,pitaj mamu svoju.,1,607415,0.386315757337918
21609031,..Vala mudro besjediš..,0,607038,0.3860732736182444
21592874,"Kaj zbilja,ti si ....",0,607169,0.3821335870170652
21648024,Trebo to dobro maznut,1,608207,0.3820135241127284
21599413,Kako siješ tako žanješ.,0,607340,0.3819083366188907
21675854,I tata bi sine...ali nesmijem!,0,608934,0.3793826876808122
21631846,Mrgudu je dala da ga oraspolozi ;),0,608050,0.3789840490589917
21598321,onda nije niš' čudno da smo takvi majmuni,0,607204,0.3785732921824561
21613380,Dosadni ste vec !,0,607687,0.3777573694576799
21644584,Taj bi daleko dogural u hdz-u,0,608354,0.3773583478869721
21608452,Pa obukla sam cipele😂😂😂,0,607038,0.3773267195810819
21641339,Ti nista ne kuzis jer si pameti kao i Pernar.,0,608266,0.3763647145243199
21615942,"Imaš ti kakav argument, pored ad hominema? Ili si samo triggered pa bjesniš",0,607655,0.3756354718755055
21623862,"Ajmo jedan glupi članak, nismo dugo",0,607892,0.3749765231294407
21611332,Nisam te to pitao. ,0,607600,0.3744634571795257
21642671,Ko i bratu od dotične kopira njega valjda,0,608282,0.3741566881402836
21645018,go zaštitar go u bosnu ,0,608360,0.3738079259713575
21619685,yebate treba tu prdu napunit😂,0,607713,0.3727903150660881
21593763,I karas li ista? ,0,606729,0.3727331399706733
21599842,"Ma nema ti više dobrih, a slobodnih😢",0,607234,0.3705834198568004
21628186,pa već su otišli svi koji nešto vrijede ostali samo hdz domoljubni uhljebi i penzići.,0,608002,0.3698917904274273
21639180,"Ne znaš ti ni pričat ,kamoli novce izrađivat ",0,608211,0.3696138420600314
21611666,ti si uspjesan,0,607389,0.3687831111654681
21652067,cuj ovog sto izmislja haha kakve kazne su to oni platili?,0,608428,0.3686641126715776
21672145,"I ti isto, Ajmo uže pod vrat",1,608890,0.3683457225989607
21723441,pa pernar je to omogucio kaj se cudis,0,609953,0.368063135838754
21632007,Čačić pa reformist ma dajte. ,0,608053,0.3673772377542194
21589427,Hvala  lijepa i tebi.,0,607117,0.3672055667032902
21659034,Ashley sad ga fino dudlaj.,0,608498,0.3671913606174712
21619596,Joj daj ne seri treba ga maziti sa perom,1,607783,0.3668223416606607
21643614,A lako budaletine kakvi smo mi Hrvati nadmudriti.,0,608195,0.3665654511097727
21671272,super..napokon ce se podici kvocjent intelugencije nase policije,1,608863,0.3659979911469245
21593301,Jako si pametna!,0,607143,0.3655098463972254
21612178,"Šuti, osta ti bez posla.",0,607673,0.3653174450890388
21616218,Nista seta se po Sl. Brodu pije kavice i tak ,0,607720,0.3651298629584152
21624632,Ajde stetno mu bilo,0,607899,0.3650904519915146
21628450,Malo si se zaje... Nauči prvo nešto a onda budi smiješan.,0,608002,0.3645185840144426
21625339,Kako sijes tako žanjes...,0,607880,0.3642025414605732
21589881,garava rasol i pusa stižu.,0,607018,0.3634119421022039
21656798,Kolko platiš tolko dobiješ,0,608416,0.3634026436591076
21673756,baš....šta je sve ovaj odbranio a Loris popusio onakav gol,0,608918,0.3633410176133074
21638586,Keba je Sevku obradio...,1,608211,0.362813684891796
21612119,Juzba znaci sale mutavi ti je idol?,0,607675,0.3626132190407941
