id,content,label,article_id,score
21602328,"Daj molim te prouči što znači TERMINOLOGIJA. Stvarno ima likova koji misle da su pametni kao sto enciklopedija, a ni hrvatski jezik i hrvatske pojmove ne razumiju. Kakvu školu si ti završio to nitko ne zna niti kako.",0,607370,-1.0
21594782,"Imate li kakav pametniji prijedlog s kojim ne bi maltretirali ljude. Zapravo to je od vas nemoguće očekivati. Država daje poticaje za sadnju duhana a onda bi zabranjivala pušenje. Kada bi zabrana pušenja bi i znatno stroža i kada bi cigarete poskupile 50% , naravno da bi se smanjio broj kupaca cigareta ali bi država taj novac od poreza na cigarete nadoknadila od nečeg drugog. Tako bi naje**** i nepušači.",0,607211,-1.0
21597199,"Ma zbog tih parazita  je i pao Karamarko, Hasanbegović i ondašnja vlada.Kad im je Hasanbegović ukinio njihovo reketiranje,visli su pred vladom po cijele dane i kukali kako nemaju što jesti.",0,607272,-1.0
21597200,"c/P: F-16 manufacturer Lockheed Martin announced early Wednesday that the Air Force had authorized service life extension work, which could keep the fighter jets flying past 2048. The service life extension program (SLEP) will encompass lengthening the lifespan of up to 300 F-16C/D Block 40-52 aircraft from 8,000 to 12,000 flight hours.",0,607272,-1.0
21597291,Možda dvokrilne i trokrilne fokkere iz doba Crvenog baruna,0,607272,-1.0
21597299,drugarice fna... jesi li pročitala što ti napisao Mrki Medo?,0,607272,-1.0
21599346,Braslave bogme si ga lupnuo...univerzalno!,0,607297,-1.0
21599446,Neeeeeee.😂😂😂,0,602498,-1.0
21602321,"macor11:
Ateisti ne mrze? Bubneš i ostaneš živ...",0,607297,-1.0
21604768,A zasto bi jednom Bosancu bila HR cilj  za zivot.  Kada vi sami svaki dan po petnaest buseva punite ka Njemackoj,0,607475,-1.0
21605211,Pa i nije lose...mogao je naruciti dostavu u kucu i ubiti se na plejki ko konj...6-7 dana..pa to je super jbt,0,607505,-1.0
21608197,Pa dobro kad ces odgovoriti gdje sam to tocno uvrijedila tvoje roditelje. Ovdje jedino citamo tvoje uvrede da sam ja kurva i spodoba a ni jednom jedinom recenicom ni rijecju nisma uvrijedila ikoga pa cak ni tebe,0,607505,-1.0
21605367,Ti si k.... a ne branitelj !,0,607400,-1.0
21646170,"Trebate li financijsku pomoć? Jeste li u bilo kojoj financijskoj krizi ili trebate sredstva za pokretanje vlastitog posla? Trebate li sredstva za podmirenje duga ili otplatu računa ili za početak dobrog posla? Imate li nisku kreditnu ocjenu i teško je dobiti kapitalne usluge od lokalnih banaka i drugih financijskih institucija? Evo vaše šanse za dobivanje financijskih usluga od naše tvrtke. Mi pojedincima nudimo sljedeće financije:

* Investicijski zajam
* Komercijalno financiranje
*Osobne financije
*Poslovne financije
* Financiranje izgradnje
* Poslovne financije i mnoge druge
Za zainteresirane klijente Kontaktirajte nas putem e-pošte: infotech.proton@protonmail.ch
Web: https://www.trepup.com/protongroup",0,608349,-1.0
21609032,"poz generalu iz mrkonjića,šipova,bočca,glamoća,grahova gdje je njegova ekipa desetke dane čistila tvornice,hotele privatne kuće,asfaltne baze i sklanjala ubijene poslije pogibije najpoštenijeg branitelja pauka,zato su danasnji generali čermak,rojs,zagorac,gotovina,krstičević,sopta,jelić i ostali najbogatija elita u hr",0,607433,-1.0
21609700,"Željko, ne čitaš ni članak, ni komentare. Valjda ujutro napamet napišeš 'šalabahter', pa dok ga ne isprazniš, ne odustaješ. Ajde sad lipo pročitaj; prvo naslov, a onda tekst članka. PA TI NAMA reci šta bi TI napravio ovom ''ministru'' za ovakvu izjavu? ( osim...ako ''u tvom svijetu'' ovoliko bezobrazluk nije nešto što se podrazumijeva, i normalno je ). ",0,607588,-1.0
21621815,Ma neeeee jos! Pa zasto? ... nek se desi jos par slucajeva pa tek onda nek izađe novi zakon. Slucaj “Daruvarac” je tak bezazlen ne. Jadna drzavo.,0,607826,-1.0
21623432,U blatu je jedino srbija sa svojim nasljednicima Miloseviceve vlasti a ti Pupovac i ostali znate dobro gdje je granica,0,607844,-1.0
21624999,baš je bil lepi onak okrugli...kak pajcek,0,607863,-1.0
21629054,Evo online kaznjenicke bojne,0,608020,-1.0
21631367,"šeći, šeći grbavi, muc, muc, muc... zadovoljan... hajde briši me",0,596193,-1.0
21649863,Bicko kao i ostali adezeovci kao i njihovi biraci.,0,608432,-1.0
21652274,hahahahahaaha.................hahaha žz populizam u napadu...........hahaha 2500 ste mislili onih koji nisu u komunama!,0,608458,-1.0
21771489,"Ovo je kao onaj ""A gdje je pečat"". I eto ti popularnosti u Hrvata, ccc",0,611053,-1.0
21596896,"Čuj,Hrvati....a da nisu možda Bosanci sa hrv državljanstvom ? Mislio sam da treba biti pismen da budeš novinar,ali ekipi iz 24 sata...kao da im je netko iz HRAST-a novinar,a bome i admin hehe....ajde,sad me šikni van :p :p :p",0,607221,-1.0
21596712,I ovako STA Ce nam te kante od aviona ili novo ili nista mi Hrvati smo puni para mala svicarska smo samo novo dolazi u obzir jer tako gospon Plenki i ministre odbrane ,0,607272,-1.0
21596700,"eto dejo sada i ti tužan što nije uspjela i ova pljačka velikih domoljuba naroda,,a kaj i ti možda trebao dobiti dio kolača od pljačke kad si mi nekako nervozan što nismo kupili stare kanturine.",0,607272,-1.0
21596673,Da i držač za čašu,0,607272,-1.0
21651799,kad bi bar tebi nes moglo pomoci,0,608440,-1.0
21653321,prco.. yugoskole-.. pa ova hdz škola j e gora od one  njemačke iz 41.. pokrali i rasprodali SVOJ narod..,0,608356,-1.0
21660682,"ne možeš ti ić na dan pada vukovara u beograd i gostovat na njihovom radiju i vrtit mantru da u vukovaru nije izvršen genocid na ovčari. pernarovi fanovi su sve nekakvi extremni srbi kojima je svima od reda tito idol, a tito je bio najveći genocidni zločinac u povijesti čovječanstva na ovim prostorima koji se proslavio likvidacijama nedužnih hrvata samo zato jer su bili hrvati. pernarov nacionalni identitet je sumnjiv i ja mu ne vjerujem. na stranu sve to što priča, a suzdržava se da ne prasne u smijeh dok drži figu u džepu. neuvjerljiv je vidiš mu da ne vjeruje u ono što obećaje. dojma sam da mu je IQ prosječnog obožavatelja na razini sobne temperature. ",0,608682,-1.0
21668078,"Ja bih samo primjetio da kad bi se zabranilo komentiranje, onda bi komentiranje trebalo biti zabranjeno na svim clancima, jer na svakom ima komentara koji se odredjenom broju nas vise ili manje ne svidjaju.",0,608822,-1.0
21669395,Jebem te usrani zivote..,0,608836,-1.0
21670425,Mutna posla?🤔,0,608860,-1.0
21670593,đankiji ne biraju kad je hića,0,608815,-1.0
21671595,Onakvu kakvu ti trošiš...,0,608877,-1.0
21671809,Koji klosar ajme,0,608877,-1.0
21672041,s pi*kom u mislima...bravo,0,608877,-1.0
21672717,"los dan,idemo dalje? na nesto sto je bilo pitanje vremena jer sigurnost nije bila na prvom mjestu ? im*e*il jedan",0,608836,-1.0
21724823,"dol.... zdal ne samo Vukovar nego  cijelu hrvatsku. sdrp 1989e razoružao hrvatsku i naoružao čede. sdrp bi trebao odgovarat i za sve ljude koje su čede pobile oružjem kojim su ih naoružali! Pošto je naoružao čede niije niti čudno da se cijelo vrijeme, pa i sad bore protiv RH. Samo što ih narod prepoznao pa se raspadaju ii nestaju.",0,609957,-1.0
21726353,"Družea kako je to JNA mogla preuzet oružje TO 1990e ,ako ga je u Hrvatskoj SKH-SDP predao 1989. a Slovenci ga nisu htjeli dat  ii obranili se njime? Hoće lli sdrpovci odgovarat za svakog ciivila kojeg su čede ubile oružjem kojim ih je naoružao i.r. ?",0,609957,-1.0
21588830,"Haarp dere sve u 16..daj moramo maknut ovaj kod Tušilovca, sve će nas pobiti. Geostorm film pogledajte ga.",0,606856,-1.0
21590367,Opet cenzure 😕,0,607144,-1.0
21590480,"hehehe najjači su ovi čobani što iz sela nisu izašli a znaju kako je negdje. ti si Veneciju vidio na internetu, kao i sve drugo. ",0,607124,-1.0
21591770,"hadred 18

Oprostite g. kolektoru, lapsus calami.",0,607124,-1.0
21592352,"Za ljude bez mašte su nalickani resorti s plastičnim palmama i šarenim koktelima. Za ove druge su mjesta kao Venecija i oni će ju sagledati sa svim svojim vrlinama i manama. Pazi ovu, u tri sata protrčala glavnim trgom i ona komentira kako ne valja? :))) Nisi ti sanja Veneciju ni vidjela, iako si kroz nju prošla.",0,607124,-1.0
21595241,"Red_army:@ Ma da! A nije li mozda zato, sto su novce pristigle iz SAD ulagali u  proizvodnju i stvaranje novih vrijednosti, razvoj tehnologije i obrazovanja, i nisu se razbacivali novcem gdje god su stigli i kako su god stigli kao sto su radili vlastodrsci u svim bivsim komunistickim drzavama sa N.R.  Kinom medju njom?? Zasto su onda, ako je komunizam toliko dobar  cak i Kina, Rusija, Vijetnam, sad eto i Kuba presli na kapitalizam kao gospodarski model? Tajvan izdajnicka americka kolonija?? Sigurno i Juzna Koreja, Japan,  Njemacka, zapadno-sjeverno europske drzave,,,,,,,,,,,. Zasto izdajnicka? Mozda zato sto su sve vrijeme u tim izdajnickim kolonijama,  vecina njihovih ljudi (izuzetaka uvijek ima) zivjeli 10tak puta bolje nego ljudi u komunistickim drzavama? Jesu li trebali biti siromasi da ne bi bili izdajnici i kolonija? Zasto je onda cak i Kina preuzela gospodarski model kolonijalista (SAD) i izdajnika (Tajvan i ostali)? I nisu bas svi cistaci WC-a u kapitalizmu. Velika vecina su ipak radnici svih strucnih sprema od NKVm SSS do VSS, u svim vidovima industrije, poljoprivredi i ostalim granama gospodarstva. Ne znam sto podrazumjevas pod KMET, ali ako se radi o radnicima u poljoprivredi kmet ako je dobro ili adekvatno placen za svoj rad NIJE kmet. Ako ti je kmet svaki onaj tko mora raditi da bi zivio i placao racune, ne znam sto da ti kazem, osim da je onda jasno zasto je komunizam propao..........",0,607210,-1.0
21595533,"""Izvjestaj"" , ""krivicno djelo"", sto je admine malo ste prekopirali tekst. Umjesto da tu lijepis zute idi reci studentu da je glup i nepismen.",0,607218,-1.0
21596658,"Jbo ovu nakaradu od drzave gdje je samo bitna zarada. To trcanje za matrijalnim je dovelo do velike netrpeljivosti medju ljudima! Nedo bog neki rat,ovu drzavu ne bi imao tko branit a to sve govori o danasnjem drustvu koje su stvorili kapitalisti",0,607210,-1.0
21596362,"Sretna nova:)
???",1,603498,-1.0
21668098,kaj si ga cinkal?,0,608777,0.4032336904148762
21592878,Da si htio..skočio bi,0,607166,0.3871090810190616
21597010,wawrinkina ku...a,0,607254,0.3652050616995526
21668708,Da da u pravu si.. ,0,608245,0.3645362738026178
21594445,Kao da je od m u d a. sasivena,0,607143,0.3600225283370468
21617769,"Medvide ,javi se.",0,607752,0.3585800532769495
21655794,"Ja imam 1,93 i iskreno sladje su mi nize zene ;)",0,608565,0.3582473226955658
21758575,Treba ih je.at redom,1,610769,0.3579543499202345
21604299,"Love mu neće falit, stepenica No.1. Ostatak mater i ćaća će napravit od njega...presmjesne mi ove nađak babre. Teško ovo analizirat?!",0,607317,0.3558568867506472
21591697,Da sam bar ja ovakav papucar..,0,607097,0.3524562171212593
21619158,Pa dva dnevno.. Onda menjam,0,607579,0.3523314642094207
21643761,"On negradi BIH neko ju potkrada.
",0,608275,0.3508423975178158
21638425,Hahaha.. nisi ponorila jel 😁,0,607556,0.3494968814786338
21639900,"jackal, nemoj da se odričeš tvoje federacije i tvojih islamskih bošnjačkih cvijetića.",0,608100,0.3475009503224266
21655600,Ko intebe a,0,608416,0.3473915445659079
21633356,a jos ih ima ko kineza,0,607885,0.3472869575092767
21679093,"Eto nam braca siptari.,",1,609033,0.346457452332062
21642734,"eee, ali u alpama.",0,608263,0.3463014602822164
21593271,Dobre su samo za jeb....,1,607141,0.3442748723587221
21631991,Jeste dosadni vi preobučene komunjare. ,0,608065,0.3436583076753562
21641194,"ahaha.kad,tipasalo.onda.ti.je.valja",0,608261,0.3429764836762108
21627202,škver evo i plus kad si i ti konačno spreman.,0,607873,0.3427639475686611
21623683,Zove se Cedomir! Pametnom dosta.,0,607848,0.3427351118315948
21645613,visoko - jasno ti je da karikiram i šalim se ?,0,608366,0.3408997305227708
21613489,ukokati ga kad zaspe.,0,607666,0.3391103524728712
21640363,A mogla joj je klitać polizati,0,608115,0.3378603039128786
21653396,Znas da bi ti javio..😉,0,608205,0.3369904912397624
21602436,.... Taritaš taritaš...,0,607382,0.3368279983040392
21668240,Zašto mi dišite na PARKERA! Tj. tArAbA. ,0,608787,0.3364992954559943
21622147,pa di baš u stup..,0,607841,0.3359484248933688
21646865,Aaaaa psmtr,0,608205,0.3354589469720117
21589083,Misevi se sakrili,0,607082,0.3338011788437575
21596601,Što je to sujeta ? Dotepenac u HR.....,0,607241,0.3326048910516223
21701523,Vjerodostojno.Zna se.,1,609543,0.3315000344563836
21591906,Petarde pukle prerano.,0,607144,0.331240520586053
21599537,Svi jedu špeka samo Modrić Luka...,1,607311,0.3296776236213274
21636001,"Tata je sad najoštrije osudio ideologiju svoga ispridka. Pa kaj sam ga ja hranio takvim materijalima i tekstovima, ko odgaja svoju djecu ako ne njihovi roditelji. Pljuc.....",0,608139,0.3295426112303857
21671980,Mare slj vikend superkombinacija lp,0,608871,0.3289639664050026
21633525,Indira Levak Sierković Vakula. ,0,608029,0.3288934645764403
21622677,"Ah kako ste glupi, nevjerojatno. Ne može se ovcama ništa objasniti.  
",0,607794,0.3285139723928476
21631176,Dobro koji k*rac vise,0,608062,0.328103870242637
21627980,Ako ga ne pozdravis kad zavrsis onda te gađa govnima...,0,607985,0.3280208656231661
21682437,"Dovoljna je činjenica da još dan danas u gradu heroju Vukovaru postoji segregacija, a od strane samih srba. Pametnome dosta.",0,609091,0.3278941036655963
21644700,Treba pitat onog jadnog kineza.,0,608246,0.3274134028757841
21668373,"Njegov prosjek je 5 komada u mrezi tako da je ovo dobro...
Ocajan golman...",0,608826,0.3272152755726922
21641755,Hahahahahaha čuj ovoga bisera .A tko je to ih hadezeja izvršio kaznu zatvora da čujem ?,0,608277,0.3268628283903824
21610676,"misko243, gluplji primjer nisi mogao pronaci? Dijete od 4 godine ce citat plakate😂",0,607587,0.3257750696000128
21625445,sever...sindikalni njonjo...,0,607916,0.325688820016009
21623692,pa ovi što prosvjeduju i žele da ih europa gnjete,0,607787,0.3256630371725121
21662821,Jasta tudjim k... 😜🤣🤣🤣,0,608212,0.3255604569127251
21641700,Onda bi popravak išao iz proračuna znaci našim novcem.,0,608239,0.0009350412874482
21597058,"Vidi ovaj tinejđerski bijes. Prvo se prijeti da ce se tuc, onda kad netko prihvati se povuce :( Klasicni 14godisnjak.",0,607156,0.0007739024586044
21639833,"Uživajte,nadam se da i vitez uživa pod snijegom",0,608203,0.0007648363825865
21641777,"Kako je ne razumijete.Ona samo želi imati to nešto među nogama 24 sata dnevno,sedam dana u tjednu.",0,608293,0.0007093530148267
21590069,"Vilo moja _ taj Ifrit je teško poremećen  , nema smisla s takvim komunicirati.",0,607123,0.0006600291235372
21651323,"Moš to sanjat,ubojice uglavnom ne dobiju toliko,dileri,silovatelji,pedofili ne dobiju ni 10g.Pravo čudo je da je dobio i 5g.",0,608474,0.000657828815747
21663421,Pa ostani kod kuce ni nama vani nije lose !.😉,0,608752,0.0005998694105073
21602594,"I onda se čude zakaj je 300.000 tisuca mladih ljudi otišlo trnuhom za kruhom 300.000tisuča a sve više odlaze i ljudi iznad pedesete godine potpuni fijasko i pitajmo se kome to odgovara ,prodaju maglu da je u zg prosjek place 7000 kuna pa je u holdingu a znamo tko i kako dolazi u holding al nek ne propagiraju fol mjere za ostanak mladih a dopustaju ovakvo ismijavanje nad narodom ,i svi šute ",0,607398,0.0005377156194299
21638392,"mary ...pa vidiš di nas je to dovelo...jebote voli svoj klub i svoj kraj ne moraš kamenom udariti onoga tko drukčije razmišlja ili navija  za klub koji ti ne voliš...pa ne volim ni ja Hajduk ali mi na pamet ne pada da te vrijeđam ili nedaj bože udarim radi toga...šta nam se to dogodilo koji vrag ...da se toliko mrzimo,još ovakvi slučajevi još samo pojačavaju mržnju među nama....",0,608188,0.0005309699336066
21628528,"Pupovac moralna vertikala? Pitajte srpske babe po Baniji koje skapavaju u kućama bez struje i vode, šta je učinio za njih.",0,607978,0.0005309503758326
21603512,Ne vidim što je u toj objavi pogrešno.......,0,607423,0.0005108115146867
21632030,Prokleti hdz šta je napravio od ove države. Prokleti bili svi koji su se ovako nepošteno obogatili. Za to su naši mladići ginuli. Fuj lopino smrdljiva. ,0,607878,0.0004955070908181
21610568,"Stalno jedna te ista priča. Kakvih pametnjakovića ima, sad možeš poslat poruku nekome da će dobit milju eura na račun ako se baci s Burj Khalife.",0,607585,0.0004901881911791
21650562,zarobljen u svom svijetu...,0,608382,0.0004837760643567
21625175,Jadan si,1,607899,0.0004748614737764
21640570,"Glupi novinar 40cm snijega u imotskom, a da se malo raspitao inace kaj mu je posao znao bi da ima svega 23cm😂 ala budaletne",1,608236,0.0004743512545246
21679364,*apeliram,0,609057,0.0004599766107276
21618341,"Pobjedu u duelu,ne natjecanju",0,607759,0.0004542335518635
21651041,"ništa, pojeo vuk magare. Možeš im staviti soli na rep kada ih štite više kasta i jedna univerzalna sila koja vrti univerzum-novac.",0,608474,0.0004479014314711
21609597,sad je u sparu na akciji,0,607450,0.0004319429572205
21663344,Seetro zamisljam vareta di klamata 😆😆😆😆😆😆😂😂😂,0,608414,0.0004203426360618
21639261,"Kaže mi mitoman kojem se smije sav obrazovani puk. Kako je to svugdje kod zatucanih antifa trolova isto: što manje znaju više se postavljaju kao moralne i znanstvene vertikale, znanje im ej na razini mirka i slavka.",0,608038,0.0004169782041572
21650243,Ako ovo nije cinizam onda i tebe treba strpati sa nijim u istu čeliju !,0,608407,0.0004009835247416
21631595,Pokazi ti nama svoje Hrvatstvo? Ma nemas petlje. Ti si obicna picka.(oprosti pisem u satiri),1,608038,0.0003955463180318
21648919,"Očito visokoobrazovani  fufljo 5-6 puta je uspio sklepati ...""i to je to""..... i to je to..............Sad mu čača mora obavezno ishoditi članstvu u HAZU.......ili bar U.........",0,608296,0.0003847182379104
21620858,"Slažem se da ima svega, puno toga ne štima, ali sve je lako reći dok ti zdravstveno ne treba, onda je lako vikati bezveze plaćam, ali što ako ti to zdravstevno ne daj Bože zatreba, u vidu liječenja nekih teških bolesti? Jel vi znate koliko to košta? Mislim da su ti nesretni ljudi kojima takve usluge trebaju sretni što se izdvaja za zdravstvo da se mogu liječiti lijekovima ili nekim tretmanima koji ne zaostaju za lijekovima u bogatijim zemljama",0,607812,0.0003846148028969
21589567,Pare su pare...jeste vi svi glupi pa mislite da je odradila to jer je profesionalka...ma daj molim vas,0,607119,0.0003816342214122
21595406,6 poginulih,0,607233,0.000379995763069
21674418,"Mi iz Zagreba, jer sam ja 50 godina u Zagrebu smo na prvom mjestu. Prvom mjestu najglupljih država i na prvom mjestu skupljača boca. U nogometu smo tek drugi to se ne računa.  Jel boli",0,608928,0.000378941593226
21652618,"Jbg, nije imao sreće da je ostao priklješten i da je izbio požar na autu, rip majstore !",0,608531,0.0003775428631342
21643421,"Od kletve kralja Zvonimira Hrvatskom vladaju judini sinovi a kmetovi podrzavaju iste, oni koji stanu na put judinim sinovima budu ilkvidirani uz aplauz naroda sitimo se samo Blaza Kraljevica te Zvonke Busica koji se ubia jer nije vise moga gledat unistavanje Hrvatske. Jadan narod koji svoje heroje prodaje samo da bi se ulizali EU i zapadnim ""partnerima"".",1,608195,0.0003747215378098
21638697,"Normalno je da dolaze mlađi igrači. Naprijed Hrvatska, iz Hercegovine!",0,608176,0.0003707399591803
21607898,"Dragi novinari , cemu pisati o ovom zlu ? Oprostite vi nasu djecu poticete na ubojstvo , ovo je mimo svake pameti....?????!!!!!",0,607450,0.0003663565439637
21651731,Da si informiran kako treba znao bi da pernar nema kćer nego sina ....,0,608458,0.0003642578376457
21595971,isuse koji cringe,0,607206,0.0003640677605289
21614665,Heheee:) ,0,607593,0.0003605106903705
21632129,Meni se najvse svidja njezina haljina od junecih odrezaka :),0,607949,0.0003564007056411
21652690,"Bilo bi dosta i 50 zastupnika, a sa privilegijama koje imaju plača bi bila 10t.kn i vise nego dostatna",0,608494,0.0003544834034983
21623410,A vidi admina što se pravi blesav,0,607866,0.0003534746938385
21622917,"Kako je jednom rečeno: ""Nacionalizam je tema za ljude do 300 eura prihoda mjesečno""",1,607855,0.000350571994204
21591886,"Shvatio čovjek da nije sreća u safarijima,egzotičnim putovanjima,skupim slikama...već biti među običnim pukom,skromno na  besplatnom koncertu i kuhanom vinu i da mu je sloboda Bogom ( HR krivosuđem) dana.",0,607150,0.0003460140142124
21593512,Samo EURO! Kune u šume!,0,607184,0.0003435471153352
21651684,Doncic je nesto ko kobe promasuje cijelu  tekmu al kad je najpotrebnije pogodit ce,0,608415,0.0003390255151316
21672056,Pancho i ti bi da te netko sa strane? Hej S,0,608877,0.0003386044118087
21671190,Sad samo kupiš,0,608832,0.0003309148596599
21596881,Ne pise se u Banjoj Luci nego Banja Luci,0,607273,0.000328887021169
21638038,Bravo za kreativnost ! ,0,607253,0.0003256376949138
21628100,"filomena, danasnja generacija je odrasla na Marvel-ovim filmovima. Stvarnost i filmska stvarnost su ipak malo drukciji. Dala mu dva samo udarca od kojih je cijeli natekao. Pa ga je digla sa poda i slikavala dok policija nije dosla. Onda su te slike nekako ipak dosle na twitter UFC-a kojem ona pripada i sada je to pozitivna reklama za UFC. ",0,607929,0.0003147970128338
21618498,Što ste ono neki dan pisali o divljanju s BMW-ima. Statistika ide daleko više u korist ovima sa golfovima.,0,607792,0.0003132700221613
21646542,"Možda, zvijezde, možda ovo možda ono, a možda bi bilo najbolje da ovaj članak niste niti objavili....",0,608381,0.0003128518874291
