id,content,article_id,score,new_label
21602328,"Daj molim te prouči što znači TERMINOLOGIJA. Stvarno ima likova koji misle da su pametni kao sto enciklopedija, a ni hrvatski jezik i hrvatske pojmove ne razumiju. Kakvu školu si ti završio to nitko ne zna niti kako.",607370,-1,1
21594782,"Imate li kakav pametniji prijedlog s kojim ne bi maltretirali ljude. Zapravo to je od vas nemoguće očekivati. Država daje poticaje za sadnju duhana a onda bi zabranjivala pušenje. Kada bi zabrana pušenja bi i znatno stroža i kada bi cigarete poskupile 50% , naravno da bi se smanjio broj kupaca cigareta ali bi država taj novac od poreza na cigarete nadoknadila od nečeg drugog. Tako bi naje**** i nepušači.",607211,-1,0
21597199,"Ma zbog tih parazita  je i pao Karamarko, Hasanbegović i ondašnja vlada.Kad im je Hasanbegović ukinio njihovo reketiranje,visli su pred vladom po cijele dane i kukali kako nemaju što jesti.",607272,-1,1
21597200,"c/P: F-16 manufacturer Lockheed Martin announced early Wednesday that the Air Force had authorized service life extension work, which could keep the fighter jets flying past 2048. The service life extension program (SLEP) will encompass lengthening the lifespan of up to 300 F-16C/D Block 40-52 aircraft from 8,000 to 12,000 flight hours.",607272,-1,1
21597291,Možda dvokrilne i trokrilne fokkere iz doba Crvenog baruna,607272,-1,0
21597299,drugarice fna... jesi li pročitala što ti napisao Mrki Medo?,607272,-1,0
21599346,Braslave bogme si ga lupnuo...univerzalno!,607297,-1,0
21599446,Neeeeeee.😂😂😂,602498,-1,0
21602321,"macor11:
Ateisti ne mrze? Bubneš i ostaneš živ...",607297,-1,0
21604768,A zasto bi jednom Bosancu bila HR cilj  za zivot.  Kada vi sami svaki dan po petnaest buseva punite ka Njemackoj,607475,-1,0
21605211,Pa i nije lose...mogao je naruciti dostavu u kucu i ubiti se na plejki ko konj...6-7 dana..pa to je super jbt,607505,-1,0
21608197,Pa dobro kad ces odgovoriti gdje sam to tocno uvrijedila tvoje roditelje. Ovdje jedino citamo tvoje uvrede da sam ja kurva i spodoba a ni jednom jedinom recenicom ni rijecju nisma uvrijedila ikoga pa cak ni tebe,607505,-1,0
21605367,Ti si k.... a ne branitelj !,607400,-1,1
21646170,"Trebate li financijsku pomoć? Jeste li u bilo kojoj financijskoj krizi ili trebate sredstva za pokretanje vlastitog posla? Trebate li sredstva za podmirenje duga ili otplatu računa ili za početak dobrog posla? Imate li nisku kreditnu ocjenu i teško je dobiti kapitalne usluge od lokalnih banaka i drugih financijskih institucija? Evo vaše šanse za dobivanje financijskih usluga od naše tvrtke. Mi pojedincima nudimo sljedeće financije:

* Investicijski zajam
* Komercijalno financiranje
*Osobne financije
*Poslovne financije
* Financiranje izgradnje
* Poslovne financije i mnoge druge
Za zainteresirane klijente Kontaktirajte nas putem e-pošte: infotech.proton@protonmail.ch
Web: https://www.trepup.com/protongroup",608349,-1,1
21609032,"poz generalu iz mrkonjića,šipova,bočca,glamoća,grahova gdje je njegova ekipa desetke dane čistila tvornice,hotele privatne kuće,asfaltne baze i sklanjala ubijene poslije pogibije najpoštenijeg branitelja pauka,zato su danasnji generali čermak,rojs,zagorac,gotovina,krstičević,sopta,jelić i ostali najbogatija elita u hr",607433,-1,1
21609700,"Željko, ne čitaš ni članak, ni komentare. Valjda ujutro napamet napišeš 'šalabahter', pa dok ga ne isprazniš, ne odustaješ. Ajde sad lipo pročitaj; prvo naslov, a onda tekst članka. PA TI NAMA reci šta bi TI napravio ovom ''ministru'' za ovakvu izjavu? ( osim...ako ''u tvom svijetu'' ovoliko bezobrazluk nije nešto što se podrazumijeva, i normalno je ). ",607588,-1,0
21621815,Ma neeeee jos! Pa zasto? ... nek se desi jos par slucajeva pa tek onda nek izađe novi zakon. Slucaj “Daruvarac” je tak bezazlen ne. Jadna drzavo.,607826,-1,0
21623432,U blatu je jedino srbija sa svojim nasljednicima Miloseviceve vlasti a ti Pupovac i ostali znate dobro gdje je granica,607844,-1,1
21624999,baš je bil lepi onak okrugli...kak pajcek,607863,-1,0
21629054,Evo online kaznjenicke bojne,608020,-1,0
21631367,"šeći, šeći grbavi, muc, muc, muc... zadovoljan... hajde briši me",596193,-1,1
21649863,Bicko kao i ostali adezeovci kao i njihovi biraci.,608432,-1,1
21652274,hahahahahaaha.................hahaha žz populizam u napadu...........hahaha 2500 ste mislili onih koji nisu u komunama!,608458,-1,0
21771489,"Ovo je kao onaj ""A gdje je pečat"". I eto ti popularnosti u Hrvata, ccc",611053,-1,0
21596896,"Čuj,Hrvati....a da nisu možda Bosanci sa hrv državljanstvom ? Mislio sam da treba biti pismen da budeš novinar,ali ekipi iz 24 sata...kao da im je netko iz HRAST-a novinar,a bome i admin hehe....ajde,sad me šikni van :p :p :p",607221,-1,1
21596712,I ovako STA Ce nam te kante od aviona ili novo ili nista mi Hrvati smo puni para mala svicarska smo samo novo dolazi u obzir jer tako gospon Plenki i ministre odbrane ,607272,-1,0
21596700,"eto dejo sada i ti tužan što nije uspjela i ova pljačka velikih domoljuba naroda,,a kaj i ti možda trebao dobiti dio kolača od pljačke kad si mi nekako nervozan što nismo kupili stare kanturine.",607272,-1,0
21596673,Da i držač za čašu,607272,-1,0
21651799,kad bi bar tebi nes moglo pomoci,608440,-1,0
21653321,prco.. yugoskole-.. pa ova hdz škola j e gora od one  njemačke iz 41.. pokrali i rasprodali SVOJ narod..,608356,-1,0
21660682,"ne možeš ti ić na dan pada vukovara u beograd i gostovat na njihovom radiju i vrtit mantru da u vukovaru nije izvršen genocid na ovčari. pernarovi fanovi su sve nekakvi extremni srbi kojima je svima od reda tito idol, a tito je bio najveći genocidni zločinac u povijesti čovječanstva na ovim prostorima koji se proslavio likvidacijama nedužnih hrvata samo zato jer su bili hrvati. pernarov nacionalni identitet je sumnjiv i ja mu ne vjerujem. na stranu sve to što priča, a suzdržava se da ne prasne u smijeh dok drži figu u džepu. neuvjerljiv je vidiš mu da ne vjeruje u ono što obećaje. dojma sam da mu je IQ prosječnog obožavatelja na razini sobne temperature. ",608682,-1,1
21668078,"Ja bih samo primjetio da kad bi se zabranilo komentiranje, onda bi komentiranje trebalo biti zabranjeno na svim clancima, jer na svakom ima komentara koji se odredjenom broju nas vise ili manje ne svidjaju.",608822,-1,1
21669395,Jebem te usrani zivote..,608836,-1,1
21670425,Mutna posla?🤔,608860,-1,1
21670593,đankiji ne biraju kad je hića,608815,-1,1
21671595,Onakvu kakvu ti trošiš...,608877,-1,0
21671809,Koji klosar ajme,608877,-1,1
21672041,s pi*kom u mislima...bravo,608877,-1,1
21672717,"los dan,idemo dalje? na nesto sto je bilo pitanje vremena jer sigurnost nije bila na prvom mjestu ? im*e*il jedan",608836,-1,1
21724823,"dol.... zdal ne samo Vukovar nego  cijelu hrvatsku. sdrp 1989e razoružao hrvatsku i naoružao čede. sdrp bi trebao odgovarat i za sve ljude koje su čede pobile oružjem kojim su ih naoružali! Pošto je naoružao čede niije niti čudno da se cijelo vrijeme, pa i sad bore protiv RH. Samo što ih narod prepoznao pa se raspadaju ii nestaju.",609957,-1,1
21726353,"Družea kako je to JNA mogla preuzet oružje TO 1990e ,ako ga je u Hrvatskoj SKH-SDP predao 1989. a Slovenci ga nisu htjeli dat  ii obranili se njime? Hoće lli sdrpovci odgovarat za svakog ciivila kojeg su čede ubile oružjem kojim ih je naoružao i.r. ?",609957,-1,1
21588830,"Haarp dere sve u 16..daj moramo maknut ovaj kod Tušilovca, sve će nas pobiti. Geostorm film pogledajte ga.",606856,-1,0
21590367,Opet cenzure 😕,607144,-1,1
21590480,"hehehe najjači su ovi čobani što iz sela nisu izašli a znaju kako je negdje. ti si Veneciju vidio na internetu, kao i sve drugo. ",607124,-1,1
21591770,"hadred 18

Oprostite g. kolektoru, lapsus calami.",607124,-1,0
21592352,"Za ljude bez mašte su nalickani resorti s plastičnim palmama i šarenim koktelima. Za ove druge su mjesta kao Venecija i oni će ju sagledati sa svim svojim vrlinama i manama. Pazi ovu, u tri sata protrčala glavnim trgom i ona komentira kako ne valja? :))) Nisi ti sanja Veneciju ni vidjela, iako si kroz nju prošla.",607124,-1,0
21595241,"Red_army:@ Ma da! A nije li mozda zato, sto su novce pristigle iz SAD ulagali u  proizvodnju i stvaranje novih vrijednosti, razvoj tehnologije i obrazovanja, i nisu se razbacivali novcem gdje god su stigli i kako su god stigli kao sto su radili vlastodrsci u svim bivsim komunistickim drzavama sa N.R.  Kinom medju njom?? Zasto su onda, ako je komunizam toliko dobar  cak i Kina, Rusija, Vijetnam, sad eto i Kuba presli na kapitalizam kao gospodarski model? Tajvan izdajnicka americka kolonija?? Sigurno i Juzna Koreja, Japan,  Njemacka, zapadno-sjeverno europske drzave,,,,,,,,,,,. Zasto izdajnicka? Mozda zato sto su sve vrijeme u tim izdajnickim kolonijama,  vecina njihovih ljudi (izuzetaka uvijek ima) zivjeli 10tak puta bolje nego ljudi u komunistickim drzavama? Jesu li trebali biti siromasi da ne bi bili izdajnici i kolonija? Zasto je onda cak i Kina preuzela gospodarski model kolonijalista (SAD) i izdajnika (Tajvan i ostali)? I nisu bas svi cistaci WC-a u kapitalizmu. Velika vecina su ipak radnici svih strucnih sprema od NKVm SSS do VSS, u svim vidovima industrije, poljoprivredi i ostalim granama gospodarstva. Ne znam sto podrazumjevas pod KMET, ali ako se radi o radnicima u poljoprivredi kmet ako je dobro ili adekvatno placen za svoj rad NIJE kmet. Ako ti je kmet svaki onaj tko mora raditi da bi zivio i placao racune, ne znam sto da ti kazem, osim da je onda jasno zasto je komunizam propao..........",607210,-1,0
21595533,"""Izvjestaj"" , ""krivicno djelo"", sto je admine malo ste prekopirali tekst. Umjesto da tu lijepis zute idi reci studentu da je glup i nepismen.",607218,-1,1
21596658,"Jbo ovu nakaradu od drzave gdje je samo bitna zarada. To trcanje za matrijalnim je dovelo do velike netrpeljivosti medju ljudima! Nedo bog neki rat,ovu drzavu ne bi imao tko branit a to sve govori o danasnjem drustvu koje su stvorili kapitalisti",607210,-1,0
21596362,"Sretna nova:)
???",603498,-1,0
21668098,kaj si ga cinkal?,608777,0.40323369,0
21592878,Da si htio..skočio bi,607166,0.387109081,0
21597010,wawrinkina ku...a,607254,0.365205062,1
21668708,Da da u pravu si.. ,608245,0.364536274,0
21594445,Kao da je od m u d a. sasivena,607143,0.360022528,1
21617769,"Medvide ,javi se.",607752,0.358580053,0
21655794,"Ja imam 1,93 i iskreno sladje su mi nize zene ;)",608565,0.358247323,0
21758575,Treba ih je.at redom,610769,0.35795435,1
21604299,"Love mu neće falit, stepenica No.1. Ostatak mater i ćaća će napravit od njega...presmjesne mi ove nađak babre. Teško ovo analizirat?!",607317,0.355856887,0
21591697,Da sam bar ja ovakav papucar..,607097,0.352456217,1
21619158,Pa dva dnevno.. Onda menjam,607579,0.352331464,0
21643761,"On negradi BIH neko ju potkrada.
",608275,0.350842398,0
21638425,Hahaha.. nisi ponorila jel 😁,607556,0.349496881,0
21639900,"jackal, nemoj da se odričeš tvoje federacije i tvojih islamskih bošnjačkih cvijetića.",608100,0.34750095,0
21655600,Ko intebe a,608416,0.347391545,0
21633356,a jos ih ima ko kineza,607885,0.347286958,0
21679093,"Eto nam braca siptari.,",609033,0.346457452,1
21642734,"eee, ali u alpama.",608263,0.34630146,0
21593271,Dobre su samo za jeb....,607141,0.344274872,1
21631991,Jeste dosadni vi preobučene komunjare. ,608065,0.343658308,1
21641194,"ahaha.kad,tipasalo.onda.ti.je.valja",608261,0.342976484,0
21627202,škver evo i plus kad si i ti konačno spreman.,607873,0.342763948,0
21623683,Zove se Cedomir! Pametnom dosta.,607848,0.342735112,0
21645613,visoko - jasno ti je da karikiram i šalim se ?,608366,0.340899731,0
21613489,ukokati ga kad zaspe.,607666,0.339110352,1
21640363,A mogla joj je klitać polizati,608115,0.337860304,1
21653396,Znas da bi ti javio..😉,608205,0.336990491,0
21602436,.... Taritaš taritaš...,607382,0.336827998,0
21668240,Zašto mi dišite na PARKERA! Tj. tArAbA. ,608787,0.336499295,0
21622147,pa di baš u stup..,607841,0.335948425,0
21646865,Aaaaa psmtr,608205,0.335458947,1
21589083,Misevi se sakrili,607082,0.333801179,0
21596601,Što je to sujeta ? Dotepenac u HR.....,607241,0.332604891,1
21701523,Vjerodostojno.Zna se.,609543,0.331500034,0
21591906,Petarde pukle prerano.,607144,0.331240521,0
21599537,Svi jedu špeka samo Modrić Luka...,607311,0.329677624,0
21636001,"Tata je sad najoštrije osudio ideologiju svoga ispridka. Pa kaj sam ga ja hranio takvim materijalima i tekstovima, ko odgaja svoju djecu ako ne njihovi roditelji. Pljuc.....",608139,0.329542611,1
21671980,Mare slj vikend superkombinacija lp,608871,0.328963966,0
21633525,Indira Levak Sierković Vakula. ,608029,0.328893465,0
21622677,"Ah kako ste glupi, nevjerojatno. Ne može se ovcama ništa objasniti.  
",607794,0.328513972,1
21631176,Dobro koji k*rac vise,608062,0.32810387,1
21627980,Ako ga ne pozdravis kad zavrsis onda te gađa govnima...,607985,0.328020866,0
21682437,"Dovoljna je činjenica da još dan danas u gradu heroju Vukovaru postoji segregacija, a od strane samih srba. Pametnome dosta.",609091,0.327894104,0
21644700,Treba pitat onog jadnog kineza.,608246,0.327413403,0
21668373,"Njegov prosjek je 5 komada u mrezi tako da je ovo dobro...
Ocajan golman...",608826,0.327215276,0
21641755,Hahahahahaha čuj ovoga bisera .A tko je to ih hadezeja izvršio kaznu zatvora da čujem ?,608277,0.326862828,0
21610676,"misko243, gluplji primjer nisi mogao pronaci? Dijete od 4 godine ce citat plakate😂",607587,0.32577507,0
21625445,sever...sindikalni njonjo...,607916,0.32568882,1
21623692,pa ovi što prosvjeduju i žele da ih europa gnjete,607787,0.325663037,0
21641700,Onda bi popravak išao iz proračuna znaci našim novcem.,608239,0.000935041,0
21597058,"Vidi ovaj tinejđerski bijes. Prvo se prijeti da ce se tuc, onda kad netko prihvati se povuce :( Klasicni 14godisnjak.",607156,0.000773902,0
21639833,"Uživajte,nadam se da i vitez uživa pod snijegom",608203,0.000764836,0
21641777,"Kako je ne razumijete.Ona samo želi imati to nešto među nogama 24 sata dnevno,sedam dana u tjednu.",608293,0.000709353,1
21590069,"Vilo moja _ taj Ifrit je teško poremećen  , nema smisla s takvim komunicirati.",607123,0.000660029,0
21651323,"Moš to sanjat,ubojice uglavnom ne dobiju toliko,dileri,silovatelji,pedofili ne dobiju ni 10g.Pravo čudo je da je dobio i 5g.",608474,0.000657829,0
21663421,Pa ostani kod kuce ni nama vani nije lose !.😉,608752,0.000599869,0
21602594,"I onda se čude zakaj je 300.000 tisuca mladih ljudi otišlo trnuhom za kruhom 300.000tisuča a sve više odlaze i ljudi iznad pedesete godine potpuni fijasko i pitajmo se kome to odgovara ,prodaju maglu da je u zg prosjek place 7000 kuna pa je u holdingu a znamo tko i kako dolazi u holding al nek ne propagiraju fol mjere za ostanak mladih a dopustaju ovakvo ismijavanje nad narodom ,i svi šute ",607398,0.000537716,0
21638392,"mary ...pa vidiš di nas je to dovelo...jebote voli svoj klub i svoj kraj ne moraš kamenom udariti onoga tko drukčije razmišlja ili navija  za klub koji ti ne voliš...pa ne volim ni ja Hajduk ali mi na pamet ne pada da te vrijeđam ili nedaj bože udarim radi toga...šta nam se to dogodilo koji vrag ...da se toliko mrzimo,još ovakvi slučajevi još samo pojačavaju mržnju među nama....",608188,0.00053097,0
21628528,"Pupovac moralna vertikala? Pitajte srpske babe po Baniji koje skapavaju u kućama bez struje i vode, šta je učinio za njih.",607978,0.00053095,0
21603512,Ne vidim što je u toj objavi pogrešno.......,607423,0.000510812,0
21632030,Prokleti hdz šta je napravio od ove države. Prokleti bili svi koji su se ovako nepošteno obogatili. Za to su naši mladići ginuli. Fuj lopino smrdljiva. ,607878,0.000495507,1
21610568,"Stalno jedna te ista priča. Kakvih pametnjakovića ima, sad možeš poslat poruku nekome da će dobit milju eura na račun ako se baci s Burj Khalife.",607585,0.000490188,0
21650562,zarobljen u svom svijetu...,608382,0.000483776,0
21625175,Jadan si,607899,0.000474861,1
21640570,"Glupi novinar 40cm snijega u imotskom, a da se malo raspitao inace kaj mu je posao znao bi da ima svega 23cm😂 ala budaletne",608236,0.000474351,1
21679364,*apeliram,609057,0.000459977,0
21618341,"Pobjedu u duelu,ne natjecanju",607759,0.000454234,0
21651041,"ništa, pojeo vuk magare. Možeš im staviti soli na rep kada ih štite više kasta i jedna univerzalna sila koja vrti univerzum-novac.",608474,0.000447901,0
21609597,sad je u sparu na akciji,607450,0.000431943,0
21663344,Seetro zamisljam vareta di klamata 😆😆😆😆😆😆😂😂😂,608414,0.000420343,0
21639261,"Kaže mi mitoman kojem se smije sav obrazovani puk. Kako je to svugdje kod zatucanih antifa trolova isto: što manje znaju više se postavljaju kao moralne i znanstvene vertikale, znanje im ej na razini mirka i slavka.",608038,0.000416978,1
21650243,Ako ovo nije cinizam onda i tebe treba strpati sa nijim u istu čeliju !,608407,0.000400984,0
21631595,Pokazi ti nama svoje Hrvatstvo? Ma nemas petlje. Ti si obicna picka.(oprosti pisem u satiri),608038,0.000395546,1
21648919,"Očito visokoobrazovani  fufljo 5-6 puta je uspio sklepati ...""i to je to""..... i to je to..............Sad mu čača mora obavezno ishoditi članstvu u HAZU.......ili bar U.........",608296,0.000384718,0
21620858,"Slažem se da ima svega, puno toga ne štima, ali sve je lako reći dok ti zdravstveno ne treba, onda je lako vikati bezveze plaćam, ali što ako ti to zdravstevno ne daj Bože zatreba, u vidu liječenja nekih teških bolesti? Jel vi znate koliko to košta? Mislim da su ti nesretni ljudi kojima takve usluge trebaju sretni što se izdvaja za zdravstvo da se mogu liječiti lijekovima ili nekim tretmanima koji ne zaostaju za lijekovima u bogatijim zemljama",607812,0.000384615,0
21589567,Pare su pare...jeste vi svi glupi pa mislite da je odradila to jer je profesionalka...ma daj molim vas,607119,0.000381634,1
21595406,6 poginulih,607233,0.000379996,0
21674418,"Mi iz Zagreba, jer sam ja 50 godina u Zagrebu smo na prvom mjestu. Prvom mjestu najglupljih država i na prvom mjestu skupljača boca. U nogometu smo tek drugi to se ne računa.  Jel boli",608928,0.000378942,0
21652618,"Jbg, nije imao sreće da je ostao priklješten i da je izbio požar na autu, rip majstore !",608531,0.000377543,0
21643421,"Od kletve kralja Zvonimira Hrvatskom vladaju judini sinovi a kmetovi podrzavaju iste, oni koji stanu na put judinim sinovima budu ilkvidirani uz aplauz naroda sitimo se samo Blaza Kraljevica te Zvonke Busica koji se ubia jer nije vise moga gledat unistavanje Hrvatske. Jadan narod koji svoje heroje prodaje samo da bi se ulizali EU i zapadnim ""partnerima"".",608195,0.000374722,0
21638697,"Normalno je da dolaze mlađi igrači. Naprijed Hrvatska, iz Hercegovine!",608176,0.00037074,0
21607898,"Dragi novinari , cemu pisati o ovom zlu ? Oprostite vi nasu djecu poticete na ubojstvo , ovo je mimo svake pameti....?????!!!!!",607450,0.000366357,0
21651731,Da si informiran kako treba znao bi da pernar nema kćer nego sina ....,608458,0.000364258,0
21595971,isuse koji cringe,607206,0.000364068,0
21614665,Heheee:) ,607593,0.000360511,0
21632129,Meni se najvse svidja njezina haljina od junecih odrezaka :),607949,0.000356401,0
21652690,"Bilo bi dosta i 50 zastupnika, a sa privilegijama koje imaju plača bi bila 10t.kn i vise nego dostatna",608494,0.000354483,0
21623410,A vidi admina što se pravi blesav,607866,0.000353475,1
21622917,"Kako je jednom rečeno: ""Nacionalizam je tema za ljude do 300 eura prihoda mjesečno""",607855,0.000350572,0
21591886,"Shvatio čovjek da nije sreća u safarijima,egzotičnim putovanjima,skupim slikama...već biti među običnim pukom,skromno na  besplatnom koncertu i kuhanom vinu i da mu je sloboda Bogom ( HR krivosuđem) dana.",607150,0.000346014,0
21593512,Samo EURO! Kune u šume!,607184,0.000343547,0
21651684,Doncic je nesto ko kobe promasuje cijelu  tekmu al kad je najpotrebnije pogodit ce,608415,0.000339026,0
21672056,Pancho i ti bi da te netko sa strane? Hej S,608877,0.000338604,1
21671190,Sad samo kupiš,608832,0.000330915,0
21596881,Ne pise se u Banjoj Luci nego Banja Luci,607273,0.000328887,0
21638038,Bravo za kreativnost ! ,607253,0.000325638,0
21628100,"filomena, danasnja generacija je odrasla na Marvel-ovim filmovima. Stvarnost i filmska stvarnost su ipak malo drukciji. Dala mu dva samo udarca od kojih je cijeli natekao. Pa ga je digla sa poda i slikavala dok policija nije dosla. Onda su te slike nekako ipak dosle na twitter UFC-a kojem ona pripada i sada je to pozitivna reklama za UFC. ",607929,0.000314797,0
21618498,Što ste ono neki dan pisali o divljanju s BMW-ima. Statistika ide daleko više u korist ovima sa golfovima.,607792,0.00031327,0
21646542,"Možda, zvijezde, možda ovo možda ono, a možda bi bilo najbolje da ovaj članak niste niti objavili....",608381,0.000312852,0
