id,content,label,score,article_id
21640916,Da.... I svi igraju za reprezentaciju. Pametnom dosta....,0,0.0026195773389190435,608204
21618196,Doti ako je tako Vlasic ima najviše golova i asistencija od nasih veznjaka pa nije u prvih 11,0,0.0016685924492776394,607778
21629465,Valjda se ljudi nece uvrjedit ako napisem... bosanac,1,0.0014674299163743856,608017
21605318,"Izrađujem više od 7 tisuća dolara mjesečno radeći skraćeno radno vrijeme. Čula sam da mi drugi ljudi govore koliko novca mogu zaraditi na internetu, pa sam odlučio da ga pogledam. Pa, započeo sAm ga i promijenio svoj život.

➨➨➨➨➨➨ www.WebJob33.Com",1,0.0012225169921293855,607508
21635450,vratiće ga kad prođe frka...,0,0.0011166047770529985,608139
21667436,Šta ti je to Gobac rekao ili?,0,0.0011000143131241202,608801
21649939,od sponzora,0,0.0010227597085759044,608382
21593258,"Ja volim iskljucivo muskarce, jadnici me ne zanimaju. Samo kazem offtopic:)",0,0.0009757276857271789,607182
21607677,Otiso da zaradi sebi za kiflu,0,0.0008769484120421113,607514
21624548,"Cijenim ovog Papu, zaista, ali prijatelju primi ih ti, i pokaži solidarnost..",0,0.0008768279803916813,607845
21592021,naravno optimizam svuda oko nas 🍸🍾 🤣,0,0.0007681504939682782,607096
21594375,"Kina je upozorila da je tajvan dio Kine a to je i Cankasek sa Maocetungom bio potvrdio da nepostoje dvije Kine i da je Taivan dio Kine pa se pitamo otkud Americkoj vanjskoj politici pravo da ona optuzuje Kinu da nedozvoli otcjepljenje Tajvana od Kine.
Dakle tu se krivo tumaci jer je sam Cajkasek bio se slozio sa Maocetungom da da Tajvan ostaje dio Kine",0,0.0006948933587409557,607210
21644829,"Ponavljam, ja zivim tu i vidim promjenu i sad ces me ti uciti!? :)) Daj se uozbilji.",0,0.0006338255479931831,608231
21639060,"Maznula bi se ona ,,lipo a i lepo,, i sa Svekrom...p.s. to je moj dojam iz videnog ! Odoh na porn tube da gledam domaca videa na brodu !",1,0.0006224685930646956,608211
21634736,Hahahah bit ce to strasna pojacanja...,0,0.0006185249076224864,608114
21650299,daj se takav rodiš ili postaneš....???,0,0.0005673323757946491,608382
21662060,veli jedan 24satni kreten,1,0.0005568100023083389,608519
21638829,Prodaju nama😭,0,0.0005564260063692926,608099
21595261,Viva La Revolución: glup si,1,0.0005562446312978864,607184
21596701,Zašto ovo ne prebace u plačene oglase.,0,0.0005551846115849912,607273
21624550,"U ovoj našoj maloj zemlji crna je kronika toliko kreativna i rekao bih u sve većoj ekspanziji da je to čudo, u negativnom smislu. Trebali bismo se zabrinuti, i upitati se što se to ovdje događa?! Redatelji holivudskih horor filmova mogli bi u Hrvatskoj pisati svoje scenarije.... Pobio obitelj čekićem i otišao na kavu, Ubio staricu sjekirom, Mladić silovao staricu a potom je opljačkao, Pijana vozačica pokosila pješaka pa pobjegla, Maloljetnik vršnjaka izbo više od 100 puta, Bratu nožem prerezao grlo, Rotvajler izgrizao trogodišnje dijete, Nasrnuo na ženu motornom pilom i odsjekao joj dva prsta, Nakon što je autom pregazio ženu ubo je nožem u tijelo i lice, Majka kuhinjskim nožem napala i ubola vlastito dijete, Lovac sačmaricom ubio drugog lovca, Nožem prerezao vratove teti i bratiću na spavanju, Mrtvu majku godinama držao u stanu.... ovo nije ni 5% crne kronike od prošle godine, strava...",0,0.0005524571752175689,607870
21647587,Rubi srce garino naebo si ti ko žuti i bez mene😂😂😂😂ali ako ti nije dosta samo reci,0,0.0005331439315341413,608279
21590849,Evo materijala za hrvatske mudrace,0,0.0005237809964455664,607124
21650125,vidiš ti mahunu...stipinu,0,0.0005220625316724181,608367
21590017,"mama sretna,čeka unuka...",0,0.000515738851390779,607115
21674156,hahahaha bas si me nasmijala 😂😂,0,0.0005040062824264169,608517
21614447,Nepismenost novinara na vrhuncu,1,0.0005039938259869814,604522
21651092,za neki gangbang reklo bi se,0,0.0005011943285353482,608439
21632742,A nase renovirane migove da prodamo croatia airlinesu?,0,0.0005005697021260859,608058
21592137,"Slavko ,što si ti dao za Hrvatsku  konkretno, osim lupetanja ?",0,0.0004958263016305863,606305
21628332,"Mogu te likvidirati ali tvoji ""selfiji"" ce zivjeti vjecno!",0,0.0004920695209875703,608007
21658173,"mhm evo samo sto nisu, vec sutra ce sve pozatvarat. Jedino sto mozes protiv drzavetine je odselit, tako je ovdje ""ako ti se ne svida, znas gdje su vrata"" . Vrlo velik broj ljudi sve vise slusa taj savjet. ",0,0.0004916960606351495,608619
21589511,"Koja negativa. Najvise steti osobi koja tako razmislja, zivi u tom crnilu i pokusava prosipati tu depru dalje. Hvala, ne.",0,0.0004843443748541176,607123
21673095,"Woow doji dijete????, kako inovativno doslovno za nevjerovat, dno od clanka i novinarstva",1,0.0004643684078473598,608903
21612167,Cetnicko magare. Naravno da hvali bratski klub hajduk. Pljuc,1,0.0004561703535728157,607675
21627316,Ti si budala,1,0.00045319844502955686,607958
21595421,Crveni kmeri napadaju. Vojko i ekipa u noćnoj akciji!,0,0.00045233269338496035,607217
21629850,Ja samo znam da je razlika izmedu bogatih i siromasnih u ovoj zemlji sve veca svakim danom.Ide se na ruku bogatima a siromasnima se dere koza sa ledja i tako rec istrebljuje ih se sistematicno i polako.Shodno tome netko iz tog niskog sloja treba ispusni ventil.Sumnjam da je to bio povod paljevine auta ovih iz visoke klase.Zavist.I da zaboli me za bogate.Neka im rade sta god zele.Biblija propovjeda da je bolje dati nego uzimati i ja vjerujem u to.,0,0.0004355584969744086,608012
21590195,Sad jos samo cekamo broj članova  udruge koja se naziva članovima  dioničkog  društva  pa bajke o Hajduku mogu se nastaviti i u ovoj godini....,0,0.0004305546171963215,607125
21641225,"nemoj se pravit pametan ako nisi ,a po komentaru bi se reklo da si glup ko noć",0,0.00042433213093318045,608139
21593957,Kao prvo nije lik. Kao drugo nije bezdušan. Kao treće neće rješavati frustracije kad se vrati u bolnicu jer i sada operira svaki četvrtak.,0,0.0004217623791191727,607200
21618339,"Kakvi bolesnici mogu bit zvjezde..Uz njega bolesnici koji su ga vinuli u zvjezdano nebo..Pitam se kad cemo dobit ljudskog marsovca,c",1,0.0004208949685562402,607333
21622307,"Koju pm mi brisete komentare jebala vas Janica, sumnjam da ona kupuje vase novine i da od nje zivite. Sad me bannajte za stalno pozdrav al vase novine kupio ne bi više taman mi zivot ovisio o njima",1,0.00041906812111847097,607730
21600420,Rumunji. Nište više nije potrebno napisati.,1,0.00041828484972938895,607288
21598886,"Kako petokolonaši svršavaju, svi su u ekstazi...",1,0.0004171137406956405,607322
21618415,"Arsenalu je primarna meta trenutno Ivan Sunjic, to je njihov maksimum. Hehehe",0,0.0004165409482084215,607790
21658102,"Ahahahaha. Ne djelim brojove, to vec znas😉",0,0.00041233364026993513,608565
21650864,Pi*ko mala .etnička. :) C*rko dabogda!!!!!! :),1,0.0004102882521692664,608416
21670812,Kupit nokiu 3310 i na velebit. Ovo je postalo previse,0,0.00040688295848667616,608739
21661513,"Mihnen bojna koja živi na 1.400€ netto mjesečno, kaj s njima? ",0,0.0004049594281241297,608735
