id,content,label,article_id,score
21641558,"Sada im je to vec problem, imam samsung s8, prije 2 updatea mi je baterija bila odlicna, cili dan muzika i igre, nakon predzadnjeg baterija nikakva pola dana baterija na 10ak posto, prvi put se ugasio radi baterije, u meduvremenu izasao huawei pro, izasao update, baterija kao kad sam ga kupio. Zelim reci da su apple i samsung u strahu jer je huawei bolji cijenom i performansama, usporili su mi mob al su ga opet ubrzali..",0,608246,-1
21635741,ni stevicin nii maloljetan pa se ćaća umiša...,0,608139,-1
21644172,Triba to dobro bruskinon ribat... :),0,608267,-1
21656115,Kad nam drzavom vøada banda gamad i lopovi. Sitni kriminalci kojima smo dali vlast da postanu veliki... Fuj!!!,0,608577,-1
21656755,"1. Dio -.......Kad dojdete u blokadu onda je vec kasno, odnosno sanse da se izvucete iz jos vece gabule su nesto kao otprilike sanse da u Hrvatskoj PRAVE prosjecne radnicke place budu 1000 -1200 eura, ili da se PDV smanji na 10%, ili da u Saboru )na sjednicama (ne na domjencima bude najmanje 80 zastupnika,,,,,,,,, i tako to. Zato bi se moja malenkost usudila predloziti vam postupke, kako da u blokadu ne dojdete. Cim vam  to godine dopuste uclanite se u mladez stranke**. Ako imaju pionirski uzrast, u njega. Ako imaju vrticki ili jaslicki, onda u njega. I onda se samo trebati grepsti ( oko koga treba, iliti uvlaciti kome treba. Ali uvlacenje je ruzna rijec.   Tu vam je samo potrebna pravilna procjena da li od toga ili te okokokoga se grebete,  u buducnosti mozete imati koristi, odnosno da li vas moze dalje gurati u stranackoj hijerarhiji. Naravno da konkurenciju koja vam smeta na putu prema vrhu trebate eliminirati. Cinkarenje je najbolji recept uz raznorazna podmetanja za sto nacina i razloga uvjek ima, jer nitko nije bezgresan,,,,,,,,,,,. I mic po mic, beducnost sa financijskom sigurnosti, BEZ blokada, a sve sa malo ili nimalo rada je vasa. Cak vam ne treba za to neko posebno obrazovanje, jer fala Bogu, stranka ima svoje ljude u skolama i na faksevima koji ce vas pustat taman da imate znanje kao prosjecan Hrvat iz doba Matije Gupca. Koje to stranke trebaju biti sljedi u nastavku...............nastavak sljedi ispod..............",0,608555,-1
21660997,kad svog ili tuđeg maloga navlačiš poskrivečki,0,608519,-1
21665761,"Istina. Dodje u prvom mj i u petom mj. Izmedju ga nema, a i kad kao pocisti dimnjak ostane za jos jedno ciscenje. ",0,608192,-1
21666158,Mrzim sal...iman osjecaj koda me nesto gusi oko vrata,0,608632,-1
21666389,"U puli se usluga dimnjacara placa 360,00 kn",0,608192,-1
21666463,"Nesmijes proturijeciti adminu, pupovcu, bandicu i hdz-u, jer te admin odma blokira toliko o kriticnosti",0,608795,-1
21666635,Nedaj in Boze doc po noci na hitnu...deru se sestre koda in to nije radno misto i koda in nije radno vrime...da se na nju ja deren sa saltera sta mi je dosla nesto obavit zavrsila bi u svin novinama...,0,608787,-1
21666674,Pročitaj nuspojave za fluimukan obični lijek za kašalj pa dođi natrag.,0,608794,-1
21667306,A volja za upalon pluca hahha...srica ocelicila san se ocito sa tin...jer dodje mi plakat kad se sitin..koda nisan imala za jaketu 😂,0,608632,-1
21671371,"Što je, kuno? Nije li ministar izjavio da jedan svećenik vrijedi više od 20 liječnika? Tko je onda budaletina?",0,608866,-1
21671459,"sprangija@ svi su govorili nitko, ali ih znam dosta, koji ipak na samom početku odu u provinciju ili manje mjesto .😑Jer dugo je čekanje i onda ide daj što daš.:-) edino svi zaboravljaju kako nije jednostavno ni tako, s neba pa u rebra. Veliko iskustvo i praksu treba imati prije no se odlučiš kao tabula rasa upasti nekamo gdje nemaš ""sve"" uslove i starijeg kolege za brze odluke kao pomoć itd. Barbarela@ u pravu si. :)))))) To je pravilna odluka također, al'  i bogme za to treba  zagrijati klupicu što reče sprangija, plus sve što uz to ide, otpala kosa podočnjaci i ostalo, dok drugi uveliko već imaju i stanove i nalakirane nokte..😖 etc , to sve i ne ide tako lako. Ponekada je pitanje sreće, kvaliteta a bogme i love za ordi ili ""klinikicu"" ;)",0,608866,-1
21671944,Imamo i bajnog ministgra i njegovih 20.popova umisto 1.lječnika.,0,608866,-1
21673395,Vilo iupravo tako. Zasto je tako to bii trebali ovi ibiioloski zlatni omladinci pitat njihove bioloske mentore koji su unistili selo i seljake  ovo  malo sto je ostalo sad ce ovi unistit Centralizacija je zlo svake drzave a to je unistilo Hrvatsku skupa s  politicarima i okupatorima koje zanima samo profit da ovce miruju dok ih sisaju. To oni sistematski rade da uniste temelj  na kojem je nastala svaka drzava da onda mogu radit sto hoce s ovcama.,0,608866,-1
21675076,Anarho dali boli dok si glup?,0,608929,-1
21675371,Pezerovic Sefik...a ne Serif...Pezerovic i Matijević..ekshumirani identificirani i sahranjeni..,0,608850,-1
21676360,naharnite gladne papani jedni nenormalni,0,608969,-1
21676376,"biće biće,uskoro...ameri spremni za prodat svoje...kante...",0,608969,-1
21676390,dobar ti tek jackiechan,0,608969,-1
21676399,Kako je uopće moguće da se registrira stranka sa zločinačkim nazivom? Kako bi bilo da imamo neku Ustašku narodnu stranku? Koja smo mi udbaška država...,0,608957,-1
21676404,"Kako nema, drug Yusipović je u Izraelu izjavio da u Hrvatskoj još postoji ustaša guja, daj odlučite više.......... Živio SSRNJ, KPJot, AFŽ, CKSKJ, SSOJ, NOB, NOR, NOP, SKOJ,..... ",0,608957,-1
21676585,Puno je ljudi bilo u partizanima a s komunizmo veze nisu imali. Hebga mnogi su nahebali i ostali bez života čak kada su se četnici masovno prebacili u partizane na poziv Tita..,0,608957,-1
21676665,"Admini 24 sata stvarno rade dobro svoj posao, kada parizer bojna s 50 računa diže komentare na prvo mjesto. A 24 sata admini ne rade ništa.",0,608969,-1
21676849,"Aha, vama bosancima je podjelio mirovine da možete bolje glasat za adeze..",0,608969,-1
21677091,"Ima osnove da baza sa promjenjenim propalim staničjem, odnosno iz raznih razloga nastalo nekrotično tkivo, često bude i podloga kancera..ali ne svih. ",0,608704,-1
21677547,Jovica u transu ;),0,608930,-1
21677642,Ova da smrsa malo i dotjera se bila bi druga bacicka (naravno da treba prvo zaraditi novac za to). I ona slicno pocela 😄,0,608930,-1
21625276,"Ujkani, osvrnite se oko sebe. Propada vam vaša NDH. Ljudi masovno bježe iz nje.",0,607742,-1
21656868,Ljudsko smece!,0,608464,-1
21723093,"Od ovih i ovakvih nacista i fašista ima još i gorih, a to su njihove sluge i kvislinzi u držvicam koje su okupirali, a to su oni koji su u ime ovih ubijali svoj narod te prodavali svoju državu drugima, kod nas Pavelići i njegove ustaše, ali na sreću doživjeli su poraz, a njihovi nasljednici ih danas rehabilitiraju pa čak i na vlasdt postavljaju !
 ",0,609777,-1
21723320,"Sve je to bila ista banda, ustaše, partizani, četnici... Različita ideologija provođena istim metodama, samo nešto drugačijih razmjera ovisno o raspoloživim kapacitetima i logistici za provedbu iste u to vrijeme. 
Sve su to bile militarističke, diktatorske ideologije i sustavi. 
Samo što su jedni od njih imali 45 godina za uvjeravanje da tomu nije tako.",0,609777,-1
21724951,"Messer... Prije Rimskih ugovora je bio Rapalski ugovor, tj. sporazum između Kraljevine SHS i Kraljevine Italije, potpisan 12. studenog 1920. u Rapallu, gradiću blizu Genove. Pregovori oko konačnog dokumenta trajali su tri dana, a njime su određene granice dviju država, dogovoreno je stvaranje Slobodne Države Rijeke te zajedničko nastupanje protiv svih pokušaja restauracije dinastije Habsburgovaca. A što je sve traženo možeš vidjeti u mome gornjem postu. Ovim tvojim ugovorom je samo potvrđen Rapalski ugovor te su mu dodani novi zahtjevi fašističke Italije.",0,609777,-1
21728400,Kad su cijelu stvar židovi i iskemijali.Da dobe svoju državu ....,0,609777,-1
21729772,"jeste se opet dali navuci na tanak led antifasista i fasista. A svi koji od vase zle srece imaju koristi, su oni isti koji su i onda i sada nastavili trpati u svoje dzepove. Ratovi se vode radi resursa , love , moci, monopolisti su vasi pravi krvnici. A oni ne idu s puskom u ruci, vec vas nasanjkaju",0,609777,-1
21746499,"kad foliranti padnu na nos, barem je jedan od njih u zatvoru",0,610294,-1
21588986,istina je da su mediji napuhali i izmislili da je lupao djevojci glavom o asfalt.. ne opravdavam nikakav oblik nasilja pogotovo prema njeznijem spolu.. ali znam da ga je djevojka napala i da je dobila samar.. a novinari su spremni nekome unistiti zivot samo da imaju bombastican naslov.. fuj.. smeca..,0,607109,-1
21589112,A možda su u šumi...,0,607074,-1
21589413,"Kaže se Kolhozi i Sovhozi i toga nema u modernoj Rusiji, a ni ne znaš što je to uopće. Kad si već spomenuo gorivo kako to da si zaboravio napisati da je tamo litra goriva 4 kn.",0,607084,-1
21589500,"Eto njega vanka
Sad žalba
Pristrana sutkinja
A samo joj je zalijepio šamar ",0,607109,-1
21639902,"Je, imamo mi dosta svojih j...ča što nas j..u u zdrav mozak",0,608100,-1
21645624,"Dali mislite da je pupavcu bilo do tok dečeca ili je jedva čekao da spomene katoličku crkvu i knjgu laž u jasenovcu?Neka si pročita pupavac knjigu mit o jasenovcu koja je pisana po arhivama iz srbije.Mržnja govora počela u sabornici za vrijeme milanoviće vlade i loše ponašanje zastupnika ko se može sjetiti unazad tako i narod gledajuči prijenos iz sabornice nastavio sa satirama.Ko se sječa govora pupavca usred sabornice usred zagreba kako vrijeđa hrvatsku i hrvate ,a sa strane stoji cijela milanovićeva vlada i gledaju niko ne veli niti a.Niko ništa nije pitao pupavca ,a pogledajte danas koda pupavc ima u hrvatskoj svoju privatnu policiju bace nekakvu jabuku na njega odmah uhvate počinitelja dečec postavi nekakvu sliku četnika i odmah uhvate dečeca,koda pupavac štiti četnike ,a u vukovaru nemogu pohvatati agresore hrvatske koji su došli iz srbije i hoodaju po vukovaru i okolici gdje je tu zdrav razm i lokika nekome ovako nekome onako nisu isti kriteriji za sve puno toga treba mjenjati u zakonu da je zakon za sve isti.",0,608356,-1
21589190,"A gdje su slike ljevičari i slike četnika. Ha kako ste prozirni sa tim četničkim i komunističkim forama. Pupovca nema, Pusićke nema, Stazića nema, Jovanovića nema, Milano ića nema, Stanimirovića nema, Obersnela nema, Opačićke nema, Bernadića nema, Mesića nema, Marasa nema. Dakle nema onih koji otvoreno mrze Hrvatsku, Katoličku crkvu i Nas Hrvate Katolike a nas Hrvata Katolka je po posljednjem popisu stanovništva u Hrvatskoj bilo 90%,dakle oni otvoreno mrze Hrvatsku naciju i nitko ih ne stavlja na popis. ",0,607068,-1
21639292,"delaware, ja nisam uopće spominjao hrvate nego samo ustašofile i promotere ustaštva i zločinačke nezavisne tvorevine, a to što ti vrijeđaš sve hrvate tako što ih izjednačavaš sa ustaškom gamadi divoljno govori o tebi.",0,608038,-1
21649668,"Loana,u pravu ste.Dojenoj djeci do 6 mj.starosti daje se samo D vitamin.C vitamin(bolje uzimati limun a ne kemiju) je i jak alergen.To je jedan od razloga da se kasnije uvodi po preporuci pedijatra.",0,608350,-1
21650236,"HDZ je davno skrenuo lijevo da ljevije nemože. Jedino se kontinuirano drži puta kojeg se drže svi političari, a to je lopovluk.",0,608445,-1
21609034,"Mislio sam isprobati , ali me strah da se u trenutku pomračenja uma neučlanim u Hdz ili Sdp . I jbg ona !",0,607450,-1
21710035,"Po tebi najbolje da nam državu vodi C vitamin i da svi lijepo odemo u tri lijepe... Razuma malo, ili barem objektivnosti",1,609719,-1
