content,label,id,article_id,score
Normalno da pričam o sebi.neću valjda o drugima pričati na portalu s ljudima kojih i ne poznajem,0,21621169,607569,-1
A ti si taj koji ih krade.,0,21654987,608509,-1
"Jedno je imat malo špekeca, oblina, nekih 10 kila viška, to kod žena može biti i sexy ali 30,40 i više kila je čista neodgovornost, nebriga i nema izgovora, niti genetika niti ništa jer se prehranom sve može regulirat a da nisi gladan. Dokaz su ovi iz ""života na vagi"", godinama se bore debljinom i onda kad promjene prehranu, nakon što smršave treningom više ne žele, ne paše im nezdrava hrana i super im je. :) ",0,21626695,607816,-1
"Riki odustani, siliš se sa ""humorom""...",0,21611852,607646,-1
Koga zaboli....,0,21600942,607364,-1
"@ak47, ++++++++++++++++++++++++++++++++++++++++++++++++++++++++++++++",0,21638503,608141,-1
"Ozbiljni i stručni ljudi su svi naši piloti borbenih zrakoplova,te tehničke službe u održavanju istih ti ljudi su spremni i sposobni sačuvati operativnost borbenog zrakoplovstva u RH naravno ako im se uspiju osigurati zrakoplovi. ",0,21618849,607751,-1
Imam osjecaj i da su Rusi upleteni u ovaj slucaj.,0,21649689,608432,-1
"Brige su samo virtualne, ako ih brigaš ne budu zato nestale, odnosno uzrok briga, ako prestaneš brigat onda nema briga hehe Exaj 2-3 deci i malo drijemni i to je to :) ",0,21591431,606731,-1
dok god se budu donoslie ovakve presude neće nam biti dobro,0,21621190,607819,-1
"velist, malo mučni glavom.",0,21649136,608350,-1
"Kasnite,gače nam je skinuo Sanader!",0,21643691,608195,-1
"Vjerujem da moćna ima oči i da se šali, sprda čak!.......",0,21667483,608806,-1
Tuđman je imao 69 kada je postao predsjednik.,0,21607232,607520,-1
"Uh, dobro je, neka su ih po prstima, jer ovim je tekstom NB opasno narušio Bujančev imidž akademika i erudita. Bljuje mi se.",0,21620862,607819,-1
Neka tu vidovitosti prouci sudsku praksu u Hrvatskoj. Ovo je nenormalna kazna za teske tjelesne ozljede,0,21652228,608474,-1
"Ljudi, nismo ni svjesni koliko smo sretni sto smo zdravi. ",0,21615624,607438,-1
Ajme šta me steglo kad san procita ovo.Boze daj snage roditeljima,1,21655499,608570,-1
"Nakon 600 god. sa Slobom na čelu izgubljenu bitku na Kosovu slave kao pobedu. Zanimljivo, srbi nešto slave kada nisu ni postojali. Postojao je netko drugi ali neće da priznaju. Bitku na Kosvu vodili su Rašani a ne srbi. Njihovo laganje dovelo ih je dotle da su u velikim nedaćama. Ostali su sami napušteni od svih. 90-ih god. vode 4. rata jer nema više tuđih grbača da dobro žive na njima kao od 1918 - 1990 god. JNA (srpska vojska) bila je četvrta sila Europe dok su je financirali Hrvati. A njihova vojska koju sami financiraju - štrajka. Njihov 100-godišnji plan završio je u VC školjki i voda ga odnijela. Sebi ne mogu doći što su su si učinili. Interesantno,  jako obrazovani od kada postoji tajna agencija za prodaju diploma, od vozača kamiona i autobusa do fakulteta (bivši im predsednik Nikolić kupio diplomu) i danas peče rakiju.",0,21642476,608163,-1
Opet o njemu,0,21596666,607239,-1
Ne vozi Moreno nikakvo auto....on jedva da skupi za kineski skuterčić ....... nema toliko pet ambalaže da bi se skupilo za auto.,0,21661910,608737,-1
"a nazalost znam te ..jesi ti dobro,sve ok",0,21647004,608205,-1
Ko ti je kriv sto si hobit heheh.,0,21655901,608565,-1
"Ma ne,kakva legenda!Stvarno odlazi sve šta imalo vrijedi od Hrvata!Ostale ljudske bijede i hulje skupa sa mnom i korumpirana pljačkaška,dilerska policija",0,21601419,607359,-1
"Gavava znas sta bi Rubigo....zbrisao kao zec. Sestro u krevetu sam vec, sutra cu je poslusati da ne budim susjeda. Dosta mu je shokova ljeti sa mojim bazenom.😂😂😂😂😂😂😂😂😂😂😂😂",0,21613106,607596,-1
"sretna nova ! puno sreće, zdravlja , siguran posao, plaće , mirovine .. neka se ostvare sve želje koje ste si zaželjeli...",0,21589167,607096,-1
"deleted, udana sam u Dalmaciju već preko 30 god,došla iz Zg-a u jedno malo misto na obali, ovo o čemu vi pričate možda je bilo 50-tih godina ali u svim manjim mjestima u Hrvatskoj. Ne znam gdje ste vi odrastali, Dalmatinci jesu temperamentniji ali u smislu druženja, šale,pjesme.U ovom mistu di sam udana svako, ali svako jutro žene lipo opreme spizu u dućanu ( većina ih je umirovljenica) i nakon toga sidnu u kafić na kavicu i razgovor.Kad se lipo izguštaju, svaka svojoj kući. Masu puta sam vikendom popila sa prijama kavicu a muž bi pristavio ručak dok se ja vratim.Nikad u ovih 32 godine nisam vidila ništa od ovog o čemu vi pišete",0,21608156,607294,-1
vidi vidi.. znas i njemacki… ja mislio neka seljacina… ,0,21620204,607800,-1
Nije nas rat ništa naučil pa se roditelji igraju i kupuju sami djeci bedastoče,0,21607763,607503,-1
Nije bez razloga priznao krivnju.Sad ce dobit mjesec dana zatvora koje je vec odgulio.A za visak dana provedenih u prizvoru morat ce mu se javno ispricat.Jadna nam drzava ,0,21648721,608407,-1
To sam i ja pomislila hahahha. Prva bi da ju vidim zamolila za fotku hahhaa i onda na viber svima hahahahah,0,21650885,608382,-1
"I svrab, jel te čoha",0,21668633,608773,-1
počivaj u miru,0,21619853,607801,-1
Meni ovo samo govori koliko se on daje u nogomet i koliko je posvecen. Jednostavno i nazalost mu man utd nije legao i tjt. On je više za klubove koji su autsajderi i igraju na kontre,0,21661708,608713,-1
hahaha paima on pjesmu ja nisam vaš hahaha,0,21597967,607276,-1
"Hrvati da bi izašli iz one usr... države i gdje je žele dobiti svoj dio jer su uvidjeli da ih pokvareni naumi Bošnjaka želi majorizirati moraju tražiti spas u Srbima.Hrvati u BiH su došli na onu izreku ""neprijatelj moga naprijatelja je prijatelj""..",0,21646893,608388,-1
600.000 dolara u to vreme nudio Juve za njega ali mu nisu dali da ode. Kazu da je bio jako izrevoltiran zbog toga i na jednoj tekmi domaceg prvenstva je osamario sudiju i dobio zabranu igranja godinu ipo. Da li je sudija dobio sljagu zbog toga ili ne ko ce ga znati ali u to vreme 600 soma dolara je bila bajkovita cifra.,0,21615503,607722,-1
"ne znam tko je ovaj decko ali bas izgleda opasno. ima cak i tetovaze koje kao da govore ""ja nisam osoba s kojom se mozes salit ja sam opasan""",0,21622873,607818,-1
"Teško da je to bila petarda, bengalka prije, zabranom nikaj nemreš postić jedino ak zabraniš proizvodnju i uvoz aj bok",0,21604476,607462,-1
Doro novi poso je dobio pisete nebitne stvari ali jel dobio novi auto alo,0,21618069,607768,-1
"IZrađujem više od 9 tisuća dolara mjesečno radeći skraćeno radno vrijeme.Čula sam da mi drugi ljudi govore koliko novca mogu zaraditi na internetu, pa sam odlučio da ga pogledam.Pa,počinjem raditi i potpuno mijenjam svoj život.

====>>>> www.WebJob33.Com",1,21636381,608174,-1
"Vidiš li između džamije i noža? Imigranata s bliskog istoka i njihovog otkrića alkohola? Imaš toga u Zagrebu, pa pogledaj si ih malo.",0,21593965,607194,-1
"plenky,šta je sa isplatom mirovina...biće nima šoldi...",0,21643697,608195,-1
"Najbolji su mi ovi što po izgledu procjenjuju seksualnu orjentaciju bilo koga. A kad na osnovu izgleda još procjenjuju karakter osobe, bljuje mi se.",0,21612575,607596,-1
Ode još jedan SDPJ-ov zakon kojeg je zoka morao uvesti na zahtjev sponzora njegove izborne kampanje. Tako je to kada uzimate kredit za kampanju u bankama. Tko zna što bi bilo da je uzeo kod mafijaša!?,0,21615045,607479,-1
tko je opće uveo da strankama ide novac iz proračuna? zakon je djelo hdz-a. ,0,21723068,609953,-1
"Sreco moja znam, znam😂😂",0,21673777,608517,-1
pošto si mu zavidan daj ti veće nagrade pa ce se o tebi pricati a ne o njemu,0,21626332,607895,-1
Bijelo vino cisti crno -dokazano,0,21594266,606682,-1
pernar nije doktor  nego šama!!!!!!!!!,0,21647161,608366,-1
