id,content,label,article_id,score
21604074,"kakve ti gluosti provaljuješ davide.. Duvnjak u klubu igra po 60 min utakmice, jedino koji ne dobije ni minutu odmora.. o kakvom šparanju i doziranju ti pričaš? Ove ozljede su upravo razlog tome što nije šparan i doziran",0,607334,-1
21626550,Kakav je to ugovor gdje nema penala kad ga netko ne ispostuje?,0,607922,-1
21620056,Teško promašiti)),0,607713,-1
21594362,"Daleko su oni, za to je zaduzena vlada i Kukundzic, zemlja velicine velegrada tamo. Ali izgleda rade aljkavo",0,607200,-1
21599530,Baš je mulj taj spicek,1,607329,-1
21593752,"Pojava je Fedex...Lice ko stvoreno za karikaturu :))) Neka ga još,neka igra..",0,607172,-1
21628213,"Popovi pri blagoslovu domova i ove godine dijele kalendare sa likom Ivana Pavla drugog... kao i pretprošle (bar je tako u jednoj Zg gradskoj četvrti)... pa je za zapitati se zašto ne dijele kalendare sa likom ovog Pape, vjerojatno najboljeg Pape u povijesti? Zato što ovaj osuđuje pedofiliju dok to Ivan Pavao nije činio?",0,607997,-1
21639623,može.ona.do.kojeg.boda.do.kraja.sezone,0,608228,-1
21592225,Fizički izgled njezine osobe u ovom slučaju nije važan. Kako kaže rimska poslovica da se o ukusima ne raspravlja.,0,607169,-1
21612944,On i 199 drugih su stvorili temelje ove danasnje Hrvatske !!!,0,607671,-1
21642292,"prvi polusvijet nepromišljen,  i lakom sigurno, i s lošim radarom, ali drugi polusvijet ti da puuno više nego čega si se bojala... ne znam zašto je to tako teško shvatiti.. ",0,608261,-1
21602006,Mirko je malo učeniji,0,607370,-1
21601957,"Vidiš na njenom profilu da je iz Mumbaija, dakle - Indija.",0,607296,-1
21633467,Ali nema snijega na tim skijalištima,0,608029,-1
21603093,"Izrađujem više od 7 tisuća dolara mjesečno radeći skraćeno radno vrijeme. Čula sam da mi drugi ljudi govore koliko novca mogu zaraditi na internetu, pa sam odlučio da ga pogledAm. Započela sam sada i promijenila svoj život.

➨➨➨➨ www.WebJob33.Com",1,607411,-1
21614761,"Rubigo, ne😂 nego trazit Hotica i Zahovica😂😂😂",0,607038,-1
21663626,"Pa Bićanić ne bi bio ni pozvan da je Mamić zdrav,a Sliskovic je prebolio mononukleozu ako se ne varam i tek se vraća rukometu...a sto je s Mandalinicem i zašto on nije pozvan?",0,608754,-1
21662167,"dotičnog Dolačkog su dileri odavno optuživali da ""maže"" zaplijenjenu lovu samo što ga je SDP vrlo dobro štitio...",0,608685,-1
21624091,I SAD se vidjelo koji su to muljatori bez obraza.,0,607860,-1
21658055,brzi i žestoki 8 dioo!!! malo bolja kamera i evo...za Oscara,0,608613,-1
21617051,Parazit..,0,607438,-1
21627638,politička korupcija?.... nemoguće.... to je u ovooj zemlji naprosto nemoguće.. s obzirom na institucije i sudove,0,607959,-1
21608866,"@IvanaMiljutin -  eto pa ti znaš. Ako žena hoće nasilnika, neka joj ga, njen izbor. Ako hoćeš promjenu šalji pismo Vladi neka mijenja zakon. Samo kod nas ti zakon nalaže da pomogneš, a s druge strane apsolutno te ograničava da se prib time možeš braniti. Kao što rekoh, šalji pismo Vladi.",0,607453,-1
21631975,"Možda je nekome zasmetalo kako ga je parkirala i blokirala nogostup, a zna se da pauk ne diže ""viđenijim"" ljudima?",0,608012,-1
21597710,"Kad je tribalo uc u NATO lipo nas je lagalo da smo sikuri i da nan niko nista ne moze jer smo pod kisobranom najviseg svitskog agresora, a sada je tribalo kupiti krntije od aviona kako bi se neko na tome obogatija i pokra ovaj prevareni i vec toliko puta pokradeni narod. Ma zna san ja cim je tu ukljucen Prsticevic nema tu kruva.  Dali coviku da kupuje avione, a on ni recenicu do kraja ne more izgurat taman ka da je karamarko, ha,ha,ha,ha,ha,ha",0,607272,-1
21592116,"...vrela sam,neznam sta pišem...vruce mi je u srcu i tijelu,kao novogodišnja jelka sam:-))",0,606444,-1
21594760,Jedino solna kiselina...,0,607026,-1
21657117,"zato ja i kažem da je Fed  teniski umjetnik, a Nadal drvosječa... ",0,608593,-1
21627028,"Pravo katolibansko vjersko ovcija retorika. ""Ti si isto glup"" hahahahahah kakvi moroni btj...",0,607950,-1
21686981,"Kakvu ""našu"" Slavoniju? Od kad je Slavonija ubosni? Ste učili zemljopis pod bukvama tamo?",0,609260,-1
21638025,a alfa nista a nema smisla 😒😒😒😒,0,607970,-1
21603064,"Ovo je seksistički prema muškarcima, jer podrazumijeva da se muškarci i kad su trijezni neoprezno upuštaju u seksualne odnose, a žene samo kad su pijane!!",0,607423,-1
21627520,"hrvoje horvat ovo je online bot iz hdz troll zajednice, tako da ne ocekuj nikakav odgovor",0,607924,-1
21632541,A prica se da su mu radili sranja svakava.,0,608049,-1
21653312,"Jedna od najvecih prevara u povijesti nogometa,svi su nogometasi samo je Mandzo ratnik.",0,608530,-1
21594692,Komotno je mogao aplicirati za hrvatsko drzavljanstvo.,0,607213,-1
21599120,Svi su strucnjaci za sve ovdje sudeci prema komentarima uvijek. Stvarno je interesantno kako nismo u samom Europskom vrhu financijski s obzirom na ovoliki broj uspjesnih strucnjaka i poduzetnika.,0,607285,-1
21674365,"Ova prepiska je dokaz da ste fakat najgluplji. Ljudi iz cijelog svijeta nisu nimalo pogriješili. Dat će vam Luka k. što je zabio gol, a vi i dalje prodajite boce sirotinjo. . Bok. ",0,608928,-1
21628225,Bojim se da je za HSS kasno pa da baš Beljak i ode. Previše je tu crnila.,0,607866,-1
21606719,"Rubigo slažem se,u 20tima je sex TOP,ovo sad je samo čista formalnost. 😁",1,607038,-1
21630587,Pa kaže da stalno pije.ne znam kome je to super,0,607976,-1
21618760,A za koga da kupujemo?  Od koga da se branimo kad imamo najviše napada iznutra tu avioni ne pomažu...prvo treba ustrojiti pravnu državu gospodo da se može goniti veleizdajnike i ratne profitere. One koji su od neovisne stvorili ovisnu državu koja čeka da dobije upuctva iz vana kad i za koliko novaca će se kupit neka stvar i koju proviziju. Narod odavno više ovdje ne odlučuje a niti korumpirani zastupnici koji lete kao pčele iz jednog cvijeta na drugi za osobni interes bez da budu procesuirani ili da netko odgovara osim u konačnici naivnih građana koji moraju greške plaćati sa kamatama.,0,607751,-1
21683486,po čemu dobar feeling?,0,607422,-1
21647697,Ebo te borg i hdz zajedno.....,0,608381,-1
21602614,"A ja bih ""bacio"" okladu da mali Oskar se NEĆE ni približiti NAČINU dječjeg života svoje majke !!! ",0,607317,-1
21607056,fuj.alkohol.opasan,0,607423,-1
21593340,a kaj onda kunski krediti idu u euro kredite to nije fer sve duplo placat zbog necih hirova,0,607184,-1
21605023,"Zgbzagreb.  Nism rekao da idu hrvati praviti probleme u Njemacku u suprotno. Idu za boljim zivotom. Zivim u Njemackoj od malena.  Nemam sa HR nista niti sam kada imao,ali vidim i dozivljavam one ljude sto dodu kod nas. Vjeruj  mi,dali bi sve da dobiu Njemacke papire i da im se zivot olaksa.",0,607475,-1
21611106,"Liverpool je poslije Reala i Milana najuspješniji klub u Europi.Kakvi Juve,Barca,Bajernn.....samo za informaciju",0,607533,-1
21607219,"Ušutkam svoj uredski posao i sada mi plaćaju 75 dolara po satu. Kako? Radim online! Moj stari posao činio me nesretnim, PA sam bio prisiljen pokušati nešto drugo. 4 godine kasnije mogu reći da je moj život u potpunosti.

➨➨➨ www.WebJob33.Com",0,607467,-1
